utc,last_modified,preset,n,dist,dist2,mode,bright,px,pxlo,edge,blob,blob2,bw,bh,fill,dom,dom2,cx,cy,bpk,bsat,bact,nblobs,blocks,vetoed,veto30,hit,bytes
2026-09-13 00:00:09,"Sun, 13 Sep 2026 00:00:05 GMT",12,1647,0.3,8.6,night,74.0,765,2604,6.66,7,4,4,4,0.44,0.25,0.5,0.548,0.963,180,0.0,0.266,15,28,0,4,0,149355
2026-09-13 00:00:58,"Sun, 13 Sep 2026 00:00:49 GMT",11,1664,0.8,8.8,night,22.8,553,1184,2.63,15,11,6,4,0.62,0.47,0.58,0.281,0.698,248,0.0,0.172,7,32,0,2,1,66169
2026-09-13 00:01:10,"Sun, 13 Sep 2026 00:01:04 GMT",14,2360,0.3,13.9,night,58.5,68,176,2.6,2,0,2,1,1.0,1.0,0.0,0.255,0.444,255,1.0,0.349,1,2,0,1,0,75448
2026-09-13 00:01:59,"Sun, 13 Sep 2026 00:01:50 GMT",18,1225,1.7,5.7,night,47.2,192,741,4.52,16,0,6,4,0.67,1.0,1.0,0.035,0.382,164,0.0,0.061,1,16,0,0,1,110553
2026-09-13 00:02:15,"Sun, 13 Sep 2026 00:02:04 GMT",18,1226,1.2,5.8,night,47.2,255,552,4.51,19,0,6,4,0.79,1.0,1.0,0.041,0.381,181,0.0,0.1,1,19,0,0,1,110100
2026-09-13 00:02:52,"Sun, 13 Sep 2026 00:02:51 GMT",12,1648,0.8,8.5,night,72.3,675,2496,6.62,5,5,4,5,0.25,0.22,0.5,0.485,0.926,185,0.0,0.213,11,23,0,1,0,147591
2026-09-13 00:03:09,"Sun, 13 Sep 2026 00:03:06 GMT",15,1762,0.9,8.9,night,71.9,237,1400,5.83,2,2,2,1,1.0,0.33,0.0,0.443,0.463,133,0.0,0.107,3,6,0,2,0,134310
2026-09-13 00:03:58,"Sun, 13 Sep 2026 00:03:50 GMT",11,1665,0.7,9.0,night,24.4,591,1130,2.93,10,9,4,4,0.62,0.26,0.31,0.518,0.385,27,0.0,0.219,10,38,0,3,0,80583
2026-09-13 00:04:14,"Sun, 13 Sep 2026 00:04:05 GMT",14,2361,0.9,13.9,night,61.7,164,332,2.72,5,3,3,3,0.56,0.56,0.62,0.271,0.43,255,1.0,0.194,3,9,0,1,1,80063
2026-09-13 00:04:51,"Sun, 13 Sep 2026 00:04:49 GMT",18,1227,1.2,5.9,night,47.3,309,753,4.46,16,4,10,3,0.53,0.76,0.8,0.949,0.947,179,0.0,0.06,3,21,0,0,0,110894
2026-09-13 00:05:03,"Sun, 13 Sep 2026 00:04:49 GMT",18,1228,0.8,5.9,night,47.3,242,470,4.46,15,1,10,3,0.5,0.94,1.0,0.946,0.947,179,0.0,0.116,2,16,0,0,0,110894
2026-09-13 00:05:15,"Sun, 13 Sep 2026 00:05:04 GMT",19,89,8.7,11.7,night,50.9,10282,22804,2.88,142,142,28,11,0.46,0.26,0.27,0.134,0.453,219,0.0,0.409,42,549,173,468,0,82357
2026-09-13 00:06:15,"Sun, 13 Sep 2026 00:06:06 GMT",15,1763,0.6,9.1,night,73.4,257,1065,5.9,2,1,2,1,1.0,0.4,0.0,0.391,0.481,125,0.0,0.297,4,5,0,1,0,136069
2026-09-13 00:06:56,"Sun, 13 Sep 2026 00:06:49 GMT",11,1666,0.7,9.0,night,22.9,579,1192,2.74,13,11,4,5,0.65,0.33,0.35,0.296,0.692,254,0.15,0.211,6,39,0,6,0,67709
2026-09-13 00:07:08,"Sun, 13 Sep 2026 00:07:04 GMT",14,2362,0.5,13.9,night,58.4,105,228,2.6,5,1,3,3,0.56,0.71,1.0,0.265,0.433,255,0.6,0.269,3,7,0,1,0,75905
2026-09-13 00:08:01,"Sun, 13 Sep 2026 00:07:51 GMT",18,1229,0.6,6.2,night,48.6,176,663,4.54,14,0,9,3,0.52,1.0,1.0,0.949,0.946,45,0.0,0.169,1,14,0,0,0,112400
2026-09-13 00:08:13,"Sun, 13 Sep 2026 00:08:09 GMT",8,1800,0.6,8.1,night,75.0,211,1761,5.84,1,1,1,1,1.0,0.5,0.0,0.958,0.907,96,0.0,0.06,2,2,0,0,0,139540
2026-09-13 00:09:03,"Sun, 13 Sep 2026 00:08:51 GMT",12,1649,0.3,8.7,night,73.8,736,2499,6.71,5,3,3,4,0.42,0.17,0.45,0.383,0.844,186,0.0,0.105,18,29,0,1,0,149493
2026-09-13 00:09:15,"Sun, 13 Sep 2026 00:09:06 GMT",15,1764,0.4,9.1,night,73.4,109,751,5.91,0,0,1,1,0.0,0.0,0.0,0.0,0.0,0,0.0,0.0,0,0,0,0,0,136199
2026-09-13 00:09:56,"Sun, 13 Sep 2026 00:09:49 GMT",14,2363,0.4,13.9,night,58.5,110,201,2.62,4,4,2,3,0.67,0.5,0.5,0.268,0.444,255,1.0,0.29,2,8,0,1,0,75382
2026-09-13 00:10:08,"Sun, 13 Sep 2026 00:10:04 GMT",14,2364,0.4,13.9,night,59.8,158,264,2.68,6,3,3,3,0.67,0.6,0.67,0.26,0.577,255,0.5,0.158,3,10,0,2,1,78008
2026-09-13 00:10:56,"Sun, 13 Sep 2026 00:10:50 GMT",18,1230,0.7,5.7,night,47.0,137,427,4.45,11,0,8,3,0.46,1.0,1.0,0.949,0.949,43,0.0,0.219,1,11,0,0,0,109737
2026-09-13 00:11:08,"Sun, 13 Sep 2026 00:11:05 GMT",8,1801,0.7,7.8,night,73.1,101,1052,5.78,1,0,1,1,1.0,1.0,0.0,0.333,0.148,124,0.0,0.06,1,1,0,0,0,138060
2026-09-13 00:12:02,"Sun, 13 Sep 2026 00:11:50 GMT",15,1765,0.6,9.0,night,71.4,306,1155,5.79,3,3,3,1,1.0,0.2,0.5,0.75,0.889,158,0.0,0.122,8,15,0,0,0,134532
2026-09-13 00:28:11,"Sun, 13 Sep 2026 00:28:04 GMT",18,1231,3.4,8.8,night,57.2,420,3620,4.88,2,1,2,1,1.0,0.5,0.0,0.911,0.963,56,0.0,0.266,3,4,0,0,0,123141
2026-09-13 00:28:59,"Sun, 13 Sep 2026 00:28:50 GMT",8,1802,0.8,7.8,night,73.0,807,2544,5.74,42,2,6,10,0.7,0.91,1.0,0.631,0.528,150,0.0,0.077,4,46,0,0,1,137647
2026-09-13 00:29:10,"Sun, 13 Sep 2026 00:29:06 GMT",12,1650,0.3,8.5,night,73.7,675,2648,6.66,8,3,4,5,0.4,0.44,0.73,0.492,0.931,189,0.0,0.215,8,18,0,3,0,149634
2026-09-13 00:30:02,"Sun, 13 Sep 2026 00:29:49 GMT",17,117,2.3,8.1,night,32.3,1384,4526,2.16,33,7,25,3,0.44,0.72,0.82,0.139,0.506,126,0.0,0.381,8,46,56,96,0,69258
2026-09-13 00:30:13,"Sun, 13 Sep 2026 00:30:05 GMT",11,1667,0.6,9.0,night,25.4,325,968,2.89,11,6,4,4,0.69,0.55,0.55,0.239,0.411,255,0.82,0.191,3,20,0,3,1,80811
2026-09-13 00:31:00,"Sun, 13 Sep 2026 00:30:49 GMT",14,2365,0.3,13.9,night,59.8,106,236,2.64,4,1,3,2,0.67,0.67,1.0,0.258,0.579,255,0.75,0.22,3,6,1,3,0,77036
2026-09-13 00:31:16,"Sun, 13 Sep 2026 00:31:05 GMT",18,1232,1.5,5.7,night,46.1,58,953,4.43,3,1,2,2,0.75,0.75,1.0,0.181,0.346,176,0.0,0.06,2,4,0,0,1,109676
2026-09-13 00:32:03,"Sun, 13 Sep 2026 00:31:50 GMT",8,1803,0.9,8.3,night,76.5,153,1631,5.89,0,0,1,1,0.0,0.0,0.0,0.0,0.0,0,0.0,0.0,0,0,0,0,0,141229
2026-09-13 00:32:19,"Sun, 13 Sep 2026 00:32:05 GMT",12,1651,0.3,8.6,night,73.4,586,2464,6.66,3,2,2,3,0.5,0.27,1.0,0.274,0.852,185,0.0,0.146,8,11,0,1,0,148263
2026-09-13 00:32:54,"Sun, 13 Sep 2026 00:32:49 GMT",11,1668,0.6,9.0,night,24.8,310,885,2.78,10,10,4,3,0.83,0.43,0.43,0.238,0.407,255,0.2,0.246,3,23,0,4,0,78804
2026-09-13 00:33:06,"Sun, 13 Sep 2026 00:33:04 GMT",11,1669,0.6,8.7,night,24.6,326,639,2.8,14,7,5,4,0.7,0.58,0.67,0.281,0.72,227,0.0,0.232,4,24,0,9,0,79098
2026-09-13 00:33:57,"Sun, 13 Sep 2026 00:33:50 GMT",64,79,3.5,12.0,night,50.5,2874,8010,2.85,108,49,28,6,0.64,0.63,0.65,0.419,0.441,244,0.0,0.231,8,171,31,109,0,95688
2026-09-13 00:34:09,"Sun, 13 Sep 2026 00:34:05 GMT",18,1233,1.0,5.7,night,46.3,31,490,4.45,0,0,1,1,0.0,0.0,0.0,0.0,0.0,0,0.0,0.0,0,0,0,0,0,109813
2026-09-13 00:35:09,"Sun, 13 Sep 2026 00:35:05 GMT",12,1652,1.6,9.3,night,68.2,321,1868,6.52,2,1,1,2,1.0,0.5,0.0,0.271,0.861,158,0.0,0.237,3,4,0,0,0,141136
2026-09-13 00:35:56,"Sun, 13 Sep 2026 00:35:49 GMT",11,1670,0.6,8.8,night,24.3,334,674,2.75,8,8,5,2,0.8,0.36,0.36,0.233,0.398,255,0.62,0.285,3,22,0,9,0,76183
2026-09-13 00:36:07,"Sun, 13 Sep 2026 00:36:04 GMT",11,1671,0.4,8.8,night,24.4,178,491,2.74,5,4,3,4,0.42,0.56,0.56,0.238,0.415,255,0.8,0.319,2,9,0,7,0,76487
2026-09-13 00:36:54,"Sun, 13 Sep 2026 00:36:50 GMT",18,1234,5.5,11.0,night,66.6,220,11863,4.99,1,1,1,1,1.0,0.33,0.0,0.917,0.315,34,0.0,0.06,3,3,0,0,0,124144
2026-09-13 00:37:18,"Sun, 13 Sep 2026 00:37:05 GMT",18,1235,2.1,6.1,night,47.4,1,290,4.49,0,0,1,1,0.0,0.0,0.0,0.0,0.0,0,0.0,0.0,0,0,0,0,0,111029
2026-09-13 00:37:53,"Sun, 13 Sep 2026 00:37:51 GMT",12,1653,0.5,8.6,night,73.4,147,1393,6.72,1,0,1,1,1.0,1.0,0.0,0.396,0.87,187,0.0,0.111,1,1,0,0,0,150098
2026-09-13 00:38:17,"Sun, 13 Sep 2026 00:38:06 GMT",12,1654,0.4,8.6,night,73.2,73,863,6.7,0,0,1,1,0.0,0.0,0.0,0.0,0.0,0,0.0,0.0,0,0,0,0,0,149821
2026-09-13 00:39:32,"Sun, 13 Sep 2026 00:39:04 GMT",141,49,3.6,11.0,night,22.8,3788,6616,1.78,61,25,42,3,0.48,0.56,0.62,0.422,0.568,205,0.0,0.393,13,109,159,239,0,51659
2026-09-13 00:39:56,"Sun, 13 Sep 2026 00:39:50 GMT",18,1236,1.4,6.1,night,47.4,12,163,4.48,0,0,1,1,0.0,0.0,0.0,0.0,0.0,0,0.0,0.0,0,0,0,0,0,110847
2026-09-13 00:49:19,"Sun, 13 Sep 2026 00:49:06 GMT",8,1804,0.4,8.1,night,74.7,87,1151,5.82,1,0,1,1,1.0,1.0,0.0,0.854,0.204,154,0.0,0.06,1,1,0,0,0,139555
2026-09-13 00:50:00,"Sun, 13 Sep 2026 00:49:51 GMT",12,1655,0.8,8.5,night,71.5,1164,3177,6.6,12,12,6,6,0.33,0.18,0.23,0.423,0.864,187,0.0,0.167,18,66,0,3,0,146286
2026-09-13 00:50:16,"Sun, 13 Sep 2026 00:50:05 GMT",15,1766,0.6,8.9,night,71.2,472,1645,5.85,3,3,1,3,1.0,0.14,0.5,0.667,0.87,154,0.0,0.06,11,21,0,0,0,133867
2026-09-13 00:50:53,"Sun, 13 Sep 2026 00:50:50 GMT",14,2366,0.6,13.9,night,58.0,94,219,2.58,2,2,1,2,1.0,0.5,0.0,0.271,0.435,255,0.5,0.361,2,4,1,3,0,75011
2026-09-13 00:51:17,"Sun, 13 Sep 2026 00:51:05 GMT",14,2367,0.4,13.9,night,57.8,99,191,2.56,3,3,2,2,0.75,0.5,0.5,0.267,0.432,255,0.33,0.286,2,6,1,5,0,74647
2026-09-13 00:51:53,"Sun, 13 Sep 2026 00:51:50 GMT",18,1237,1.1,6.0,night,47.3,82,984,4.52,3,0,3,1,1.0,1.0,1.0,0.604,0.5,226,0.0,0.06,1,3,0,0,1,111242
2026-09-13 00:52:29,"Sun, 13 Sep 2026 00:52:05 GMT",8,1805,0.7,7.7,night,72.5,268,1454,5.75,3,1,1,3,1.0,0.5,1.0,0.875,0.944,112,0.0,0.161,4,6,0,0,0,137750
2026-09-13 00:52:54,"Sun, 13 Sep 2026 00:52:50 GMT",15,1767,1.5,9.4,night,67.8,290,1261,5.7,2,1,1,2,1.0,0.4,0.0,0.75,0.898,162,0.0,0.192,4,5,0,0,0,126983
2026-09-13 00:53:19,"Sun, 13 Sep 2026 00:53:05 GMT",15,1768,1.1,9.5,night,67.8,200,979,5.71,2,1,1,2,1.0,0.5,0.0,0.75,0.898,156,0.0,0.24,3,4,0,0,0,127047
2026-09-13 00:54:20,"Sun, 13 Sep 2026 00:54:04 GMT",14,2368,0.4,14.0,night,57.3,98,213,2.62,4,1,3,3,0.44,0.8,1.0,0.263,0.444,255,0.75,0.29,2,5,1,3,0,76525
2026-09-13 00:55:04,"Sun, 13 Sep 2026 00:54:51 GMT",8,1806,0.8,8.4,night,76.2,291,1615,5.77,1,1,1,1,1.0,0.1,0.0,0.865,0.926,93,0.0,0.06,10,10,0,0,0,137525
2026-09-13 00:55:20,"Sun, 13 Sep 2026 00:55:06 GMT",8,1807,0.8,7.9,night,72.8,264,1281,5.79,8,2,5,3,0.53,0.57,1.0,0.658,0.412,218,0.0,0.071,6,14,0,0,1,138174
2026-09-13 00:55:57,"Sun, 13 Sep 2026 00:55:50 GMT",15,1769,0.8,9.0,night,72.2,337,1291,5.92,2,1,2,2,0.5,0.22,0.0,0.714,0.935,167,0.0,0.166,8,9,0,0,0,136476
2026-09-13 00:56:09,"Sun, 13 Sep 2026 00:56:06 GMT",15,1770,0.6,9.0,night,72.3,272,1211,5.95,4,3,3,2,0.67,0.4,0.57,0.716,0.875,145,0.0,0.086,4,10,0,0,0,136490
2026-09-13 00:57:09,"Sun, 13 Sep 2026 00:57:04 GMT",14,2369,0.4,13.9,night,59.4,105,202,2.61,2,2,1,2,1.0,0.33,0.0,0.271,0.435,248,0.0,0.469,4,6,1,4,0,76518
2026-09-13 00:57:58,"Sun, 13 Sep 2026 00:57:51 GMT",8,1808,2.2,8.9,night,74.1,2272,4247,5.75,149,4,20,13,0.57,0.93,0.96,0.739,0.862,156,0.0,0.061,7,160,0,0,0,136533
2026-09-13 00:58:10,"Sun, 13 Sep 2026 00:58:06 GMT",8,1809,0.9,7.7,night,72.8,182,1993,5.74,1,1,1,1,1.0,0.5,0.0,0.896,0.907,109,0.0,0.06,2,2,0,0,0,137508
2026-09-13 00:58:55,"Sun, 13 Sep 2026 00:58:50 GMT",15,1771,0.6,8.8,night,72.8,298,1530,5.91,2,1,2,2,0.5,0.25,0.0,0.068,0.88,114,0.0,0.06,7,8,0,1,0,135883
2026-09-13 00:59:11,"Sun, 13 Sep 2026 00:59:04 GMT",17,118,1.4,7.9,night,33.7,860,3698,2.52,5,4,5,1,1.0,0.45,0.56,0.021,0.519,77,0.0,0.391,4,11,44,54,0,76693
2026-09-13 01:00:11,"Sun, 13 Sep 2026 01:00:04 GMT",14,2370,0.8,13.7,night,56.5,76,143,2.54,2,1,1,2,1.0,0.67,0.0,0.271,0.435,242,0.0,0.501,2,3,1,3,0,73546
2026-09-13 01:00:59,"Sun, 13 Sep 2026 01:00:50 GMT",8,1810,2.2,8.7,night,74.0,1159,2756,5.85,68,2,11,10,0.62,0.94,1.0,0.55,0.423,206,0.0,0.069,4,72,0,0,1,138138
2026-09-13 01:01:12,"Sun, 13 Sep 2026 01:01:06 GMT",8,1811,1.1,8.3,night,73.7,926,2244,5.83,62,1,11,11,0.51,0.98,1.0,0.532,0.415,196,0.0,0.11,2,63,0,0,1,138047
2026-09-13 01:02:58,"Sun, 13 Sep 2026 01:02:50 GMT",14,2371,0.5,13.9,night,59.6,121,238,2.63,4,1,4,2,0.5,0.57,1.0,0.182,0.569,231,0.0,0.075,4,7,1,3,1,76975
2026-09-13 01:03:23,"Sun, 13 Sep 2026 01:03:05 GMT",64,80,2.6,12.5,night,49.5,749,2877,3.46,21,6,15,3,0.47,0.54,0.55,0.378,0.473,249,0.0,0.321,5,39,17,36,0,97812
2026-09-13 01:04:00,"Sun, 13 Sep 2026 01:03:51 GMT",8,1812,1.1,7.7,night,72.8,761,2068,5.71,37,4,7,9,0.59,0.84,0.9,0.528,0.428,189,0.0,0.169,5,44,0,0,1,137941
2026-09-13 01:04:13,"Sun, 13 Sep 2026 01:04:05 GMT",12,1656,1.4,9.2,night,68.3,547,2422,5.9,7,2,4,6,0.29,0.47,1.0,0.266,0.886,157,0.0,0.199,8,15,0,3,0,126509
2026-09-13 01:04:54,"Sun, 13 Sep 2026 01:04:50 GMT",15,1772,1.6,9.3,night,67.9,1242,2735,5.78,42,21,14,7,0.43,0.58,0.61,0.497,0.125,255,0.02,0.06,6,72,0,0,1,127037
2026-09-13 01:05:30,"Sun, 13 Sep 2026 01:05:05 GMT",11,1672,0.7,9.6,night,24.9,370,839,2.83,13,5,6,5,0.43,0.59,0.62,0.292,0.687,255,0.23,0.253,4,22,0,9,0,79632
2026-09-13 01:05:58,"Sun, 13 Sep 2026 01:05:49 GMT",14,2372,0.6,13.7,night,56.4,76,184,2.56,2,1,1,2,1.0,0.5,0.0,0.271,0.454,255,0.5,0.321,3,4,1,3,0,73923
2026-09-13 01:06:11,"Sun, 13 Sep 2026 01:06:05 GMT",18,1238,3.6,9.1,night,58.5,585,3023,4.99,14,10,5,5,0.56,0.4,0.45,0.316,0.31,195,0.0,0.06,7,35,0,0,0,119733
2026-09-13 01:07:00,"Sun, 13 Sep 2026 01:06:50 GMT",8,1813,1.6,8.4,night,76.6,1416,3340,6.07,91,1,11,15,0.55,0.98,1.0,0.496,0.388,178,0.0,0.128,3,93,0,0,1,142289
2026-09-13 01:07:12,"Sun, 13 Sep 2026 01:07:06 GMT",12,1657,0.7,8.4,night,73.3,956,2958,6.71,7,4,3,4,0.58,0.17,0.28,0.314,0.905,193,0.0,0.24,19,42,0,5,0,148904
2026-09-13 01:08:05,"Sun, 13 Sep 2026 01:08:04 GMT",11,1673,1.0,9.5,night,22.2,362,776,2.66,7,6,3,3,0.78,0.35,0.41,0.21,0.709,255,0.43,0.238,5,20,0,5,0,66240
2026-09-13 01:08:17,"Sun, 13 Sep 2026 01:08:04 GMT",11,1674,0.7,9.5,night,22.2,258,597,2.66,6,5,3,3,0.67,0.4,0.55,0.212,0.71,255,0.5,0.283,4,15,0,6,0,66240
2026-09-13 01:08:53,"Sun, 13 Sep 2026 01:08:50 GMT",14,2373,0.3,13.9,night,58.1,70,182,2.6,1,0,1,1,1.0,1.0,0.0,0.26,0.463,247,0.0,0.104,1,1,1,1,0,75141
2026-09-13 01:09:18,"Sun, 13 Sep 2026 01:09:05 GMT",18,1239,2.2,5.7,night,46.2,351,1899,4.49,7,6,5,2,0.7,0.35,0.37,0.196,0.378,128,0.0,0.062,4,20,0,0,0,109970
2026-09-13 01:09:55,"Sun, 13 Sep 2026 01:09:51 GMT",8,1814,0.9,7.9,night,72.3,510,2433,5.77,15,3,6,4,0.62,0.5,0.71,0.524,0.42,96,0.0,0.264,11,30,0,0,0,138491
2026-09-13 01:10:07,"Sun, 13 Sep 2026 01:10:06 GMT",12,1658,0.6,8.4,night,73.4,647,2615,6.69,4,3,3,3,0.44,0.19,0.4,0.471,0.949,188,0.0,0.246,11,21,0,3,0,149199
2026-09-13 01:10:20,"Sun, 13 Sep 2026 01:10:06 GMT",12,1659,0.4,8.4,night,73.4,252,1715,6.69,2,1,1,2,1.0,0.67,0.0,0.479,0.935,188,0.0,0.301,2,3,0,1,0,149199
2026-09-13 01:10:56,"Sun, 13 Sep 2026 01:10:50 GMT",11,1675,0.9,9.8,night,25.2,474,808,2.93,10,6,5,3,0.67,0.3,0.33,0.231,0.406,255,0.8,0.348,8,33,0,10,0,82152
2026-09-13 01:11:08,"Sun, 13 Sep 2026 01:11:05 GMT",11,1676,0.5,9.7,night,25.0,419,745,2.9,11,10,4,5,0.55,0.37,0.38,0.232,0.402,255,0.82,0.354,5,30,0,13,0,81206
2026-09-13 01:12:01,"Sun, 13 Sep 2026 01:11:50 GMT",14,2374,0.3,13.9,night,57.8,78,154,2.59,3,1,2,2,0.75,0.6,1.0,0.274,0.586,255,0.33,0.113,3,5,1,3,1,75327
2026-09-13 01:12:13,"Sun, 13 Sep 2026 01:12:05 GMT",18,1240,1.3,5.9,night,47.3,34,628,4.5,1,0,1,1,1.0,1.0,0.0,0.0,0.463,205,0.0,0.193,1,1,0,0,0,111313
2026-09-13 01:12:58,"Sun, 13 Sep 2026 01:12:50 GMT",12,1660,0.8,8.5,night,70.1,217,1856,6.03,1,0,1,1,1.0,1.0,0.0,0.438,0.815,167,0.0,0.157,1,1,0,0,0,141886
2026-09-13 01:13:11,"Sun, 13 Sep 2026 01:13:06 GMT",12,1661,0.5,8.4,night,71.3,1038,2909,6.72,15,13,4,7,0.54,0.25,0.33,0.315,0.89,191,0.0,0.163,19,60,0,5,0,148961
2026-09-13 01:13:59,"Sun, 13 Sep 2026 01:13:49 GMT",11,1677,0.9,9.4,night,23.4,339,751,2.67,11,7,6,4,0.46,0.52,0.61,0.226,0.684,255,0.27,0.204,4,21,1,11,1,72830
2026-09-13 01:14:11,"Sun, 13 Sep 2026 01:14:03 GMT",11,1678,0.5,9.4,night,24.3,362,681,2.76,18,6,9,4,0.5,0.72,0.75,0.202,0.697,246,0.0,0.205,3,25,2,12,1,76465
2026-09-13 01:20:50,"Sun, 13 Sep 2026 01:20:04 GMT",14,2375,0.8,14.1,night,58.9,257,379,2.66,11,2,5,3,0.73,0.69,1.0,0.48,0.04,255,1.0,0.06,4,16,1,2,1,79339
2026-09-13 01:21:02,"Sun, 13 Sep 2026 01:20:49 GMT",18,1241,1.4,5.5,night,46.6,22,344,4.42,1,0,1,1,1.0,1.0,0.0,0.208,0.5,177,0.0,0.061,1,1,0,0,0,109491
2026-09-13 01:21:14,"Sun, 13 Sep 2026 01:21:05 GMT",18,1242,1.0,5.5,night,46.5,0,151,4.42,0,0,1,1,0.0,0.0,0.0,0.0,0.0,0,0.0,0.0,0,0,0,0,0,109287
2026-09-13 01:21:54,"Sun, 13 Sep 2026 01:21:50 GMT",12,1662,0.4,8.6,night,72.7,516,2238,6.76,3,3,2,3,0.5,0.21,0.5,0.444,0.815,193,0.0,0.141,9,14,0,1,0,150439
2026-09-13 01:22:18,"Sun, 13 Sep 2026 01:22:05 GMT",15,1773,5.3,12.1,night,74.1,1392,2895,5.78,63,2,19,7,0.47,0.9,1.0,0.247,0.923,255,0.08,0.06,7,70,0,1,0,139566
2026-09-13 01:23:14,"Sun, 13 Sep 2026 01:23:05 GMT",14,2376,0.6,13.9,night,59.6,222,339,2.64,8,2,4,3,0.67,0.57,1.0,0.482,0.044,120,0.0,0.116,6,14,1,3,1,77303
2026-09-13 01:24:01,"Sun, 13 Sep 2026 01:23:50 GMT",18,1243,0.4,6.0,night,47.5,187,1596,4.5,2,1,2,2,0.5,0.5,0.0,0.339,0.694,152,0.0,0.06,3,4,0,0,0,111581
2026-09-13 01:24:13,"Sun, 13 Sep 2026 01:24:05 GMT",19,90,5.6,11.6,night,51.2,5705,14085,2.78,79,39,20,10,0.4,0.34,0.4,0.071,0.444,231,0.0,0.406,34,230,175,361,0,89328
2026-09-13 01:25:12,"Sun, 13 Sep 2026 01:25:05 GMT",15,1774,1.8,8.8,night,72.5,1169,2426,5.83,45,6,16,7,0.4,0.8,0.88,0.249,0.928,149,0.0,0.116,7,56,0,0,0,134870
2026-09-13 01:26:04,"Sun, 13 Sep 2026 01:25:49 GMT",11,1679,1.0,9.7,night,25.9,318,750,2.77,7,5,4,3,0.58,0.35,0.41,0.094,0.698,227,0.0,0.099,5,20,2,12,0,79857
2026-09-13 01:26:16,"Sun, 13 Sep 2026 01:26:04 GMT",14,2377,0.4,13.9,night,58.0,212,346,2.56,7,4,4,2,0.88,0.54,0.64,0.482,0.048,110,0.0,0.169,4,13,2,3,1,74618
2026-09-13 01:27:07,"Sun, 13 Sep 2026 01:27:05 GMT",8,1815,0.7,7.7,night,72.7,180,1849,5.72,1,1,1,1,1.0,0.33,0.0,0.51,0.407,39,0.0,0.316,3,3,0,1,0,137428
2026-09-13 01:27:19,"Sun, 13 Sep 2026 01:27:05 GMT",8,1816,0.5,7.7,night,72.7,44,954,5.72,0,0,1,1,0.0,0.0,0.0,0.0,0.0,0,0.0,0.0,0,0,0,0,0,137428
2026-09-13 01:27:59,"Sun, 13 Sep 2026 01:27:50 GMT",12,1663,0.3,8.4,night,72.7,967,2942,6.67,9,6,4,4,0.56,0.21,0.32,0.318,0.899,181,0.0,0.205,17,43,0,6,0,149709
2026-09-13 01:28:11,"Sun, 13 Sep 2026 01:28:05 GMT",15,1775,1.3,8.8,night,72.0,850,2048,5.86,38,2,15,7,0.36,0.93,1.0,0.249,0.931,143,0.0,0.169,3,41,0,1,0,135826
2026-09-13 01:28:51,"Sun, 13 Sep 2026 01:28:49 GMT",141,50,3.0,11.3,night,23.6,3183,5951,1.79,33,17,24,2,0.69,0.45,0.55,0.416,0.565,200,0.0,0.448,14,74,160,222,0,52172
2026-09-13 01:30:06,"Sun, 13 Sep 2026 01:29:50 GMT",18,1244,0.5,6.0,night,47.4,369,2759,4.34,3,2,2,3,0.5,0.33,1.0,0.34,0.704,145,0.0,0.087,5,9,0,0,0,106799
2026-09-13 01:30:22,"Sun, 13 Sep 2026 01:30:05 GMT",8,1817,0.4,7.7,night,72.7,135,1245,5.68,1,1,1,1,1.0,0.5,0.0,0.958,0.907,100,0.0,0.081,2,2,0,0,0,136965
2026-09-13 01:31:02,"Sun, 13 Sep 2026 01:30:50 GMT",12,1664,0.3,8.5,night,72.8,589,2682,5.51,3,3,3,2,0.5,0.2,0.5,0.25,0.932,153,0.0,0.098,10,15,0,1,0,129162
2026-09-13 01:31:18,"Sun, 13 Sep 2026 01:31:05 GMT",15,1776,1.0,8.9,night,72.2,314,2129,5.89,2,1,2,1,1.0,0.29,0.0,0.703,0.944,149,0.0,0.186,6,7,0,0,0,136556
2026-09-13 01:31:58,"Sun, 13 Sep 2026 01:31:49 GMT",14,2378,0.4,13.5,night,58.3,101,330,2.54,2,1,2,1,1.0,0.5,0.0,0.099,0.574,134,0.0,0.06,3,4,1,1,0,73647
2026-09-13 01:32:22,"Sun, 13 Sep 2026 01:32:04 GMT",14,2379,0.3,13.4,night,58.1,76,291,2.54,1,1,1,1,1.0,0.33,0.0,0.271,0.426,41,0.0,0.354,3,3,1,2,0,74213
2026-09-13 01:36:46,"Sun, 13 Sep 2026 01:36:05 GMT",8,1818,0.4,7.6,night,72.7,145,1182,5.65,1,0,1,1,1.0,1.0,0.0,0.875,0.963,115,0.0,0.195,1,1,0,0,0,137344
2026-09-13 01:37:02,"Sun, 13 Sep 2026 01:36:50 GMT",15,1777,1.5,8.9,night,71.8,1434,3912,5.93,44,36,9,7,0.7,0.47,0.51,0.375,0.379,205,0.0,0.096,9,93,0,0,1,134759
2026-09-13 01:37:14,"Sun, 13 Sep 2026 01:37:06 GMT",15,1778,1.1,8.9,night,72.0,1229,3242,5.99,41,38,8,9,0.57,0.48,0.52,0.362,0.197,255,0.02,0.121,7,85,0,0,1,135332
2026-09-13 01:37:53,"Sun, 13 Sep 2026 01:37:49 GMT",14,2380,0.5,13.8,night,58.5,46,191,2.57,2,0,2,1,1.0,1.0,0.0,0.307,0.574,248,0.0,0.098,1,2,1,1,0,75318
2026-09-13 01:38:09,"Sun, 13 Sep 2026 01:38:05 GMT",14,2381,0.6,13.9,night,59.3,98,284,2.55,3,2,3,1,1.0,0.5,1.0,0.438,0.352,157,0.0,0.06,3,6,0,0,1,75611
2026-09-13 01:39:02,"Sun, 13 Sep 2026 01:38:50 GMT",8,1819,0.9,7.9,night,73.4,1113,2836,5.7,68,10,11,12,0.52,0.82,0.87,0.416,0.378,179,0.0,0.07,6,83,0,0,1,136638
2026-09-13 01:39:26,"Sun, 13 Sep 2026 01:39:05 GMT",8,1820,1.3,8.2,night,73.9,1313,2478,5.77,89,5,13,13,0.53,0.91,0.95,0.432,0.4,183,0.0,0.114,5,98,0,0,1,138066
2026-09-13 01:40:14,"Sun, 13 Sep 2026 01:40:05 GMT",9,68,5.3,10.0,night,46.6,3351,11735,2.85,33,32,15,5,0.44,0.2,0.22,0.289,0.38,125,0.0,0.47,27,167,79,208,0,96275
2026-09-13 01:41:01,"Sun, 13 Sep 2026 01:40:50 GMT",14,2382,0.4,13.5,night,58.5,30,134,2.51,1,0,1,1,1.0,1.0,0.0,0.125,0.574,216,0.0,0.06,1,1,0,0,0,73069
2026-09-13 01:41:13,"Sun, 13 Sep 2026 01:41:04 GMT",14,2383,0.4,13.4,night,58.5,20,115,2.53,1,0,1,1,1.0,1.0,0.0,0.135,0.574,197,0.0,0.061,1,1,0,0,0,73146
2026-09-13 01:42:13,"Sun, 13 Sep 2026 01:42:05 GMT",8,1821,0.8,7.8,night,73.2,419,1993,5.46,22,6,6,6,0.61,0.76,0.79,0.463,0.439,113,0.0,0.171,3,29,0,0,1,134765
2026-09-13 01:43:05,"Sun, 13 Sep 2026 01:43:03 GMT",11,1680,0.6,10.1,night,23.9,164,803,2.53,3,3,3,1,1.0,0.33,0.5,0.229,0.389,29,0.0,0.506,5,9,2,7,0,71509
2026-09-13 01:43:16,"Sun, 13 Sep 2026 01:43:03 GMT",11,1681,0.4,10.1,night,23.9,77,446,2.53,1,1,1,1,1.0,0.33,0.0,0.219,0.389,29,0.0,0.514,3,3,1,4,0,71509
2026-09-13 01:44:00,"Sun, 13 Sep 2026 01:43:49 GMT",14,2384,0.4,13.5,night,58.6,4,117,2.39,0,0,1,1,0.0,0.0,0.0,0.0,0.0,0,0.0,0.0,0,0,0,0,0,70359
2026-09-13 01:44:11,"Sun, 13 Sep 2026 01:44:04 GMT",14,2385,0.3,13.5,night,58.6,30,107,2.46,3,0,3,2,0.5,1.0,1.0,0.854,0.605,89,0.0,0.06,1,3,0,0,1,71942
2026-09-13 01:45:15,"Sun, 13 Sep 2026 01:45:05 GMT",8,1822,0.7,7.9,night,73.6,178,1453,5.52,10,1,3,5,0.67,0.91,1.0,0.452,0.439,118,0.0,0.239,2,11,0,0,0,135776
2026-09-13 01:46:03,"Sun, 13 Sep 2026 01:45:51 GMT",15,1779,1.1,9.0,night,73.7,936,3273,5.79,34,6,10,11,0.31,0.54,0.69,0.38,0.439,147,0.0,0.137,14,63,0,0,0,136153
2026-09-13 01:46:15,"Sun, 13 Sep 2026 01:46:04 GMT",11,1682,0.6,10.2,night,24.8,37,274,2.68,0,0,1,1,0.0,0.0,0.0,0.0,0.0,0,0.0,0.0,0,0,0,0,0,77135
2026-09-13 01:46:50,"Sun, 13 Sep 2026 01:46:49 GMT",14,2386,0.5,13.2,night,57.2,3,6,2.51,0,0,1,1,0.0,0.0,0.0,0.0,0.0,0,0.0,0.0,0,0,0,0,0,72577
2026-09-13 01:47:02,"Sun, 13 Sep 2026 01:46:49 GMT",14,2387,0.3,13.2,night,57.2,2,3,2.51,0,0,1,1,0.0,0.0,0.0,0.0,0.0,0,0.0,0.0,0,0,0,0,0,72577
2026-09-13 01:47:14,"Sun, 13 Sep 2026 01:47:04 GMT",19,91,6.5,9.4,night,45.5,6719,16259,2.56,135,36,34,9,0.44,0.48,0.57,0.141,0.453,248,0.0,0.463,43,280,196,408,0,79029
2026-09-13 01:48:01,"Sun, 13 Sep 2026 01:47:50 GMT",8,1823,0.5,7.9,night,73.7,143,1269,5.61,5,1,2,4,0.62,0.71,1.0,0.452,0.43,80,0.0,0.287,3,7,0,2,0,136919
2026-09-13 01:48:13,"Sun, 13 Sep 2026 01:48:06 GMT",12,1665,0.6,8.3,night,72.3,1164,3930,6.44,10,5,4,5,0.5,0.16,0.22,0.904,0.467,112,0.0,0.063,25,63,0,3,0,146864
2026-09-13 01:52:04,"Sun, 13 Sep 2026 01:51:06 GMT",12,1666,0.7,8.5,night,74.3,1010,3395,6.68,9,5,4,4,0.56,0.2,0.32,0.483,0.942,193,0.0,0.24,21,46,0,4,0,150235
2026-09-13 01:52:28,"Sun, 13 Sep 2026 01:52:04 GMT",11,1683,0.7,10.1,night,25.2,127,349,2.75,8,0,4,4,0.5,1.0,1.0,0.337,0.697,235,0.0,0.095,1,8,0,0,1,78198
2026-09-13 01:52:51,"Sun, 13 Sep 2026 01:52:49 GMT",14,2388,0.4,13.6,night,58.6,60,101,2.58,2,1,2,1,1.0,0.67,0.0,0.328,0.574,245,0.0,0.064,2,3,0,0,0,74791
2026-09-13 01:53:16,"Sun, 13 Sep 2026 01:53:04 GMT",18,1245,0.7,6.0,night,47.2,582,3676,4.41,9,3,3,4,0.75,0.69,0.75,0.345,0.422,184,0.0,0.07,3,13,0,0,1,109407
2026-09-13 01:53:52,"Sun, 13 Sep 2026 01:53:50 GMT",8,1824,2.6,9.1,night,75.3,1535,3145,5.87,95,2,13,11,0.66,0.94,1.0,0.701,0.443,175,0.0,0.067,6,101,0,2,1,138756
2026-09-13 01:55:44,"Sun, 13 Sep 2026 01:55:05 GMT",11,1684,0.4,9.9,night,24.9,153,344,2.74,6,1,3,3,0.67,0.86,1.0,0.288,0.71,250,0.17,0.242,2,7,0,2,0,76449
2026-09-13 01:55:56,"Sun, 13 Sep 2026 01:55:50 GMT",64,81,1.3,12.2,night,49.1,434,1600,3.15,11,2,11,1,1.0,0.61,1.0,0.344,0.481,71,0.0,0.343,5,18,9,21,0,94255
2026-09-13 01:56:08,"Sun, 13 Sep 2026 01:56:05 GMT",18,1246,0.5,6.0,night,47.1,136,1840,4.46,0,0,1,1,0.0,0.0,0.0,0.0,0.0,0,0.0,0.0,0,0,0,0,0,109836
2026-09-13 01:56:56,"Sun, 13 Sep 2026 01:56:50 GMT",12,1667,0.6,8.7,night,74.0,773,3247,6.44,5,2,4,2,0.62,0.23,1.0,0.475,0.952,190,0.0,0.287,14,22,0,3,0,144766
2026-09-13 01:57:12,"Sun, 13 Sep 2026 01:57:06 GMT",12,1668,0.4,8.6,night,73.9,891,3088,6.82,5,5,3,3,0.56,0.16,0.5,0.429,0.87,187,0.0,0.158,22,32,0,4,0,150654
2026-09-13 01:57:52,"Sun, 13 Sep 2026 01:57:49 GMT",11,1685,0.6,10.2,night,25.7,155,331,2.81,5,1,4,3,0.42,0.71,1.0,0.185,0.644,219,0.0,0.089,3,7,0,1,1,78875
2026-09-13 01:58:55,"Sun, 13 Sep 2026 01:58:50 GMT",18,1247,9.6,14.2,night,71.6,4438,37149,5.05,107,49,15,13,0.55,0.43,0.52,0.573,0.892,215,0.0,0.069,49,249,0,0,0,135391
2026-09-13 01:59:07,"Sun, 13 Sep 2026 01:59:05 GMT",18,1248,3.5,5.5,night,46.3,235,2861,4.35,1,0,1,1,1.0,1.0,0.0,0.625,0.796,135,0.0,0.117,1,1,0,0,0,106962
2026-09-13 02:00:11,"Sun, 13 Sep 2026 02:00:05 GMT",12,1669,0.4,8.5,night,74.5,757,2868,6.83,6,5,4,4,0.38,0.21,0.4,0.259,0.948,170,0.0,0.141,14,29,0,6,0,150842
2026-09-13 02:01:02,"Sun, 13 Sep 2026 02:00:50 GMT",11,1686,0.4,10.1,night,24.4,83,261,2.71,1,1,1,1,1.0,0.5,0.0,0.219,0.407,255,1.0,0.354,2,2,0,1,0,76939
2026-09-13 02:01:38,"Sun, 13 Sep 2026 02:01:03 GMT",141,51,4.9,7.6,night,22.1,3764,8824,2.02,42,30,17,4,0.62,0.38,0.42,0.076,0.641,147,0.0,0.414,18,112,153,239,0,61704
2026-09-13 02:01:54,"Sun, 13 Sep 2026 02:01:51 GMT",18,1249,1.9,6.1,night,47.7,80,1417,4.46,2,0,2,1,1.0,1.0,0.0,0.307,0.537,191,0.0,0.06,1,2,0,0,0,107397
2026-09-13 02:02:18,"Sun, 13 Sep 2026 02:02:05 GMT",18,1250,2.0,5.9,night,46.9,689,1822,4.51,24,15,9,7,0.38,0.49,0.49,0.111,0.329,167,0.0,0.06,3,49,0,0,1,109221
2026-09-13 02:02:58,"Sun, 13 Sep 2026 02:02:50 GMT",12,1670,1.0,8.4,night,74.4,2014,4885,6.74,47,29,10,10,0.47,0.4,0.45,0.042,0.495,124,0.0,0.063,20,117,0,4,0,150095
2026-09-13 02:03:11,"Sun, 13 Sep 2026 02:03:05 GMT",12,1671,0.6,8.4,night,74.2,1276,3683,6.65,28,6,6,7,0.67,0.42,0.5,0.025,0.517,110,0.0,0.106,16,67,0,8,0,149116
2026-09-13 02:03:51,"Sun, 13 Sep 2026 02:03:50 GMT",11,1687,0.5,9.1,night,25.0,200,396,2.73,10,5,4,3,0.83,0.67,0.67,0.191,0.707,238,0.0,0.194,2,15,0,3,1,76071
2026-09-13 02:04:03,"Sun, 13 Sep 2026 02:03:50 GMT",11,1688,0.3,9.1,night,25.0,161,292,2.73,8,4,4,3,0.67,0.67,0.67,0.194,0.708,238,0.0,0.268,2,12,0,4,0,76071
2026-09-13 02:08:58,"Sun, 13 Sep 2026 02:08:51 GMT",12,1672,0.5,8.6,night,74.4,878,3640,6.81,6,4,2,6,0.5,0.16,0.25,0.536,0.935,183,0.0,0.192,16,37,0,8,0,151034
2026-09-13 02:09:10,"Sun, 13 Sep 2026 02:09:05 GMT",15,1780,0.8,9.0,night,73.8,508,2523,5.98,9,6,4,6,0.38,0.41,0.6,0.37,0.453,134,0.0,0.177,8,22,0,0,0,137371
2026-09-13 02:09:57,"Sun, 13 Sep 2026 02:09:49 GMT",11,1689,0.5,9.3,night,25.0,296,486,2.82,7,5,4,2,0.88,0.37,0.47,0.528,0.677,159,0.0,0.068,5,19,0,6,0,79381
2026-09-13 02:10:09,"Sun, 13 Sep 2026 02:10:03 GMT",14,2389,0.4,13.9,night,58.9,100,180,2.6,2,2,2,1,1.0,0.33,0.0,0.266,0.444,255,0.5,0.452,3,6,0,2,0,75799
2026-09-13 02:10:56,"Sun, 13 Sep 2026 02:10:50 GMT",18,1251,1.5,5.5,night,46.2,164,1956,4.41,1,1,1,1,1.0,0.5,0.0,0.0,0.5,172,0.0,0.176,2,2,0,0,0,108545
2026-09-13 02:11:07,"Sun, 13 Sep 2026 02:11:05 GMT",8,1825,1.2,8.0,night,73.6,697,3252,5.82,21,5,9,4,0.58,0.58,0.64,0.707,0.394,115,0.0,0.122,6,36,0,0,1,138621
2026-09-13 02:11:55,"Sun, 13 Sep 2026 02:11:50 GMT",12,1673,0.6,8.7,night,73.7,450,2568,6.86,2,1,1,2,1.0,0.4,0.0,0.0,0.472,202,0.0,0.225,4,5,0,2,0,152038
2026-09-13 02:12:07,"Sun, 13 Sep 2026 02:12:05 GMT",15,1781,0.7,9.3,night,73.2,395,1997,6.0,3,3,2,2,0.75,0.2,0.5,0.361,0.469,135,0.0,0.224,8,15,0,0,0,138007
2026-09-13 02:12:54,"Sun, 13 Sep 2026 02:12:49 GMT",14,2390,2.5,13.7,night,55.7,1198,4347,2.01,48,30,22,4,0.55,0.53,0.55,0.191,0.573,233,0.0,0.083,8,91,0,1,0,68764
2026-09-13 02:13:09,"Sun, 13 Sep 2026 02:13:04 GMT",14,2391,0.9,14.0,night,58.8,273,667,2.59,9,4,6,3,0.5,0.6,0.69,0.242,0.578,255,0.22,0.144,4,15,1,1,1,75600
2026-09-13 02:13:57,"Sun, 13 Sep 2026 02:13:50 GMT",18,1252,0.9,6.0,night,47.0,265,1329,4.52,11,7,5,3,0.73,0.61,0.61,0.7,0.411,63,0.0,0.06,2,18,0,0,1,110485
2026-09-13 02:14:08,"Sun, 13 Sep 2026 02:14:05 GMT",8,1826,0.8,8.0,night,73.6,225,2218,5.81,1,1,1,1,1.0,0.5,0.0,0.406,0.389,110,0.0,0.198,2,2,0,0,0,138570
2026-09-13 02:15:24,"Sun, 13 Sep 2026 02:15:05 GMT",15,1782,0.5,9.1,night,73.8,298,1563,5.94,2,1,1,2,1.0,0.33,0.0,0.74,0.88,156,0.0,0.145,5,6,0,0,0,136796
2026-09-13 02:16:00,"Sun, 13 Sep 2026 02:15:49 GMT",14,2392,0.6,13.9,night,58.7,169,500,2.6,3,3,3,1,1.0,0.3,0.5,0.188,0.574,226,0.0,0.142,5,10,1,1,0,75439
2026-09-13 02:16:11,"Sun, 13 Sep 2026 02:16:04 GMT",14,2393,0.4,13.9,night,58.6,95,379,2.6,3,1,2,2,0.75,0.6,1.0,0.181,0.58,222,0.0,0.194,3,5,1,2,1,75333
2026-09-13 02:17:02,"Sun, 13 Sep 2026 02:16:50 GMT",18,1253,1.0,6.2,night,47.8,404,1054,4.55,30,0,9,5,0.67,1.0,1.0,0.584,0.425,127,0.0,0.06,1,30,0,0,1,109939
2026-09-13 02:17:14,"Sun, 13 Sep 2026 02:17:05 GMT",8,1827,0.5,8.0,night,73.6,239,2054,5.81,2,1,2,2,0.5,0.33,0.0,0.797,0.972,118,0.0,0.06,5,6,0,0,0,138347
2026-09-13 02:17:53,"Sun, 13 Sep 2026 02:17:50 GMT",15,1783,1.3,9.6,night,74.3,1225,2581,6.08,62,14,13,11,0.43,0.78,0.82,0.635,0.38,145,0.0,0.06,5,80,0,0,1,138215
2026-09-13 02:18:09,"Sun, 13 Sep 2026 02:18:05 GMT",15,1784,0.8,9.2,night,73.6,899,2479,6.02,18,12,4,8,0.56,0.34,0.38,0.624,0.39,70,0.0,0.117,9,53,0,0,0,137620
2026-09-13 02:18:57,"Sun, 13 Sep 2026 02:18:49 GMT",14,2394,0.7,13.9,night,60.4,106,324,2.62,3,1,2,2,0.75,0.43,1.0,0.181,0.58,226,0.0,0.242,5,7,1,2,0,76548
2026-09-13 02:19:08,"Sun, 13 Sep 2026 02:19:04 GMT",14,2395,0.5,13.9,night,60.2,55,220,2.59,1,1,1,1,1.0,0.5,0.0,0.365,0.556,183,0.0,0.323,2,2,1,3,0,76340
2026-09-13 02:19:55,"Sun, 13 Sep 2026 02:19:50 GMT",8,1828,3.7,8.8,night,71.5,1749,3418,5.82,117,5,17,13,0.53,0.95,0.96,0.542,0.416,194,0.0,0.11,3,123,0,0,1,134671
2026-09-13 02:20:19,"Sun, 13 Sep 2026 02:20:05 GMT",8,1829,1.4,8.0,night,74.0,1386,2884,5.84,67,23,14,9,0.53,0.71,0.74,0.533,0.411,196,0.0,0.178,5,94,0,0,1,138993
2026-09-13 02:27:52,"Sun, 13 Sep 2026 02:27:49 GMT",14,2396,0.6,14.0,night,57.3,46,158,2.54,1,1,1,1,1.0,0.5,0.0,0.177,0.556,209,0.0,0.06,2,2,0,1,0,73810
2026-09-13 02:28:16,"Sun, 13 Sep 2026 02:28:04 GMT",64,82,6.3,7.0,night,41.1,4436,16884,2.45,156,23,49,6,0.53,0.56,0.61,0.221,0.421,223,0.0,0.339,30,279,26,122,0,77948
2026-09-13 02:29:00,"Sun, 13 Sep 2026 02:28:50 GMT",8,1830,1.2,7.6,night,72.6,580,2864,5.75,25,3,11,5,0.45,0.71,0.89,0.529,0.405,115,0.0,0.241,8,35,0,0,0,137173
2026-09-13 02:29:36,"Sun, 13 Sep 2026 02:29:25 GMT",12,1674,0.5,8.4,night,74.8,1125,4056,6.74,11,8,8,6,0.23,0.21,0.37,0.277,0.889,171,0.0,0.169,21,53,0,4,0,150236
2026-09-13 02:30:00,"Sun, 13 Sep 2026 02:29:50 GMT",15,1785,0.6,8.9,night,74.0,489,2519,6.03,6,4,4,3,0.5,0.33,0.6,0.799,0.914,154,0.0,0.099,10,18,0,0,0,137644
2026-09-13 02:30:12,"Sun, 13 Sep 2026 02:30:04 GMT",11,1690,0.8,9.2,night,25.6,337,621,2.78,10,5,4,4,0.62,0.43,0.67,0.047,0.709,187,0.0,0.065,7,23,0,3,0,79026
2026-09-13 02:30:52,"Sun, 13 Sep 2026 02:30:50 GMT",14,2397,0.3,14.0,night,58.8,35,115,2.57,1,1,1,1,1.0,0.5,0.0,0.198,0.556,248,0.0,0.111,2,2,0,1,0,74817
2026-09-13 02:31:20,"Sun, 13 Sep 2026 02:31:05 GMT",18,1254,3.7,8.9,night,57.5,631,5577,5.04,13,1,7,3,0.62,0.68,1.0,0.583,0.425,78,0.0,0.117,7,19,0,0,1,125850
2026-09-13 02:31:57,"Sun, 13 Sep 2026 02:31:50 GMT",8,1831,0.8,7.7,night,72.5,182,2254,5.76,1,1,1,1,1.0,0.5,0.0,0.521,0.37,77,0.0,0.292,2,2,0,0,0,137623
2026-09-13 02:32:13,"Sun, 13 Sep 2026 02:32:04 GMT",12,1675,0.5,8.4,night,74.7,1092,3703,6.84,16,9,5,9,0.36,0.3,0.36,0.309,0.911,184,0.0,0.168,15,54,0,4,0,151392
2026-09-13 02:33:13,"Sun, 13 Sep 2026 02:32:49 GMT",17,119,1.2,8.3,night,35.4,724,3279,2.21,2,1,2,2,0.5,0.18,0.0,0.172,0.472,162,0.0,0.529,10,11,38,48,0,74234
2026-09-13 02:34:06,"Sun, 13 Sep 2026 02:34:04 GMT",18,1255,1.5,5.8,night,47.7,47,1024,4.47,0,0,1,1,0.0,0.0,0.0,0.0,0.0,0,0.0,0.0,0,0,0,0,0,111894
2026-09-13 02:34:18,"Sun, 13 Sep 2026 02:34:04 GMT",18,1256,1.1,5.8,night,47.7,10,348,4.47,0,0,1,1,0.0,0.0,0.0,0.0,0.0,0,0.0,0.0,0,0,0,0,0,111894
2026-09-13 02:34:54,"Sun, 13 Sep 2026 02:34:50 GMT",8,1832,0.8,7.9,night,73.9,120,1783,5.84,0,0,1,1,0.0,0.0,0.0,0.0,0.0,0,0.0,0.0,0,0,0,0,0,139142
2026-09-13 02:35:07,"Sun, 13 Sep 2026 02:35:05 GMT",12,1676,0.4,8.6,night,74.0,737,2807,6.87,3,3,1,3,1.0,0.18,0.5,0.417,0.852,176,0.0,0.207,12,17,0,4,0,152081
2026-09-13 02:35:19,"Sun, 13 Sep 2026 02:35:05 GMT",12,1677,0.3,8.6,night,74.0,259,1784,6.87,1,1,1,1,1.0,0.5,0.0,0.354,0.907,192,0.0,0.228,2,2,0,0,0,152081
2026-09-13 02:36:03,"Sun, 13 Sep 2026 02:35:49 GMT",11,1691,0.5,9.2,night,25.8,175,479,2.73,5,5,3,2,0.83,0.45,0.5,0.04,0.711,187,0.0,0.124,3,11,0,0,1,77590
2026-09-13 02:36:39,"Sun, 13 Sep 2026 02:36:07 GMT",11,1692,0.4,9.3,night,25.7,149,441,2.78,9,1,4,4,0.56,0.9,1.0,0.199,0.698,251,0.11,0.238,2,10,0,4,0,78454
2026-09-13 02:37:03,"Sun, 13 Sep 2026 02:36:50 GMT",14,2398,0.2,13.9,night,58.7,30,94,2.57,1,0,1,1,1.0,1.0,0.0,0.25,0.556,255,1.0,0.097,1,1,0,0,0,74834
2026-09-13 02:37:15,"Sun, 13 Sep 2026 02:37:05 GMT",18,1257,0.5,6.3,night,48.4,31,582,4.56,0,0,1,1,0.0,0.0,0.0,0.0,0.0,0,0.0,0.0,0,0,0,0,0,111978
2026-09-13 02:38:00,"Sun, 13 Sep 2026 02:37:51 GMT",12,1678,0.3,8.7,night,74.2,557,2574,6.09,2,2,1,2,1.0,0.2,0.0,0.281,0.806,166,0.0,0.088,8,10,0,1,0,136766
2026-09-13 02:38:12,"Sun, 13 Sep 2026 02:38:06 GMT",12,1679,0.3,8.7,night,74.0,764,2543,6.74,12,2,6,5,0.4,0.41,1.0,0.293,0.866,179,0.0,0.191,16,29,0,2,0,150532
2026-09-13 02:39:00,"Sun, 13 Sep 2026 02:38:49 GMT",11,1693,0.4,9.2,night,25.3,126,337,2.76,11,0,4,4,0.69,1.0,1.0,0.198,0.7,255,0.36,0.27,1,11,0,5,0,77280
2026-09-13 02:39:12,"Sun, 13 Sep 2026 02:39:05 GMT",11,1694,0.3,9.2,night,25.3,125,265,2.73,6,0,4,3,0.5,1.0,1.0,0.191,0.704,250,0.17,0.322,1,6,0,3,0,77042
2026-09-13 02:44:25,"Sun, 13 Sep 2026 02:44:06 GMT",15,1786,0.6,8.9,night,74.2,372,2086,5.26,3,3,2,3,0.5,0.25,0.5,0.361,0.481,124,0.0,0.176,7,12,0,1,0,135667
2026-09-13 02:45:01,"Sun, 13 Sep 2026 02:44:49 GMT",11,1695,0.5,9.3,night,25.9,167,322,2.77,8,2,4,3,0.67,0.8,1.0,0.432,0.681,228,0.0,0.107,2,10,0,1,1,78199
2026-09-13 02:45:13,"Sun, 13 Sep 2026 02:45:04 GMT",14,2399,0.4,14.0,night,57.6,20,60,2.54,1,0,1,1,1.0,1.0,0.0,0.354,0.574,221,0.0,0.095,1,1,0,0,0,73491
2026-09-13 02:46:01,"Sun, 13 Sep 2026 02:45:49 GMT",18,1258,1.2,5.6,night,47.3,525,2226,4.31,22,2,11,4,0.5,0.79,1.0,0.132,0.488,171,0.0,0.075,5,28,0,0,1,106578
2026-09-13 02:46:13,"Sun, 13 Sep 2026 02:46:05 GMT",18,1259,0.8,5.7,night,47.3,378,1228,4.43,21,2,9,4,0.58,0.88,1.0,0.125,0.486,169,0.0,0.119,3,24,0,0,1,108926
2026-09-13 02:47:02,"Sun, 13 Sep 2026 02:46:51 GMT",12,1680,0.3,8.6,night,74.1,927,2864,6.76,11,7,5,8,0.28,0.24,0.39,0.25,0.884,176,0.0,0.138,16,45,0,3,0,150431
2026-09-13 02:47:14,"Sun, 13 Sep 2026 02:47:05 GMT",15,1787,0.4,9.1,night,73.6,361,1678,5.99,3,2,2,3,0.5,0.27,1.0,0.361,0.481,124,0.0,0.226,6,11,0,1,0,137501
2026-09-13 02:48:02,"Sun, 13 Sep 2026 02:47:49 GMT",11,1696,0.4,9.4,night,25.8,181,346,2.76,8,2,4,3,0.67,0.73,1.0,0.212,0.678,255,0.38,0.195,3,11,0,2,1,78112
2026-09-13 02:48:18,"Sun, 13 Sep 2026 02:48:04 GMT",14,2400,0.3,13.9,night,58.9,15,47,2.55,0,0,1,1,0.0,0.0,0.0,0.0,0.0,0,0.0,0.0,0,0,0,0,0,74813
2026-09-13 02:48:54,"Sun, 13 Sep 2026 02:48:49 GMT",18,1260,0.7,5.9,night,47.7,206,800,4.49,16,0,9,4,0.44,1.0,1.0,0.123,0.484,211,0.0,0.171,1,16,0,0,1,109963
2026-09-13 02:49:47,"Sun, 13 Sep 2026 02:49:05 GMT",8,1833,0.6,7.9,night,74.2,89,1337,5.85,0,0,1,1,0.0,0.0,0.0,0.0,0.0,0,0.0,0.0,0,0,0,0,0,139231
2026-09-13 02:49:59,"Sun, 13 Sep 2026 02:49:51 GMT",12,1681,0.3,8.6,night,74.1,729,2707,6.86,5,4,3,4,0.42,0.22,0.38,0.279,0.822,167,0.0,0.227,13,23,0,7,0,151497
2026-09-13 02:50:11,"Sun, 13 Sep 2026 02:50:06 GMT",15,1788,0.3,9.1,night,73.6,337,1477,6.01,2,2,1,2,1.0,0.33,0.0,0.729,0.88,155,0.0,0.276,4,6,0,1,0,138828
2026-09-13 02:51:36,"Sun, 13 Sep 2026 02:51:05 GMT",14,2401,0.3,13.9,night,59.0,1,22,2.56,0,0,1,1,0.0,0.0,0.0,0.0,0.0,0,0.0,0.0,0,0,0,0,0,74774
2026-09-13 02:52:00,"Sun, 13 Sep 2026 02:51:50 GMT",18,1261,0.5,5.8,night,47.8,309,1999,4.41,8,3,5,3,0.53,0.62,0.73,0.116,0.486,203,0.0,0.219,4,13,0,0,0,108676
2026-09-13 02:52:12,"Sun, 13 Sep 2026 02:52:05 GMT",8,1834,0.5,8.0,night,74.2,235,1322,5.8,3,3,2,3,0.5,0.33,0.5,0.819,0.926,111,0.0,0.082,5,9,0,0,0,138280
2026-09-13 02:53:01,"Sun, 13 Sep 2026 02:52:50 GMT",12,1682,0.9,8.4,night,73.4,1539,3999,6.78,41,8,6,15,0.46,0.46,0.63,0.625,0.248,255,0.05,0.06,27,90,0,2,0,148989
2026-09-13 02:53:25,"Sun, 13 Sep 2026 02:53:05 GMT",15,1789,0.8,8.8,night,72.8,906,2682,6.03,38,6,8,12,0.4,0.73,0.86,0.089,0.288,255,0.05,0.06,9,52,0,0,1,136323
2026-09-13 02:53:53,"Sun, 13 Sep 2026 02:53:49 GMT",14,2402,0.3,13.9,night,59.1,64,96,2.6,3,2,2,2,0.75,0.5,1.0,0.142,0.586,157,0.0,0.092,3,6,0,1,1,75194
2026-09-13 02:54:17,"Sun, 13 Sep 2026 02:54:04 GMT",14,2403,0.3,13.9,night,58.9,58,105,2.58,4,1,3,2,0.67,0.8,1.0,0.185,0.579,227,0.0,0.188,2,5,0,0,1,75228
2026-09-13 02:54:53,"Sun, 13 Sep 2026 02:54:50 GMT",18,1262,0.7,6.3,night,49.1,152,1655,4.46,4,3,2,3,0.67,0.57,0.57,0.474,0.759,167,0.0,0.078,2,7,0,0,1,109184
2026-09-13 02:55:09,"Sun, 13 Sep 2026 02:55:06 GMT",8,1835,0.4,8.0,night,74.2,183,1234,5.79,1,1,1,1,1.0,0.33,0.0,0.875,0.907,119,0.0,0.063,3,3,0,0,0,138577
2026-09-13 02:55:58,"Sun, 13 Sep 2026 02:55:50 GMT",15,1790,0.5,9.0,night,74.0,227,1573,5.93,1,1,1,1,1.0,0.33,0.0,0.219,0.463,95,0.0,0.064,3,3,0,0,0,136810
2026-09-13 02:56:14,"Sun, 13 Sep 2026 02:56:05 GMT",15,1791,0.4,9.0,night,74.1,183,1133,5.93,2,1,1,2,1.0,0.67,0.0,0.729,0.88,158,0.0,0.289,2,3,0,1,0,136934
2026-09-13 02:57:35,"Sun, 13 Sep 2026 02:57:05 GMT",14,2404,0.5,14.0,night,57.6,68,124,2.56,2,2,2,1,1.0,0.33,0.0,0.349,0.481,255,1.0,0.06,3,6,0,0,0,73644
2026-09-13 02:58:03,"Sun, 13 Sep 2026 02:57:51 GMT",8,1836,2.9,8.1,night,74.3,2237,3742,5.4,132,7,19,15,0.46,0.9,0.93,0.116,0.558,173,0.0,0.063,8,147,0,0,1,127881
2026-09-13 02:58:27,"Sun, 13 Sep 2026 02:58:05 GMT",8,1837,2.3,8.1,night,74.9,1802,4582,5.89,102,6,21,13,0.37,0.85,0.91,0.318,0.508,193,0.0,0.063,9,120,0,0,1,138733
2026-09-13 02:59:03,"Sun, 13 Sep 2026 02:58:50 GMT",15,1792,0.5,8.8,night,72.8,333,1594,5.89,3,2,2,2,0.75,0.25,1.0,0.712,0.969,154,0.0,0.09,9,12,0,0,0,135893
2026-09-13 02:59:15,"Sun, 13 Sep 2026 02:59:06 GMT",15,1793,0.4,8.8,night,72.7,245,1317,5.89,2,1,2,1,1.0,0.5,0.0,0.786,0.907,154,0.0,0.13,3,4,0,0,0,135794
2026-09-13 02:59:59,"Sun, 13 Sep 2026 02:59:50 GMT",14,2405,0.6,13.9,night,60.6,65,118,2.61,2,2,2,1,1.0,0.4,0.0,0.349,0.481,64,0.0,0.116,3,5,0,1,0,76391
2026-09-13 03:00:11,"Sun, 13 Sep 2026 03:00:05 GMT",14,2406,0.5,14.0,night,60.5,33,89,2.59,2,0,2,2,0.5,1.0,0.0,0.276,0.583,250,0.5,0.14,1,2,0,0,0,75910
2026-09-13 03:00:58,"Sun, 13 Sep 2026 03:00:51 GMT",8,1838,1.2,8.0,night,74.4,245,2730,5.74,2,2,2,1,1.0,0.33,0.0,0.307,0.463,179,0.0,0.121,4,6,0,0,0,138316
2026-09-13 03:01:15,"Sun, 13 Sep 2026 03:01:05 GMT",8,1839,0.9,8.0,night,74.2,138,1929,5.72,1,1,1,1,1.0,0.33,0.0,0.812,0.889,121,0.0,0.069,3,3,0,0,0,137776
2026-09-13 03:02:03,"Sun, 13 Sep 2026 03:01:50 GMT",15,1794,0.3,8.8,night,72.6,244,1387,5.83,2,1,2,2,0.5,0.5,0.0,0.682,0.935,167,0.0,0.133,3,4,0,0,0,135564
2026-09-13 03:02:14,"Sun, 13 Sep 2026 03:02:04 GMT",17,120,5.7,8.4,night,34.0,3517,11710,2.37,59,54,22,7,0.38,0.31,0.34,0.098,0.446,180,0.0,0.456,17,188,75,161,0,73886
2026-09-13 03:03:14,"Sun, 13 Sep 2026 03:03:04 GMT",14,2407,0.6,13.9,night,57.7,80,183,2.54,4,0,2,2,1.0,1.0,1.0,0.974,0.102,113,0.0,0.06,1,4,0,0,1,73436
2026-09-13 03:04:14,"Sun, 13 Sep 2026 03:04:06 GMT",8,1840,0.7,7.9,night,74.3,110,1333,5.8,0,0,1,1,0.0,0.0,0.0,0.0,0.0,0,0.0,0.0,0,0,0,0,0,138620
2026-09-13 03:05:02,"Sun, 13 Sep 2026 03:04:51 GMT",15,1795,0.5,8.9,night,74.2,195,1163,5.91,1,0,1,1,1.0,1.0,0.0,0.677,0.889,158,0.0,0.066,1,1,0,0,0,136910
2026-09-13 03:05:14,"Sun, 13 Sep 2026 03:05:05 GMT",11,1697,0.4,9.3,night,25.2,156,487,2.71,11,0,5,4,0.55,1.0,1.0,0.045,0.7,236,0.0,0.111,1,11,0,0,1,75775
2026-09-13 03:06:01,"Sun, 13 Sep 2026 03:05:50 GMT",14,2408,0.3,14.0,night,59.1,44,153,2.58,2,0,2,1,1.0,1.0,0.0,0.922,0.407,79,0.0,0.06,1,2,0,0,0,75213
2026-09-13 03:06:12,"Sun, 13 Sep 2026 03:06:05 GMT",14,2409,0.2,14.0,night,59.0,20,96,2.56,2,0,1,2,1.0,1.0,0.0,0.167,0.565,216,0.0,0.079,1,2,0,0,0,74556
2026-09-13 03:07:12,"Sun, 13 Sep 2026 03:07:06 GMT",12,1683,0.5,8.4,night,73.7,718,3147,6.27,4,3,2,4,0.5,0.2,0.57,0.471,0.917,166,0.0,0.294,13,20,0,3,0,142849
2026-09-13 03:08:04,"Sun, 13 Sep 2026 03:07:51 GMT",15,1796,0.4,8.8,night,72.9,314,1473,5.9,2,2,1,2,1.0,0.25,0.0,0.677,0.843,157,0.0,0.069,5,8,0,1,0,135627
2026-09-13 03:08:16,"Sun, 13 Sep 2026 03:08:04 GMT",11,1698,0.3,9.2,night,25.2,23,214,2.67,1,0,1,1,1.0,1.0,0.0,0.062,0.685,177,0.0,0.154,1,1,0,0,0,75790
2026-09-13 03:08:51,"Sun, 13 Sep 2026 03:08:49 GMT",14,2410,0.5,14.0,night,57.5,0,19,2.53,0,0,1,1,0.0,0.0,0.0,0.0,0.0,0,0.0,0.0,0,0,0,0,0,73138
2026-09-13 03:09:07,"Sun, 13 Sep 2026 03:08:49 GMT",14,2411,0.3,14.0,night,57.5,0,6,2.53,0,0,1,1,0.0,0.0,0.0,0.0,0.0,0,0.0,0.0,0,0,0,0,0,73138
2026-09-13 03:09:23,"Sun, 13 Sep 2026 03:09:06 GMT",18,1263,8.7,13.5,night,70.3,3036,31582,4.8,89,35,14,11,0.58,0.5,0.56,0.575,0.896,210,0.0,0.084,24,179,0,3,0,121072
2026-09-13 03:18:43,"Sun, 13 Sep 2026 03:18:05 GMT",18,1264,2.7,6.0,night,47.5,216,1366,4.54,12,0,3,5,0.8,1.0,1.0,0.676,0.41,98,0.0,0.07,1,12,0,0,1,110980
2026-09-13 03:18:55,"Sun, 13 Sep 2026 03:18:51 GMT",12,1684,0.6,8.6,night,74.7,713,2820,6.72,5,4,3,3,0.56,0.23,0.56,0.462,0.93,188,0.0,0.259,13,22,0,3,0,150033
2026-09-13 03:19:43,"Sun, 13 Sep 2026 03:19:06 GMT",12,1685,0.4,8.6,night,74.6,663,2687,6.75,5,4,2,4,0.62,0.23,0.56,0.456,0.919,188,0.0,0.159,13,22,0,2,0,150357
2026-09-13 03:20:07,"Sun, 13 Sep 2026 03:20:04 GMT",11,1699,0.4,9.3,night,25.8,4,127,2.71,0,0,1,1,0.0,0.0,0.0,0.0,0.0,0,0.0,0.0,0,0,0,0,0,77989
2026-09-13 03:20:58,"Sun, 13 Sep 2026 03:20:50 GMT",18,1265,1.8,8.6,night,56.1,86,1725,4.94,0,0,1,1,0.0,0.0,0.0,0.0,0.0,0,0.0,0.0,0,0,0,0,0,123730
2026-09-13 03:21:14,"Sun, 13 Sep 2026 03:21:05 GMT",18,1266,2.8,5.5,night,46.0,129,1173,4.47,5,1,4,2,0.62,0.83,1.0,0.56,0.274,126,0.0,0.06,2,6,0,0,1,109441
2026-09-13 03:22:26,"Sun, 13 Sep 2026 03:22:06 GMT",12,1686,0.3,8.6,night,74.7,604,2544,6.72,3,2,1,3,1.0,0.25,1.0,0.51,0.963,178,0.0,0.155,8,12,0,0,0,149576
2026-09-13 03:22:54,"Sun, 13 Sep 2026 03:22:49 GMT",11,1700,0.3,9.4,night,25.4,1,55,2.73,0,0,1,1,0.0,0.0,0.0,0.0,0.0,0,0.0,0.0,0,0,0,0,0,78461
2026-09-13 03:23:10,"Sun, 13 Sep 2026 03:23:04 GMT",14,2412,1.7,13.9,night,56.3,735,2750,1.97,21,17,7,4,0.75,0.36,0.37,0.231,0.563,238,0.0,0.089,7,59,0,0,0,67310
2026-09-13 03:23:57,"Sun, 13 Sep 2026 03:23:50 GMT",18,1267,1.8,5.8,night,47.9,109,1675,4.41,2,0,2,1,1.0,1.0,0.0,0.401,0.963,123,0.0,0.097,1,2,0,0,0,107854
2026-09-13 03:24:09,"Sun, 13 Sep 2026 03:24:05 GMT",18,1268,1.3,5.8,night,47.9,20,541,4.48,0,0,1,1,0.0,0.0,0.0,0.0,0.0,0,0.0,0.0,0,0,0,0,0,109391
2026-09-13 03:24:53,"Sun, 13 Sep 2026 03:24:51 GMT",12,1687,0.3,8.6,night,74.7,555,2407,6.8,3,3,2,2,0.75,0.17,0.33,0.347,0.846,184,0.0,0.165,11,18,0,2,0,150414
2026-09-13 03:25:17,"Sun, 13 Sep 2026 03:25:06 GMT",15,1797,0.5,9.0,night,74.2,324,1532,5.97,2,1,1,2,1.0,0.33,0.0,0.354,0.472,114,0.0,0.14,5,6,0,1,0,136935
2026-09-13 03:25:57,"Sun, 13 Sep 2026 03:25:49 GMT",11,1701,0.3,9.3,night,25.4,0,13,2.69,0,0,1,1,0.0,0.0,0.0,0.0,0.0,0,0.0,0.0,0,0,0,0,0,76277
2026-09-13 03:26:13,"Sun, 13 Sep 2026 03:26:05 GMT",14,2413,0.7,13.9,night,59.2,135,362,2.57,7,2,4,3,0.58,0.78,1.0,0.228,0.571,255,0.14,0.144,2,9,0,0,1,75144
2026-09-13 03:27:04,"Sun, 13 Sep 2026 03:26:50 GMT",18,1269,0.9,5.7,night,47.9,366,2002,4.37,9,4,4,4,0.56,0.53,0.69,0.558,0.06,84,0.0,0.06,6,17,0,0,1,107800
2026-09-13 03:27:28,"Sun, 13 Sep 2026 03:27:05 GMT",19,92,6.5,12.6,night,52.5,6014,15939,2.92,75,27,23,9,0.36,0.36,0.43,0.104,0.455,225,0.0,0.491,39,210,216,386,0,82183
2026-09-13 03:27:56,"Sun, 13 Sep 2026 03:27:53 GMT",12,1688,0.2,8.6,night,74.7,424,2188,6.81,2,2,1,2,1.0,0.25,0.0,0.458,0.917,173,0.0,0.282,6,8,0,1,0,150812
2026-09-13 03:28:12,"Sun, 13 Sep 2026 03:28:05 GMT",15,1798,0.4,9.0,night,74.2,249,1318,5.99,1,1,1,1,1.0,0.5,0.0,0.729,0.889,160,0.0,0.386,2,2,0,1,0,137207
2026-09-13 03:28:52,"Sun, 13 Sep 2026 03:28:48 GMT",11,1702,0.3,9.3,night,25.3,0,11,2.71,0,0,1,1,0.0,0.0,0.0,0.0,0.0,0,0.0,0.0,0,0,0,0,0,78427
2026-09-13 03:29:19,"Sun, 13 Sep 2026 03:29:04 GMT",14,2414,0.8,13.9,night,60.7,92,266,2.6,4,0,3,2,0.67,1.0,1.0,0.232,0.579,255,0.25,0.2,1,4,0,0,1,76545
2026-09-13 03:29:55,"Sun, 13 Sep 2026 03:29:49 GMT",18,1270,0.5,5.9,night,47.3,18,492,4.51,0,0,1,1,0.0,0.0,0.0,0.0,0.0,0,0.0,0.0,0,0,0,0,0,110443
2026-09-13 03:30:23,"Sun, 13 Sep 2026 03:30:06 GMT",8,1841,0.5,8.0,night,74.3,100,1191,5.79,1,0,1,1,1.0,1.0,0.0,0.604,0.963,143,0.0,0.06,1,1,0,0,0,138295
2026-09-13 03:35:37,"Sun, 13 Sep 2026 03:35:05 GMT",14,2415,0.4,13.9,night,59.4,13,177,2.57,0,0,1,1,0.0,0.0,0.0,0.0,0.0,0,0.0,0.0,0,0,0,0,0,75601
2026-09-13 03:35:54,"Sun, 13 Sep 2026 03:35:50 GMT",18,1271,0.7,5.9,night,47.8,45,668,4.39,0,0,1,1,0.0,0.0,0.0,0.0,0.0,0,0.0,0.0,0,0,0,0,0,107755
2026-09-13 03:36:22,"Sun, 13 Sep 2026 03:36:05 GMT",8,1842,0.4,8.1,night,74.2,180,1135,5.78,2,1,2,2,0.5,0.4,0.0,0.88,0.954,124,0.0,0.148,4,5,0,0,0,138293
2026-09-13 03:37:23,"Sun, 13 Sep 2026 03:37:06 GMT",15,1799,0.4,9.1,night,74.3,208,1148,5.99,2,1,2,1,1.0,0.4,0.0,0.359,0.481,123,0.0,0.166,4,5,0,0,0,137361
2026-09-13 03:37:59,"Sun, 13 Sep 2026 03:37:49 GMT",14,2416,0.5,14.0,night,58.0,0,93,2.53,0,0,1,1,0.0,0.0,0.0,0.0,0.0,0,0.0,0.0,0,0,0,0,0,73757
2026-09-13 03:38:11,"Sun, 13 Sep 2026 03:38:05 GMT",14,2417,0.4,14.0,night,57.9,0,29,2.53,0,0,1,1,0.0,0.0,0.0,0.0,0.0,0,0.0,0.0,0,0,0,0,0,73316
2026-09-13 03:39:07,"Sun, 13 Sep 2026 03:38:51 GMT",8,1843,0.5,7.9,night,73.2,148,986,5.73,1,0,1,1,1.0,1.0,0.0,0.927,0.907,106,0.0,0.076,1,1,0,0,0,135764
2026-09-13 03:39:19,"Sun, 13 Sep 2026 03:39:06 GMT",8,1844,0.7,8.3,night,76.0,86,760,5.89,1,0,1,1,1.0,1.0,0.0,0.604,0.981,159,0.0,0.138,1,1,0,0,0,140289
2026-09-13 03:39:55,"Sun, 13 Sep 2026 03:39:50 GMT",15,1800,0.3,9.0,night,74.3,246,1261,5.87,2,2,2,1,1.0,0.4,0.0,0.734,0.889,161,0.0,0.258,3,5,0,1,0,136484
2026-09-13 03:41:08,"Sun, 13 Sep 2026 03:41:05 GMT",14,2418,0.4,14.0,night,59.6,0,31,2.57,0,0,1,1,0.0,0.0,0.0,0.0,0.0,0,0.0,0.0,0,0,0,0,0,75023
2026-09-13 03:42:04,"Sun, 13 Sep 2026 03:41:51 GMT",8,1845,0.3,8.1,night,74.5,60,598,5.81,1,0,1,1,1.0,1.0,0.0,0.875,0.926,122,0.0,0.118,1,1,0,0,0,138345
2026-09-13 03:42:28,"Sun, 13 Sep 2026 03:42:05 GMT",8,1846,0.4,8.1,night,74.6,289,1167,5.81,6,4,4,2,0.75,0.43,0.6,0.099,0.321,207,0.0,0.06,4,14,0,0,0,138777
2026-09-13 03:42:52,"Sun, 13 Sep 2026 03:42:51 GMT",15,1801,0.4,9.1,night,74.4,189,1173,5.91,1,1,1,1,1.0,0.5,0.0,0.698,0.907,163,0.0,0.064,2,2,0,0,0,136696
2026-09-13 03:43:05,"Sun, 13 Sep 2026 03:42:51 GMT",15,1802,0.3,9.1,night,74.4,33,666,5.91,0,0,1,1,0.0,0.0,0.0,0.0,0.0,0,0.0,0.0,0,0,0,0,0,136696
2026-09-13 03:43:17,"Sun, 13 Sep 2026 03:43:04 GMT",17,121,4.1,8.4,night,38.7,1903,7572,3.37,28,5,13,7,0.31,0.51,0.76,0.065,0.454,226,0.0,0.535,17,55,79,125,0,93949
2026-09-13 03:43:53,"Sun, 13 Sep 2026 03:43:49 GMT",14,2419,0.4,14.0,night,59.7,0,30,2.56,0,0,1,1,0.0,0.0,0.0,0.0,0.0,0,0.0,0.0,0,0,0,0,0,74952
2026-09-13 03:44:17,"Sun, 13 Sep 2026 03:44:04 GMT",14,2420,0.4,14.0,night,59.8,21,221,2.58,2,0,2,1,1.0,1.0,0.0,0.297,0.593,255,0.5,0.06,1,2,0,0,0,76091
2026-09-13 03:44:57,"Sun, 13 Sep 2026 03:44:50 GMT",8,1847,1.1,8.2,night,73.4,1307,2684,5.87,86,2,15,12,0.48,0.95,1.0,0.402,0.312,194,0.0,0.071,5,91,0,0,1,137182
2026-09-13 03:45:09,"Sun, 13 Sep 2026 03:45:05 GMT",8,1848,1.1,8.0,night,73.3,1470,3183,5.95,78,25,13,17,0.35,0.73,0.76,0.299,0.253,172,0.0,0.061,4,107,0,0,1,137879
2026-09-13 03:46:02,"Sun, 13 Sep 2026 03:45:51 GMT",15,1803,0.5,8.8,night,73.1,177,1136,5.82,1,1,1,1,1.0,0.33,0.0,0.729,0.889,165,0.0,0.393,3,3,0,1,0,135306
2026-09-13 03:46:14,"Sun, 13 Sep 2026 03:46:05 GMT",11,1703,0.5,9.3,night,26.3,211,268,2.82,10,9,4,4,0.62,0.53,0.53,0.298,0.691,250,0.1,0.101,2,19,0,0,1,79054
2026-09-13 03:46:53,"Sun, 13 Sep 2026 03:46:50 GMT",14,2421,0.6,14.0,night,58.4,39,112,2.55,3,1,2,2,0.75,0.75,1.0,0.316,0.58,255,0.33,0.072,2,4,0,0,1,73501
2026-09-13 03:47:17,"Sun, 13 Sep 2026 03:47:05 GMT",64,83,3.4,8.5,night,45.2,1979,9497,2.53,97,5,48,5,0.4,0.84,0.95,0.228,0.429,236,0.0,0.418,13,116,31,116,0,81868
2026-09-13 03:50:41,"Sun, 13 Sep 2026 03:50:05 GMT",18,1272,9.0,13.9,night,71.2,3852,32493,4.79,108,55,15,16,0.45,0.44,0.51,0.573,0.882,212,0.0,0.096,44,248,0,0,0,121893
2026-09-13 03:50:57,"Sun, 13 Sep 2026 03:50:51 GMT",8,1849,0.6,7.9,night,73.0,262,2394,5.79,2,1,2,1,1.0,0.4,0.0,0.609,0.981,154,0.0,0.13,4,5,0,0,0,137954
2026-09-13 03:51:09,"Sun, 13 Sep 2026 03:51:06 GMT",12,1689,0.6,8.7,night,75.3,1155,3330,6.87,12,5,3,7,0.57,0.2,0.34,0.31,0.92,186,0.0,0.22,26,60,0,4,0,152381
2026-09-13 03:52:01,"Sun, 13 Sep 2026 03:51:50 GMT",9,69,2.1,11.8,night,53.8,1534,7616,3.23,6,5,6,1,1.0,0.16,0.25,0.214,0.407,115,0.0,0.497,19,38,58,85,0,102767
2026-09-13 03:52:12,"Sun, 13 Sep 2026 03:52:04 GMT",11,1704,1.1,8.8,night,27.2,244,444,2.84,9,7,4,3,0.75,0.47,0.56,0.351,0.708,217,0.0,0.078,4,19,0,0,1,81232
2026-09-13 03:52:59,"Sun, 13 Sep 2026 03:52:49 GMT",14,2422,1.6,14.3,night,62.6,38,301,2.57,1,1,1,1,1.0,0.33,0.0,0.188,0.556,251,1.0,0.06,3,3,0,0,0,75818
2026-09-13 03:53:15,"Sun, 13 Sep 2026 03:53:05 GMT",18,1273,2.5,6.1,night,48.5,157,2283,4.54,1,1,1,1,1.0,0.5,0.0,0.479,0.759,176,0.0,0.181,2,2,0,0,0,111795
2026-09-13 03:54:03,"Sun, 13 Sep 2026 03:53:51 GMT",8,1850,2.0,8.7,night,77.1,1106,2923,6.02,62,1,11,12,0.47,0.97,1.0,0.465,0.473,189,0.0,0.089,3,64,0,0,1,141059
2026-09-13 03:54:14,"Sun, 13 Sep 2026 03:54:06 GMT",12,1690,3.6,10.1,night,75.9,2633,5000,6.95,119,13,17,11,0.64,0.7,0.75,0.355,0.425,175,0.0,0.062,19,170,0,5,1,150930
2026-09-13 03:55:06,"Sun, 13 Sep 2026 03:55:04 GMT",11,1705,5.6,12.5,night,31.1,1324,1965,3.04,82,3,15,9,0.61,0.92,0.93,0.779,0.21,255,0.37,0.06,4,89,0,0,1,91823
2026-09-13 03:55:18,"Sun, 13 Sep 2026 03:55:04 GMT",11,1706,3.9,12.5,night,31.1,1203,1608,3.04,77,1,15,9,0.57,0.97,1.0,0.779,0.208,255,0.39,0.116,3,79,0,0,1,91823
2026-09-13 03:55:54,"Sun, 13 Sep 2026 03:55:50 GMT",14,2423,2.8,12.9,night,62.6,96,3007,2.59,3,1,2,2,0.75,0.75,1.0,0.774,0.438,205,0.0,0.06,2,4,0,0,1,75852
2026-09-13 03:56:21,"Sun, 13 Sep 2026 03:56:05 GMT",18,1274,2.1,6.3,night,48.7,299,1569,4.57,17,2,6,5,0.57,0.81,1.0,0.751,0.398,99,0.0,0.06,3,21,0,0,1,111304
2026-09-13 03:57:05,"Sun, 13 Sep 2026 03:56:53 GMT",12,1691,1.2,8.5,night,73.5,1237,3863,6.36,50,2,9,9,0.62,0.77,1.0,0.342,0.424,162,0.0,0.12,14,65,0,2,1,142552
2026-09-13 03:57:17,"Sun, 13 Sep 2026 03:57:06 GMT",12,1692,1.0,8.4,night,73.4,701,3286,6.73,12,5,5,6,0.4,0.44,0.71,0.33,0.415,66,0.0,0.178,9,27,0,1,0,148824
2026-09-13 03:57:52,"Sun, 13 Sep 2026 03:57:49 GMT",11,1707,3.5,9.3,night,26.7,1039,3761,2.65,69,0,14,9,0.55,1.0,1.0,0.78,0.206,39,0.0,0.169,1,69,0,0,1,76879
2026-09-13 03:58:27,"Sun, 13 Sep 2026 03:58:05 GMT",11,1708,2.6,9.4,night,26.8,952,1583,2.66,65,0,13,9,0.56,1.0,1.0,0.779,0.204,40,0.0,0.219,1,65,0,0,0,77582
2026-09-13 03:59:07,"Sun, 13 Sep 2026 03:59:05 GMT",18,1275,1.6,6.3,night,48.9,428,1470,4.59,10,8,4,4,0.62,0.4,0.43,0.453,0.413,98,0.0,0.061,5,25,0,0,0,111492
2026-09-13 03:59:54,"Sun, 13 Sep 2026 03:59:50 GMT",12,1693,1.2,8.6,night,76.1,1415,4528,6.94,17,12,3,9,0.63,0.23,0.3,0.013,0.399,139,0.0,0.069,23,74,0,4,0,152460
2026-09-13 04:00:10,"Sun, 13 Sep 2026 04:00:06 GMT",12,1694,0.7,8.4,day,75.9,717,3023,6.78,8,4,6,4,0.33,0.32,0.67,0.301,0.87,186,0.0,0.256,11,25,0,7,0,151231
2026-09-13 04:00:53,"Sun, 13 Sep 2026 04:00:52 GMT",11,1709,4.3,10.1,day,30.6,971,10167,2.92,57,6,13,9,0.49,0.9,0.9,0.78,0.206,46,0.0,0.266,2,63,0,0,1,84474
2026-09-13 04:01:05,"Sun, 13 Sep 2026 04:01:03 GMT",141,52,7.5,10.6,day,28.4,6746,17059,1.99,249,12,33,14,0.54,0.81,0.85,0.508,0.177,61,0.0,0.062,21,309,160,210,0,59781
2026-09-13 04:01:57,"Sun, 13 Sep 2026 04:01:51 GMT",18,1276,1.3,6.3,day,52.7,16,618,4.72,0,0,1,1,0.0,0.0,0.0,0.0,0.0,0,0.0,0.0,0,0,0,0,0,122766
2026-09-13 04:05:33,"Sun, 13 Sep 2026 04:05:06 GMT",18,1277,1.1,6.4,day,49.7,3,1372,4.5,0,0,1,1,0.0,0.0,0.0,0.0,0.0,0,0.0,0.0,0,0,0,0,0,110873
2026-09-13 04:05:57,"Sun, 13 Sep 2026 04:05:51 GMT",12,1695,2.5,8.1,day,76.6,560,5620,6.69,2,2,1,2,1.0,0.11,0.0,0.271,0.843,168,0.0,0.365,12,18,0,5,0,149741
2026-09-13 04:06:10,"Sun, 13 Sep 2026 04:06:05 GMT",15,1804,2.6,8.5,day,75.6,483,7547,5.9,2,1,1,2,1.0,0.29,0.0,0.719,0.88,161,0.0,0.13,6,7,0,0,0,136847
2026-09-13 04:06:59,"Sun, 13 Sep 2026 04:06:49 GMT",20,14,4.4,16.1,day,42.2,3506,9519,3.64,145,54,51,6,0.47,0.67,0.69,0.482,0.159,146,0.0,0.275,12,218,0,47,0,92375
2026-09-13 04:07:23,"Sun, 13 Sep 2026 04:07:05 GMT",214,12,7.6,9.6,day,72.6,2358,17952,3.39,103,26,26,8,0.5,0.62,0.67,0.851,0.157,166,0.0,0.137,14,165,0,25,0,82317
2026-09-13 04:08:03,"Sun, 13 Sep 2026 04:07:50 GMT",18,1278,1.8,6.4,day,49.6,242,3275,4.46,3,1,2,2,0.75,0.38,1.0,0.691,0.401,48,0.0,0.085,6,8,0,0,0,110620
2026-09-13 04:08:15,"Sun, 13 Sep 2026 04:08:04 GMT",8,1851,8.6,11.4,day,63.7,14554,35479,3.19,573,75,82,15,0.47,0.57,0.62,0.684,0.448,199,0.0,0.076,91,997,0,0,0,94672
2026-09-13 04:08:56,"Sun, 13 Sep 2026 04:08:51 GMT",12,1696,4.2,9.3,day,78.9,784,12022,6.63,7,2,4,3,0.58,0.39,1.0,0.789,0.354,60,0.0,0.06,8,18,0,0,0,148076
2026-09-13 04:09:21,"Sun, 13 Sep 2026 04:09:06 GMT",15,1805,3.9,9.3,day,77.5,3385,9123,5.94,139,56,28,10,0.5,0.58,0.61,0.216,0.41,117,0.0,0.065,15,240,0,0,0,136380
2026-09-13 04:10:09,"Sun, 13 Sep 2026 04:10:05 GMT",1,45,5.2,12.2,day,61.8,1211,11857,3.71,38,35,28,2,0.68,0.4,0.41,0.357,0.344,249,0.0,0.389,7,95,0,72,0,111807
2026-09-13 04:11:03,"Sun, 13 Sep 2026 04:10:56 GMT",18,1279,2.7,7.1,day,52.3,2960,4097,4.46,138,41,33,6,0.7,0.65,0.65,0.488,0.425,185,0.0,0.07,4,212,0,0,1,110716
2026-09-13 04:11:20,"Sun, 13 Sep 2026 04:11:06 GMT",8,1852,3.1,8.4,day,77.2,2415,8144,5.63,89,44,30,7,0.42,0.53,0.56,0.624,0.404,140,0.0,0.144,12,167,0,0,0,135167
2026-09-13 04:12:05,"Sun, 13 Sep 2026 04:11:52 GMT",12,1697,8.2,9.8,day,85.7,11545,15497,6.61,614,84,75,13,0.63,0.8,0.81,0.549,0.422,174,0.0,0.073,21,770,0,5,0,147840
2026-09-13 04:12:17,"Sun, 13 Sep 2026 04:12:05 GMT",15,1806,7.0,7.5,day,83.3,7963,10456,6.08,340,192,39,13,0.67,0.63,0.64,0.177,0.418,131,0.0,0.09,11,541,0,0,0,138044
2026-09-13 04:13:06,"Sun, 13 Sep 2026 04:12:50 GMT",1,46,7.5,7.9,day,56.6,5139,21164,3.81,173,64,29,8,0.75,0.48,0.49,0.859,0.224,255,0.06,0.233,17,363,0,166,0,124712
2026-09-13 04:13:22,"Sun, 13 Sep 2026 04:13:06 GMT",215,8,6.6,6.7,day,58.3,2652,16443,3.96,51,24,23,3,0.74,0.27,0.3,0.332,0.569,236,0.0,0.095,31,189,0,0,0,126402
2026-09-13 04:14:03,"Sun, 13 Sep 2026 04:13:51 GMT",18,1280,5.4,8.7,day,63.3,3511,4784,5.06,254,0,59,6,0.72,1.0,1.0,0.51,0.418,213,0.0,0.118,1,254,0,0,1,144483
2026-09-13 04:14:40,"Sun, 13 Sep 2026 04:14:06 GMT",8,1853,5.9,10.2,day,82.3,5352,9355,5.65,195,151,32,12,0.51,0.55,0.56,0.857,0.476,178,0.0,0.134,7,354,0,0,0,142258
2026-09-13 04:14:52,"Sun, 13 Sep 2026 04:14:50 GMT",17,122,10.3,10.4,day,89.2,16331,40663,6.25,607,187,80,16,0.47,0.55,0.58,0.344,0.388,173,0.0,0.167,75,1108,73,208,0,144981
2026-09-13 04:15:09,"Sun, 13 Sep 2026 04:15:06 GMT",17,123,7.2,10.1,day,90.3,9728,31198,6.29,485,40,72,16,0.42,0.77,0.82,0.319,0.386,176,0.0,0.222,41,631,69,196,0,145249
2026-09-13 04:24:58,"Sun, 13 Sep 2026 04:24:49 GMT",33,161,10.4,11.9,day,73.9,8077,32506,4.8,190,187,55,6,0.58,0.38,0.4,0.255,0.324,235,0.0,0.148,27,501,31,94,0,104626
2026-09-13 04:25:23,"Sun, 13 Sep 2026 04:25:05 GMT",33,162,7.3,11.4,day,72.6,5340,19891,4.74,154,137,55,6,0.47,0.47,0.49,0.25,0.329,236,0.0,0.211,16,327,37,113,0,103381
2026-09-13 04:26:12,"Sun, 13 Sep 2026 04:26:06 GMT",218,16,6.3,10.7,day,76.9,6957,31971,3.69,126,72,22,13,0.44,0.28,0.32,0.9,0.381,209,0.0,0.35,70,443,0,147,0,134141
2026-09-13 04:27:17,"Sun, 13 Sep 2026 04:27:05 GMT",297,2,3.0,12.4,day,60.3,102,4215,5.06,3,0,3,1,1.0,1.0,1.0,0.677,0.667,171,0.0,0.06,1,3,0,0,0,117508
2026-09-13 04:28:18,"Sun, 13 Sep 2026 04:28:05 GMT",110,10,7.8,8.2,day,65.8,14103,38045,3.66,266,151,58,27,0.17,0.28,0.3,0.188,0.15,244,0.0,0.126,100,962,0,114,0,115737
2026-09-13 04:29:15,"Sun, 13 Sep 2026 04:29:07 GMT",218,17,4.6,9.7,day,75.9,4248,21940,6.49,104,15,22,13,0.36,0.49,0.61,0.913,0.381,229,0.0,0.386,52,213,3,118,0,178344
2026-09-13 04:29:56,"Sun, 13 Sep 2026 04:29:51 GMT",114,56,6.0,8.2,day,68.6,8486,28394,6.25,92,77,31,11,0.27,0.25,0.32,0.502,0.44,242,0.0,0.391,79,363,190,360,0,173108
2026-09-13 04:30:08,"Sun, 13 Sep 2026 04:30:05 GMT",297,3,2.8,12.7,day,63.5,161,2577,5.33,2,1,2,2,0.5,0.33,0.0,0.682,0.139,200,0.0,0.06,5,6,0,0,0,118632
2026-09-13 04:31:05,"Sun, 13 Sep 2026 04:30:50 GMT",33,163,7.7,11.6,day,67.9,5952,20789,5.47,164,139,55,4,0.75,0.43,0.44,0.273,0.327,211,0.0,0.242,12,378,40,133,0,138960
2026-09-13 04:31:30,"Sun, 13 Sep 2026 04:31:06 GMT",219,26,3.6,8.1,day,49.8,4713,18016,6.01,77,70,26,8,0.37,0.3,0.34,0.107,0.449,216,0.0,0.178,34,253,33,74,0,214362
2026-09-13 04:32:11,"Sun, 13 Sep 2026 04:32:06 GMT",218,18,5.6,10.3,day,65.1,3667,15770,7.47,91,12,19,10,0.48,0.55,0.64,0.829,0.361,215,0.0,0.319,25,164,5,102,1,231715
2026-09-13 04:33:06,"Sun, 13 Sep 2026 04:32:51 GMT",222,4,7.6,9.8,day,58.4,12412,35051,3.71,297,94,65,9,0.51,0.33,0.35,0.287,0.413,246,0.0,0.125,75,895,0,0,0,150212
2026-09-13 04:33:18,"Sun, 13 Sep 2026 04:33:06 GMT",297,4,4.0,13.8,day,67.2,730,8826,6.85,5,4,3,2,0.83,0.23,0.33,0.748,0.141,223,0.0,0.071,11,22,0,0,0,177710
2026-09-13 04:33:56,"Sun, 13 Sep 2026 04:33:50 GMT",33,164,6.1,12.4,day,78.1,3397,19894,6.33,51,49,25,3,0.68,0.26,0.27,0.377,0.333,228,0.0,0.291,16,199,40,128,0,167393
2026-09-13 04:34:09,"Sun, 13 Sep 2026 04:34:06 GMT",219,27,2.4,7.5,day,64.9,1972,10897,7.31,15,11,9,6,0.28,0.23,0.37,0.646,0.406,246,0.0,0.46,26,65,34,80,0,236535
2026-09-13 04:34:21,"Sun, 13 Sep 2026 04:34:06 GMT",219,28,1.7,7.5,day,64.9,944,5859,7.31,5,5,3,3,0.56,0.2,0.38,0.654,0.393,239,0.0,0.569,12,25,28,53,0,236535
2026-09-13 04:35:04,"Sun, 13 Sep 2026 04:34:52 GMT",217,13,7.2,8.6,day,71.6,5836,31200,7.69,18,17,5,6,0.6,0.08,0.15,0.584,0.943,141,0.0,0.121,93,212,0,1,0,247849
2026-09-13 04:35:17,"Sun, 13 Sep 2026 04:35:07 GMT",218,19,3.5,8.8,day,70.2,3355,11378,7.93,138,24,24,12,0.48,0.63,0.67,0.878,0.386,231,0.0,0.361,18,218,6,129,1,238965
2026-09-13 04:36:09,"Sun, 13 Sep 2026 04:36:07 GMT",297,5,2.8,13.9,day,69.4,556,3730,6.99,6,6,3,3,0.67,0.33,0.4,0.748,0.145,222,0.0,0.106,6,18,0,0,0,176383
2026-09-13 04:36:22,"Sun, 13 Sep 2026 04:36:07 GMT",297,6,2.0,13.9,day,69.4,286,1489,6.99,6,4,6,1,1.0,0.43,0.6,0.672,0.667,204,0.0,0.14,5,14,0,0,0,176383
2026-09-13 04:41:29,"Sun, 13 Sep 2026 04:41:07 GMT",218,20,4.5,11.1,day,80.5,4196,15106,9.29,96,42,24,12,0.33,0.4,0.44,0.853,0.395,242,0.0,0.373,32,243,9,144,0,251603
2026-09-13 04:42:06,"Sun, 13 Sep 2026 04:41:51 GMT",297,7,3.6,13.5,day,80.5,816,11451,8.33,7,7,3,3,0.78,0.19,0.28,0.749,0.143,241,0.0,0.18,13,37,0,0,0,201328
2026-09-13 04:42:22,"Sun, 13 Sep 2026 04:42:04 GMT",233,2,8.0,10.8,day,87.2,16836,33294,6.01,606,347,96,16,0.39,0.47,0.49,0.625,0.144,252,0.02,0.06,76,1290,0,0,0,145163
2026-09-13 04:43:03,"Sun, 13 Sep 2026 04:42:51 GMT",219,29,2.0,8.2,day,71.5,1417,5769,8.49,11,4,5,5,0.44,0.22,0.35,0.952,0.347,126,0.0,0.063,23,50,38,66,0,245667
2026-09-13 04:43:16,"Sun, 13 Sep 2026 04:43:06 GMT",219,30,1.4,8.2,day,72.2,862,3445,8.53,5,3,2,3,0.83,0.24,0.62,0.944,0.367,116,0.0,0.083,12,21,39,52,0,246857
2026-09-13 04:44:14,"Sun, 13 Sep 2026 04:44:06 GMT",218,21,4.1,11.4,day,79.0,3798,14959,10.02,81,37,21,10,0.39,0.36,0.39,0.837,0.373,250,0.01,0.393,27,228,12,163,0,250629
2026-09-13 04:44:56,"Sun, 13 Sep 2026 04:44:52 GMT",297,8,3.0,11.7,day,77.8,747,7525,8.1,7,7,5,3,0.47,0.18,0.28,0.811,0.008,249,0.0,0.084,16,39,0,1,0,194270
2026-09-13 04:45:09,"Sun, 13 Sep 2026 04:45:06 GMT",33,165,6.0,15.0,day,85.5,997,11930,6.74,15,11,12,2,0.62,0.3,0.33,0.633,0.067,252,0.13,0.083,8,50,16,27,0,177849
2026-09-13 04:45:54,"Sun, 13 Sep 2026 04:45:51 GMT",219,31,1.4,8.6,day,69.3,1584,6517,9.07,9,8,4,3,0.75,0.17,0.25,0.153,0.302,132,0.0,0.114,18,52,33,39,0,242090
2026-09-13 04:46:19,"Sun, 13 Sep 2026 04:46:06 GMT",219,32,1.1,8.6,day,70.5,984,4445,9.25,11,3,6,5,0.37,0.38,0.79,0.166,0.328,118,0.0,0.143,15,29,18,21,0,244384
2026-09-13 04:46:57,"Sun, 13 Sep 2026 04:46:51 GMT",218,22,3.6,12.1,day,82.0,3627,11648,9.87,52,40,18,8,0.36,0.22,0.25,0.344,0.866,156,0.0,0.157,36,234,22,119,0,244334
2026-09-13 04:47:10,"Sun, 13 Sep 2026 04:47:07 GMT",114,57,6.8,15.2,day,72.5,8623,24927,9.78,86,50,17,11,0.46,0.24,0.27,0.076,0.437,250,0.06,0.338,51,356,216,422,0,243676
2026-09-13 04:48:00,"Sun, 13 Sep 2026 04:47:52 GMT",297,9,3.4,11.0,day,79.4,1138,8138,8.17,16,11,9,7,0.25,0.23,0.3,0.764,0.119,248,0.0,0.145,19,69,0,4,0,193984
2026-09-13 04:48:13,"Sun, 13 Sep 2026 04:48:05 GMT",33,166,3.1,13.9,day,76.8,1213,3469,6.11,26,15,6,9,0.48,0.42,0.45,0.722,0.334,249,0.0,0.424,8,62,20,44,0,156508
2026-09-13 04:48:55,"Sun, 13 Sep 2026 04:48:53 GMT",219,33,1.4,8.5,day,73.7,1103,3931,9.41,25,6,8,7,0.45,0.51,0.71,0.181,0.391,252,0.2,0.163,16,49,14,23,0,247007
2026-09-13 04:49:08,"Sun, 13 Sep 2026 04:48:53 GMT",219,34,1.0,8.5,day,73.7,624,2396,9.41,5,5,5,1,1.0,0.19,0.29,0.177,0.37,126,0.0,0.178,12,26,7,15,0,247007
2026-09-13 04:49:25,"Sun, 13 Sep 2026 04:49:10 GMT",217,14,6.1,11.5,day,71.0,6297,31526,8.79,117,49,26,14,0.32,0.34,0.4,0.42,0.419,252,0.01,0.099,58,346,0,9,0,225954
2026-09-13 04:50:07,"Sun, 13 Sep 2026 04:49:52 GMT",218,23,2.5,12.1,day,79.8,2408,8413,9.72,20,14,4,6,0.83,0.17,0.2,0.016,0.436,248,0.0,0.308,28,119,30,110,0,245034
2026-09-13 04:50:19,"Sun, 13 Sep 2026 04:50:06 GMT",114,58,4.0,14.4,day,73.4,6135,17321,10.26,51,39,15,10,0.34,0.22,0.27,0.687,0.906,175,0.0,0.37,48,232,200,347,0,262315
2026-09-13 04:50:57,"Sun, 13 Sep 2026 04:50:51 GMT",297,10,3.7,10.5,day,81.3,1665,8785,8.35,21,19,10,6,0.35,0.19,0.22,0.812,0.03,249,0.0,0.132,21,112,0,10,0,196990
2026-09-13 04:51:27,"Sun, 13 Sep 2026 04:51:09 GMT",33,167,3.5,11.9,day,80.4,1578,6392,6.62,36,18,12,13,0.23,0.51,0.59,0.701,0.346,252,0.11,0.36,11,70,37,58,0,178850
2026-09-13 04:51:56,"Sun, 13 Sep 2026 04:51:51 GMT",219,35,1.9,8.2,day,72.9,1094,3908,9.71,17,10,6,6,0.47,0.34,0.42,0.435,0.423,253,0.59,0.2,11,50,16,35,0,249058
2026-09-13 04:52:25,"Sun, 13 Sep 2026 04:52:08 GMT",217,15,5.2,11.7,day,80.9,5119,29660,10.83,33,27,17,6,0.32,0.15,0.21,0.905,0.949,170,0.0,0.116,69,216,0,9,0,290079
2026-09-13 04:54:35,"Sun, 13 Sep 2026 04:54:06 GMT",33,168,3.8,14.8,day,81.8,1560,6507,7.05,18,13,18,2,0.5,0.24,0.28,0.745,0.105,253,0.83,0.068,16,74,32,47,0,185466
2026-09-13 04:55:04,"Sun, 13 Sep 2026 04:54:55 GMT",219,36,2.6,8.2,day,79.3,1715,6645,11.12,23,15,9,5,0.51,0.29,0.39,0.456,0.419,254,0.65,0.233,23,79,16,25,0,284123
2026-09-13 04:55:16,"Sun, 13 Sep 2026 04:55:06 GMT",217,16,3.7,12.6,day,78.3,3433,19089,10.86,70,53,18,9,0.43,0.39,0.48,0.895,0.935,217,0.0,0.131,31,180,0,3,0,288897
2026-09-13 04:55:59,"Sun, 13 Sep 2026 04:55:54 GMT",114,59,2.8,13.9,day,75.5,4602,11972,10.43,25,16,9,8,0.35,0.17,0.22,0.717,0.927,177,0.0,0.426,38,147,188,292,0,265096
2026-09-13 04:56:11,"Sun, 13 Sep 2026 04:56:07 GMT",114,60,2.1,14.0,day,76.4,3409,8964,10.6,19,13,7,6,0.45,0.21,0.28,0.806,0.911,190,0.0,0.294,26,92,152,221,0,271305
2026-09-13 04:56:57,"Sun, 13 Sep 2026 04:56:51 GMT",33,169,3.3,11.5,day,77.4,1889,6892,7.01,24,22,16,2,0.75,0.24,0.28,0.21,0.21,197,0.0,0.086,17,99,29,43,0,187086
2026-09-13 04:57:10,"Sun, 13 Sep 2026 04:57:06 GMT",33,170,2.3,11.7,day,77.8,1238,3664,7.05,17,12,8,4,0.53,0.29,0.35,0.463,0.039,252,0.12,0.124,12,58,22,27,0,187775
2026-09-13 04:58:03,"Sun, 13 Sep 2026 04:57:51 GMT",219,37,8.3,12.9,day,87.3,20963,42735,3.94,480,383,60,25,0.32,0.32,0.35,0.659,0.75,183,0.0,0.068,154,1510,28,95,0,157541
2026-09-13 04:58:17,"Sun, 13 Sep 2026 04:58:08 GMT",217,17,4.1,11.2,day,81.2,3817,17346,11.67,107,17,19,10,0.56,0.48,0.6,0.899,0.926,227,0.0,0.145,45,225,0,5,0,302116
2026-09-13 04:59:03,"Sun, 13 Sep 2026 04:58:52 GMT",114,61,4.3,12.3,day,77.0,4942,12202,11.84,172,13,35,17,0.29,0.69,0.77,0.741,0.865,245,0.0,0.288,34,250,101,197,0,284896
2026-09-13 04:59:15,"Sun, 13 Sep 2026 04:59:08 GMT",114,62,3.3,12.3,day,77.9,3339,10096,11.97,67,24,14,14,0.34,0.41,0.45,0.687,0.904,241,0.0,0.381,23,162,56,142,0,288033
2026-09-13 04:59:58,"Sun, 13 Sep 2026 04:59:50 GMT",33,171,3.0,10.7,day,79.3,2185,6651,7.2,32,18,16,3,0.67,0.25,0.29,0.258,0.2,220,0.0,0.114,26,127,18,29,0,190704
2026-09-13 05:00:14,"Sun, 13 Sep 2026 05:00:05 GMT",33,172,2.2,10.8,day,79.4,1500,4500,7.08,25,13,13,3,0.64,0.3,0.41,0.271,0.198,226,0.0,0.155,21,82,16,21,0,187049
2026-09-13 05:00:56,"Sun, 13 Sep 2026 05:00:52 GMT",217,18,1.8,11.7,day,73.6,1606,5802,10.01,63,18,18,8,0.44,0.59,0.64,0.91,0.938,162,0.0,0.196,10,106,0,22,1,278321
2026-09-13 05:01:21,"Sun, 13 Sep 2026 05:01:07 GMT",217,19,1.7,12.1,day,79.5,1516,5345,10.72,67,17,17,9,0.44,0.62,0.69,0.902,0.925,172,0.0,0.242,12,108,0,33,1,289897
2026-09-13 05:02:03,"Sun, 13 Sep 2026 05:01:54 GMT",114,63,3.9,14.7,day,73.4,4284,11383,10.32,68,34,18,12,0.31,0.32,0.36,0.676,0.913,169,0.0,0.405,29,212,111,257,0,267442
2026-09-13 05:02:15,"Sun, 13 Sep 2026 05:02:05 GMT",114,64,8.4,12.0,day,70.0,23354,45583,5.95,393,183,57,25,0.28,0.26,0.28,0.69,0.788,156,0.0,0.153,134,1506,181,446,0,149151
2026-09-13 05:03:05,"Sun, 13 Sep 2026 05:02:51 GMT",33,173,3.3,13.1,day,76.1,3557,9700,6.65,75,63,16,17,0.28,0.32,0.35,0.669,0.197,255,0.41,0.283,25,233,27,63,0,175878
2026-09-13 05:03:17,"Sun, 13 Sep 2026 05:03:05 GMT",33,174,2.1,12.6,day,76.0,2332,6567,6.67,47,18,21,5,0.45,0.35,0.4,0.343,0.189,243,0.0,0.164,25,136,18,48,0,176512
2026-09-13 05:04:07,"Sun, 13 Sep 2026 05:03:53 GMT",293,7,10.4,13.3,day,95.9,25876,48152,13.77,1058,109,96,25,0.44,0.6,0.66,0.551,0.387,255,0.21,0.09,165,1761,0,12,0,304736
2026-09-13 05:04:20,"Sun, 13 Sep 2026 05:04:07 GMT",293,8,10.1,13.0,day,101.4,22809,44415,14.46,1151,107,96,32,0.37,0.73,0.77,0.536,0.342,255,0.19,0.13,113,1581,0,23,0,310182
2026-09-13 05:05:19,"Sun, 13 Sep 2026 05:05:06 GMT",297,11,5.1,11.8,day,79.7,5047,15370,9.5,134,120,40,11,0.3,0.36,0.39,0.707,0.077,253,0.49,0.103,42,377,0,11,0,217715
2026-09-13 05:05:57,"Sun, 13 Sep 2026 05:05:50 GMT",33,175,3.2,11.6,day,76.0,3411,9325,7.24,85,35,28,5,0.61,0.39,0.41,0.335,0.2,249,0.0,0.168,25,220,25,66,0,188761
2026-09-13 05:06:13,"Sun, 13 Sep 2026 05:06:06 GMT",33,176,2.6,11.1,day,75.4,2373,6499,7.2,68,15,28,4,0.61,0.52,0.64,0.346,0.202,249,0.0,0.207,24,130,25,63,0,187391
2026-09-13 05:12:47,"Sun, 13 Sep 2026 05:12:08 GMT",3,520,8.7,10.0,day,99.0,22951,47103,14.8,577,218,85,17,0.4,0.34,0.35,0.485,0.406,255,0.27,0.161,113,1721,6,92,0,337826
2026-09-13 05:12:59,"Sun, 13 Sep 2026 05:12:53 GMT",293,9,4.9,10.3,day,118.7,14495,37284,15.41,475,116,69,18,0.38,0.57,0.66,0.666,0.38,255,0.24,0.194,116,834,0,59,0,346023
2026-09-13 05:13:12,"Sun, 13 Sep 2026 05:13:09 GMT",267,13,7.7,8.5,day,106.2,29746,51382,15.02,1882,144,96,54,0.36,0.77,0.79,0.498,0.517,255,0.23,0.242,93,2445,0,683,0,336136
2026-09-13 05:14:05,"Sun, 13 Sep 2026 05:13:52 GMT",152,4,8.7,9.6,day,104.1,23759,47396,8.9,528,380,71,29,0.26,0.27,0.29,0.413,0.302,255,0.13,0.125,97,1921,0,0,0,208412
2026-09-13 05:14:30,"Sun, 13 Sep 2026 05:14:06 GMT",297,12,3.3,10.9,day,67.2,2980,9253,7.53,83,62,31,4,0.67,0.38,0.42,0.607,0.682,201,0.0,0.128,30,220,0,14,0,177486
2026-09-13 05:14:54,"Sun, 13 Sep 2026 05:14:51 GMT",33,177,8.0,11.2,day,63.1,9061,16617,5.7,540,42,96,20,0.28,0.84,0.86,0.529,0.177,254,0.19,0.151,18,644,30,101,0,158797
2026-09-13 05:15:19,"Sun, 13 Sep 2026 05:15:08 GMT",3,521,5.1,8.7,day,117.7,9246,29279,14.06,357,37,71,10,0.5,0.59,0.67,0.524,0.391,255,0.52,0.244,80,601,7,121,0,327589
2026-09-13 05:16:00,"Sun, 13 Sep 2026 05:15:52 GMT",293,10,3.4,11.1,day,113.2,9326,26530,14.72,415,83,56,17,0.44,0.67,0.71,0.725,0.404,255,0.43,0.243,43,615,0,92,0,340181
2026-09-13 05:16:17,"Sun, 13 Sep 2026 05:16:07 GMT",245,28,6.2,7.8,day,102.5,23722,46566,13.43,883,255,96,26,0.35,0.5,0.54,0.544,0.408,255,0.62,0.213,139,1753,66,533,0,330475
2026-09-13 05:16:54,"Sun, 13 Sep 2026 05:16:51 GMT",297,13,2.3,11.0,day,70.7,2327,7478,7.35,43,22,18,3,0.8,0.3,0.34,0.669,0.682,229,0.0,0.19,26,145,0,22,0,172538
2026-09-13 05:17:18,"Sun, 13 Sep 2026 05:17:05 GMT",297,14,1.6,10.9,day,70.5,1532,5250,7.48,46,8,28,2,0.82,0.52,0.63,0.617,0.675,230,0.0,0.226,20,89,0,24,1,177316
2026-09-13 05:17:55,"Sun, 13 Sep 2026 05:17:51 GMT",33,178,7.5,9.3,day,63.6,10235,18105,5.59,395,216,50,19,0.42,0.54,0.55,0.758,0.148,255,0.2,0.175,21,731,32,131,0,162515
2026-09-13 05:18:19,"Sun, 13 Sep 2026 05:18:08 GMT",3,522,3.7,6.6,day,108.6,5777,18106,13.37,329,7,67,9,0.55,0.81,0.89,0.477,0.402,255,0.68,0.29,37,407,11,167,0,319784
2026-09-13 05:19:01,"Sun, 13 Sep 2026 05:18:52 GMT",267,14,6.4,6.6,day,102.1,23658,46838,14.0,1052,279,96,26,0.42,0.62,0.66,0.541,0.385,255,0.61,0.28,133,1703,0,690,0,327998
2026-09-13 05:19:18,"Sun, 13 Sep 2026 05:19:08 GMT",267,15,4.7,7.6,day,97.6,17092,39475,14.23,768,180,96,18,0.44,0.65,0.7,0.574,0.389,255,0.63,0.331,94,1183,0,637,0,333284
2026-09-13 05:19:59,"Sun, 13 Sep 2026 05:19:51 GMT",297,15,3.0,11.3,day,74.7,1873,7522,8.12,22,18,9,5,0.49,0.17,0.19,0.734,0.079,251,0.05,0.101,26,127,0,17,0,193062
2026-09-13 05:20:15,"Sun, 13 Sep 2026 05:20:06 GMT",297,16,1.4,11.4,day,74.8,1246,3878,7.96,38,4,24,3,0.53,0.44,0.63,0.618,0.679,248,0.0,0.292,26,87,0,36,0,188073
2026-09-13 05:21:04,"Sun, 13 Sep 2026 05:20:52 GMT",3,523,4.8,5.9,day,79.2,9566,31251,9.29,265,15,59,10,0.45,0.59,0.75,0.511,0.409,255,0.68,0.343,90,448,15,203,0,228797
2026-09-13 05:21:17,"Sun, 13 Sep 2026 05:21:07 GMT",3,524,2.3,5.4,day,96.5,4870,13080,12.55,265,11,59,8,0.56,0.77,0.9,0.519,0.407,255,0.72,0.371,37,344,17,241,0,309029
2026-09-13 05:22:02,"Sun, 13 Sep 2026 05:21:51 GMT",267,16,5.2,7.1,day,89.5,14719,33831,13.08,692,25,96,18,0.4,0.7,0.74,0.609,0.401,255,0.65,0.337,71,993,95,661,0,313286
2026-09-13 05:22:14,"Sun, 13 Sep 2026 05:22:08 GMT",267,17,4.1,6.9,day,92.3,12178,26536,13.4,517,74,71,15,0.49,0.61,0.63,0.684,0.409,255,0.71,0.365,39,849,103,679,0,320760
2026-09-13 05:23:04,"Sun, 13 Sep 2026 05:22:51 GMT",297,17,8.8,10.8,day,84.9,9252,30650,8.84,357,40,77,12,0.39,0.54,0.56,0.629,0.074,254,0.07,0.099,49,661,0,42,0,207300
2026-09-13 05:23:58,"Sun, 13 Sep 2026 05:23:52 GMT",3,525,7.0,9.0,day,104.4,12481,38927,13.74,115,114,26,11,0.4,0.14,0.17,0.649,0.401,255,0.84,0.417,121,794,22,218,0,321057
2026-09-13 05:24:14,"Sun, 13 Sep 2026 05:24:08 GMT",3,526,5.4,9.7,day,107.2,7110,30485,14.03,99,46,27,9,0.41,0.26,0.3,0.656,0.406,255,0.87,0.45,77,385,29,193,0,322299
2026-09-13 05:29:59,"Sun, 13 Sep 2026 05:29:52 GMT",3,527,6.4,10.9,day,119.0,9687,35087,15.14,140,80,21,18,0.37,0.23,0.27,0.867,0.835,252,0.02,0.134,102,613,35,160,0,337044
2026-09-13 05:31:52,"Sun, 13 Sep 2026 05:31:08 GMT",191,16,8.8,9.8,day,92.0,20174,43526,12.73,875,130,90,20,0.49,0.66,0.72,0.467,0.367,255,0.27,0.237,123,1334,5,317,0,303513
2026-09-13 05:32:08,"Sun, 13 Sep 2026 05:32:05 GMT",300,2,8.1,14.1,day,57.2,8212,24441,5.85,430,99,80,24,0.22,0.67,0.69,0.41,0.083,255,0.08,0.06,28,640,0,0,0,173258
2026-09-13 05:33:04,"Sun, 13 Sep 2026 05:32:52 GMT",3,528,4.6,8.9,day,122.5,3236,18116,14.18,21,11,8,7,0.38,0.14,0.18,0.39,0.379,253,0.33,0.379,46,150,49,136,0,328315
2026-09-13 05:33:16,"Sun, 13 Sep 2026 05:33:07 GMT",293,11,4.6,12.0,day,135.1,11793,34066,16.05,341,101,58,15,0.39,0.5,0.57,0.722,0.371,254,0.34,0.268,91,683,0,241,0,353526
2026-09-13 05:33:58,"Sun, 13 Sep 2026 05:33:51 GMT",267,18,7.5,7.7,day,126.3,14313,32744,15.64,521,173,53,22,0.45,0.54,0.56,0.751,0.36,255,0.15,0.33,36,962,167,786,0,339379
2026-09-13 05:34:39,"Sun, 13 Sep 2026 05:34:23 GMT",191,17,6.0,9.7,day,117.9,14606,38547,13.89,589,126,78,18,0.42,0.62,0.69,0.383,0.329,255,0.2,0.31,104,957,9,349,0,320053
2026-09-13 05:34:51,"Sun, 13 Sep 2026 05:34:50 GMT",300,3,4.5,15.0,day,52.9,6814,14750,5.29,417,52,70,20,0.3,0.8,0.81,0.404,0.08,255,0.15,0.098,13,522,0,0,0,164745
2026-09-13 05:35:03,"Sun, 13 Sep 2026 05:34:50 GMT",300,4,3.2,15.0,day,52.9,4630,11000,5.29,251,20,68,14,0.26,0.72,0.74,0.406,0.07,255,0.16,0.155,20,350,0,0,0,164745
2026-09-13 05:35:15,"Sun, 13 Sep 2026 05:35:06 GMT",300,5,1.9,15.0,day,56.7,2849,7723,5.46,146,10,46,12,0.26,0.74,0.87,0.512,0.078,255,0.26,0.196,24,196,0,0,0,164955
2026-09-13 05:35:55,"Sun, 13 Sep 2026 05:35:52 GMT",3,529,4.7,8.6,day,137.0,4445,17422,14.37,175,17,46,8,0.48,0.67,0.74,0.576,0.41,252,0.14,0.372,31,262,57,220,0,333444
2026-09-13 05:36:20,"Sun, 13 Sep 2026 05:36:07 GMT",293,12,3.3,10.7,day,139.0,7720,21500,15.42,341,65,55,20,0.31,0.62,0.64,0.744,0.384,255,0.18,0.296,35,553,0,270,0,352421
2026-09-13 05:37:01,"Sun, 13 Sep 2026 05:36:53 GMT",191,18,6.4,8.5,day,127.9,10998,36483,15.19,494,127,65,18,0.42,0.68,0.74,0.344,0.333,254,0.08,0.351,54,725,19,393,0,333902
2026-09-13 05:37:13,"Sun, 13 Sep 2026 05:37:08 GMT",191,19,4.4,7.8,day,128.6,7589,26491,15.08,231,109,39,16,0.37,0.45,0.48,0.426,0.328,252,0.03,0.379,39,513,24,345,0,336054
2026-09-13 05:38:01,"Sun, 13 Sep 2026 05:37:50 GMT",300,6,7.8,12.9,day,58.3,8059,19904,5.86,566,36,92,18,0.34,0.91,0.92,0.419,0.094,255,0.11,0.154,13,623,0,0,0,176038
2026-09-13 05:38:13,"Sun, 13 Sep 2026 05:38:05 GMT",300,7,5.5,12.8,day,59.0,5916,13506,5.84,412,20,78,16,0.33,0.87,0.89,0.398,0.093,255,0.1,0.206,15,473,0,77,0,175118
2026-09-13 05:38:53,"Sun, 13 Sep 2026 05:38:51 GMT",171,8,7.4,10.7,day,154.8,28344,51116,8.18,1412,181,96,38,0.39,0.64,0.66,0.574,0.641,255,0.1,0.252,107,2214,0,435,0,186791
2026-09-13 05:39:21,"Sun, 13 Sep 2026 05:39:07 GMT",293,13,2.8,11.1,day,136.7,6055,21047,16.11,98,84,29,12,0.28,0.24,0.26,0.87,0.334,254,0.07,0.35,38,408,0,258,0,360874
2026-09-13 05:39:58,"Sun, 13 Sep 2026 05:39:52 GMT",191,20,5.2,8.7,day,135.5,8673,28707,14.58,142,136,25,20,0.28,0.26,0.29,0.341,0.3,255,0.34,0.392,68,548,47,360,0,325573
2026-09-13 05:40:10,"Sun, 13 Sep 2026 05:40:06 GMT",191,21,4.2,9.1,day,136.7,7283,23441,14.57,167,112,31,19,0.28,0.36,0.39,0.385,0.321,255,0.46,0.427,57,465,57,353,0,329553
2026-09-13 05:40:59,"Sun, 13 Sep 2026 05:40:51 GMT",300,8,6.3,12.8,day,56.3,5992,18514,4.8,301,31,67,16,0.28,0.67,0.71,0.686,0.112,255,0.12,0.192,30,447,0,74,0,145754
2026-09-13 05:44:20,"Sun, 13 Sep 2026 05:44:04 GMT",300,9,4.3,13.0,day,60.5,3775,11878,4.9,95,90,24,10,0.4,0.34,0.35,0.756,0.077,255,0.12,0.192,20,283,0,45,1,143325
2026-09-13 05:44:57,"Sun, 13 Sep 2026 05:44:53 GMT",293,14,5.8,12.4,day,132.7,21191,46330,19.9,602,199,71,32,0.26,0.42,0.47,0.56,0.42,255,0.4,0.213,181,1422,0,342,0,406833
2026-09-13 05:45:10,"Sun, 13 Sep 2026 05:45:08 GMT",293,15,4.5,12.1,day,133.6,12957,37781,19.82,107,94,17,19,0.33,0.14,0.17,0.896,0.398,255,0.4,0.361,122,750,0,322,0,408383
2026-09-13 05:45:23,"Sun, 13 Sep 2026 05:45:08 GMT",293,16,3.1,12.1,day,133.6,6310,27370,19.82,61,42,17,12,0.3,0.16,0.17,0.896,0.422,255,0.54,0.416,53,390,4,259,0,408383
2026-09-13 05:46:04,"Sun, 13 Sep 2026 05:45:53 GMT",191,22,7.7,10.2,day,105.9,14287,39785,14.36,360,166,56,20,0.32,0.41,0.44,0.393,0.36,254,0.12,0.357,84,875,78,477,0,326395
2026-09-13 05:46:29,"Sun, 13 Sep 2026 05:46:06 GMT",121,5,8.8,10.7,day,108.2,20271,46463,11.87,673,122,96,15,0.47,0.49,0.53,0.511,0.081,255,0.21,0.129,146,1382,0,0,0,260937
2026-09-13 05:46:53,"Sun, 13 Sep 2026 05:46:50 GMT",300,10,5.3,12.3,day,64.3,3918,11948,5.11,130,111,50,9,0.29,0.47,0.48,0.276,0.165,251,0.02,0.127,15,279,0,49,0,145299
2026-09-13 05:47:18,"Sun, 13 Sep 2026 05:47:06 GMT",300,11,3.8,12.3,day,64.4,2119,8498,5.13,63,47,36,4,0.44,0.39,0.43,0.283,0.148,249,0.0,0.191,17,160,0,46,0,145862
2026-09-13 05:48:03,"Sun, 13 Sep 2026 05:47:53 GMT",293,17,3.9,10.8,day,118.3,7423,21193,19.02,132,82,20,13,0.51,0.25,0.27,0.906,0.913,254,0.53,0.375,49,518,5,314,0,396146
2026-09-13 05:48:15,"Sun, 13 Sep 2026 05:48:06 GMT",293,18,5.8,11.3,day,120.0,41736,59425,8.29,3758,0,96,54,0.72,1.0,1.0,0.498,0.488,255,0.01,0.141,1,3758,19,420,0,240262
2026-09-13 05:49:10,"Sun, 13 Sep 2026 05:49:07 GMT",121,6,6.6,10.8,day,106.7,11623,37995,11.9,220,64,47,8,0.59,0.34,0.39,0.356,0.064,254,0.01,0.174,98,642,0,0,0,264620
2026-09-13 05:50:00,"Sun, 13 Sep 2026 05:49:53 GMT",300,12,3.9,11.8,day,68.2,2550,9037,5.36,65,64,28,4,0.58,0.34,0.35,0.315,0.162,232,0.0,0.149,13,192,0,41,0,149852
2026-09-13 05:50:12,"Sun, 13 Sep 2026 05:50:08 GMT",110,11,10.7,12.3,day,125.8,33533,55806,12.1,2469,103,96,54,0.48,0.89,0.91,0.562,0.568,255,0.14,0.18,58,2777,0,224,0,263124
2026-09-13 05:51:10,"Sun, 13 Sep 2026 05:51:06 GMT",267,19,8.1,9.8,day,115.4,16992,42027,16.91,290,111,58,13,0.38,0.31,0.36,0.436,0.907,251,0.08,0.378,153,921,203,722,0,357715
2026-09-13 05:52:05,"Sun, 13 Sep 2026 05:51:52 GMT",191,23,9.9,11.7,day,104.4,18362,46545,15.52,281,161,37,17,0.45,0.23,0.25,0.692,0.883,253,0.09,0.274,112,1213,97,482,0,335216
2026-09-13 05:52:21,"Sun, 13 Sep 2026 05:52:07 GMT",121,7,5.6,10.2,day,104.6,5870,30232,11.69,37,20,21,4,0.44,0.13,0.18,0.65,0.666,252,0.11,0.269,81,280,0,64,0,262563
2026-09-13 05:53:03,"Sun, 13 Sep 2026 05:52:51 GMT",300,13,4.6,11.6,day,73.1,2613,9667,5.73,87,40,39,7,0.32,0.45,0.48,0.254,0.181,253,0.02,0.154,12,192,0,33,0,157088
2026-09-13 05:53:19,"Sun, 13 Sep 2026 05:53:08 GMT",3,530,7.4,10.3,day,113.6,14021,39123,16.51,343,61,64,19,0.28,0.38,0.45,0.606,0.7,255,0.53,0.162,142,894,61,205,0,363143
2026-09-13 05:53:56,"Sun, 13 Sep 2026 05:53:52 GMT",293,19,3.5,10.7,day,115.2,13238,35962,19.18,403,103,57,17,0.42,0.52,0.6,0.724,0.433,255,0.17,0.366,102,771,36,473,0,401640
2026-09-13 05:54:09,"Sun, 13 Sep 2026 05:54:07 GMT",267,20,4.7,10.0,day,113.3,12033,33856,17.52,77,67,24,13,0.25,0.14,0.16,0.855,0.308,254,0.13,0.435,109,557,242,664,0,372202
2026-09-13 05:54:22,"Sun, 13 Sep 2026 05:54:07 GMT",267,21,3.3,10.0,day,113.3,7332,23700,17.52,32,19,9,11,0.32,0.13,0.17,0.277,0.892,250,0.03,0.438,84,254,238,462,0,372202
2026-09-13 05:55:03,"Sun, 13 Sep 2026 05:54:51 GMT",121,8,8.7,9.5,day,125.8,13517,39984,11.59,633,65,73,12,0.72,0.71,0.75,0.374,0.086,255,0.15,0.189,59,887,0,94,0,231401
2026-09-13 05:55:16,"Sun, 13 Sep 2026 05:55:07 GMT",121,9,2.3,10.2,day,104.3,1733,10310,11.81,10,8,7,4,0.36,0.16,0.24,0.915,0.819,235,0.0,0.154,28,64,0,31,0,264130
2026-09-13 05:56:14,"Sun, 13 Sep 2026 05:56:10 GMT",300,14,5.0,10.9,day,75.4,2613,10551,5.93,103,30,39,6,0.44,0.54,0.55,0.256,0.19,254,0.01,0.153,14,192,0,39,0,159791
2026-09-13 05:57:39,"Sun, 13 Sep 2026 05:57:07 GMT",267,22,3.1,9.8,day,110.6,9413,21166,17.29,62,62,11,11,0.51,0.13,0.15,0.287,0.883,251,0.16,0.422,81,460,273,628,0,367544
2026-09-13 05:57:55,"Sun, 13 Sep 2026 05:57:52 GMT",121,10,2.6,9.5,day,102.6,1439,9684,11.59,11,11,4,5,0.55,0.15,0.23,0.652,0.034,253,0.91,0.344,25,71,0,34,0,261940
2026-09-13 05:58:21,"Sun, 13 Sep 2026 05:58:07 GMT",121,11,1.9,9.7,day,102.9,754,4620,11.67,7,4,4,2,0.88,0.23,0.41,0.711,0.659,241,0.0,0.316,16,30,0,17,0,261725
2026-09-13 05:58:58,"Sun, 13 Sep 2026 05:58:52 GMT",205,3,5.4,16.7,day,120.5,18324,40430,12.48,289,146,47,22,0.28,0.21,0.22,0.747,0.823,254,0.03,0.105,114,1372,0,0,0,271606
2026-09-13 05:59:11,"Sun, 13 Sep 2026 05:59:08 GMT",3,531,5.3,9.2,day,114.7,7495,29178,16.4,44,39,16,8,0.34,0.13,0.16,0.416,0.653,254,0.7,0.325,86,346,75,205,0,363238
2026-09-13 06:00:02,"Sun, 13 Sep 2026 05:59:53 GMT",267,23,3.5,8.1,day,112.5,8176,19134,16.92,58,22,14,11,0.38,0.16,0.2,0.304,0.89,251,0.14,0.464,82,353,261,534,0,362947
2026-09-13 06:00:14,"Sun, 13 Sep 2026 06:00:08 GMT",267,24,2.4,8.3,day,113.1,6858,15270,17.27,30,28,13,6,0.38,0.11,0.14,0.558,0.941,250,0.1,0.512,68,266,258,472,0,370608
2026-09-13 06:01:37,"Sun, 13 Sep 2026 06:01:06 GMT",121,12,2.0,9.9,day,98.4,1082,4721,11.64,19,6,9,6,0.35,0.3,0.51,0.695,0.652,253,0.05,0.243,26,64,0,23,0,263101
2026-09-13 06:02:02,"Sun, 13 Sep 2026 06:01:53 GMT",3,532,3.4,8.2,day,92.9,3854,16783,14.47,35,23,13,8,0.34,0.22,0.31,0.81,0.673,253,0.2,0.269,52,159,64,139,0,342800
2026-09-13 06:02:15,"Sun, 13 Sep 2026 06:02:08 GMT",3,533,3.5,8.4,day,112.9,3453,16854,16.32,24,10,8,7,0.43,0.2,0.3,0.763,0.293,253,0.08,0.152,46,119,74,143,0,363531
2026-09-13 06:03:15,"Sun, 13 Sep 2026 06:03:08 GMT",267,25,3.7,7.3,day,98.4,6486,16324,15.47,35,22,18,6,0.32,0.14,0.18,0.271,0.435,253,0.03,0.357,61,247,236,416,0,333490
2026-09-13 06:04:06,"Sun, 13 Sep 2026 06:03:53 GMT",121,13,2.3,9.7,day,97.1,1317,5880,11.41,11,9,7,3,0.52,0.18,0.27,0.678,0.665,255,0.27,0.364,25,61,0,22,0,259979
2026-09-13 06:04:22,"Sun, 13 Sep 2026 06:04:06 GMT",300,15,7.4,8.4,day,82.8,5938,23165,6.39,232,79,39,10,0.59,0.55,0.57,0.278,0.229,253,0.0,0.119,22,423,0,44,0,171909
2026-09-13 06:05:15,"Sun, 13 Sep 2026 06:05:07 GMT",3,534,3.1,7.1,day,93.5,2964,11329,14.02,19,11,10,3,0.63,0.18,0.26,0.589,0.42,252,0.37,0.443,40,108,66,126,0,322733
2026-09-13 06:06:06,"Sun, 13 Sep 2026 06:05:55 GMT",267,26,3.1,7.1,day,105.4,7322,17707,16.74,69,46,13,11,0.48,0.22,0.27,0.287,0.912,251,0.09,0.455,64,310,266,496,0,365886
2026-09-13 06:06:19,"Sun, 13 Sep 2026 06:06:07 GMT",191,24,7.4,10.7,day,95.0,14401,39518,15.79,297,129,55,13,0.42,0.35,0.38,0.4,0.412,255,0.19,0.353,102,858,116,473,0,346653
2026-09-13 06:07:01,"Sun, 13 Sep 2026 06:06:53 GMT",121,14,2.5,9.2,day,97.5,1292,6437,11.5,5,4,4,2,0.62,0.09,0.19,0.537,0.807,230,0.0,0.168,30,54,0,22,0,260737
2026-09-13 06:07:18,"Sun, 13 Sep 2026 06:07:06 GMT",300,16,6.8,8.5,day,88.8,5265,24410,7.22,203,68,35,10,0.58,0.56,0.59,0.299,0.238,251,0.0,0.151,18,360,0,51,0,185326
2026-09-13 06:08:00,"Sun, 13 Sep 2026 06:07:53 GMT",3,535,2.3,8.6,day,99.6,4674,14154,14.94,33,29,12,5,0.55,0.15,0.19,0.414,0.646,253,0.06,0.323,60,221,75,180,0,330083
2026-09-13 06:08:12,"Sun, 13 Sep 2026 06:08:07 GMT",3,536,1.8,8.2,day,100.4,3287,10195,14.78,19,10,10,5,0.38,0.15,0.21,0.832,0.655,254,0.05,0.379,46,128,72,153,0,328346
2026-09-13 06:09:23,"Sun, 13 Sep 2026 06:09:08 GMT",191,25,5.9,9.7,day,90.8,9839,29863,14.83,106,68,26,15,0.27,0.19,0.21,0.347,0.396,253,0.04,0.436,72,564,145,504,0,323906
2026-09-13 06:27:09,"Sun, 13 Sep 2026 06:26:54 GMT",191,26,4.1,10.5,day,99.5,11545,33538,15.41,193,146,69,12,0.23,0.31,0.35,0.63,0.227,254,0.42,0.281,83,616,147,475,0,334273
2026-09-13 06:27:22,"Sun, 13 Sep 2026 06:27:08 GMT",121,15,4.0,7.9,day,90.2,3582,16396,10.88,59,13,17,11,0.32,0.34,0.46,0.611,0.906,202,0.0,0.13,46,173,0,25,0,253456
2026-09-13 06:28:12,"Sun, 13 Sep 2026 06:28:09 GMT",3,537,4.4,9.4,day,102.5,11259,28125,14.28,371,65,40,21,0.44,0.47,0.5,0.515,0.812,252,0.04,0.137,73,789,65,170,0,330349
2026-09-13 06:29:02,"Sun, 13 Sep 2026 06:28:53 GMT",293,20,4.3,8.5,day,101.3,19321,43695,16.4,457,95,61,20,0.37,0.46,0.57,0.725,0.398,255,0.13,0.363,199,989,84,537,0,354221
2026-09-13 06:29:15,"Sun, 13 Sep 2026 06:29:08 GMT",267,27,3.6,7.7,day,108.4,11703,30851,16.29,57,42,14,11,0.37,0.12,0.15,0.289,0.906,250,0.02,0.473,110,481,235,502,0,343198
2026-09-13 06:30:28,"Sun, 13 Sep 2026 06:30:08 GMT",121,16,3.2,8.2,day,90.9,2597,12078,11.1,27,9,10,6,0.45,0.26,0.42,0.657,0.929,171,0.0,0.142,40,105,1,20,0,253826
2026-09-13 06:31:34,"Sun, 13 Sep 2026 06:31:07 GMT",3,538,4.1,9.2,day,101.4,8374,21892,13.88,245,56,35,21,0.33,0.46,0.52,0.53,0.812,254,0.01,0.187,73,527,71,188,0,322494
2026-09-13 06:32:03,"Sun, 13 Sep 2026 06:31:53 GMT",293,21,4.2,7.6,day,101.4,13024,36976,16.46,140,53,37,12,0.32,0.26,0.31,0.585,0.371,255,0.39,0.406,105,546,94,428,0,359233
2026-09-13 06:32:20,"Sun, 13 Sep 2026 06:32:08 GMT",267,28,3.2,7.6,day,115.3,10622,28906,17.42,50,33,12,11,0.38,0.12,0.15,0.283,0.907,250,0.04,0.458,102,430,252,514,0,378640
2026-09-13 06:33:03,"Sun, 13 Sep 2026 06:32:52 GMT",121,17,3.3,7.5,day,92.3,1659,10016,10.96,20,6,9,6,0.37,0.34,0.67,0.654,0.922,168,0.0,0.182,28,59,1,10,0,250392
2026-09-13 06:33:15,"Sun, 13 Sep 2026 06:33:06 GMT",121,18,1.7,8.4,day,92.7,1318,6007,11.07,12,11,7,4,0.43,0.26,0.44,0.784,0.836,201,0.0,0.27,19,46,0,10,0,254778
2026-09-13 06:34:02,"Sun, 13 Sep 2026 06:33:51 GMT",93,36,8.6,9.6,day,104.0,10713,35039,8.91,236,100,50,11,0.43,0.35,0.39,0.339,0.301,255,0.17,0.153,90,669,0,3,0,216272
2026-09-13 06:34:19,"Sun, 13 Sep 2026 06:34:08 GMT",3,539,3.1,9.0,day,100.3,6632,19372,13.6,93,73,17,16,0.34,0.25,0.29,0.617,0.858,254,0.01,0.19,69,377,66,173,0,317280
2026-09-13 06:35:05,"Sun, 13 Sep 2026 06:34:51 GMT",267,29,4.2,5.6,day,112.6,26247,47786,15.11,931,383,96,32,0.3,0.47,0.49,0.46,0.702,255,0.03,0.17,89,1971,289,646,0,318016
2026-09-13 06:35:17,"Sun, 13 Sep 2026 06:35:07 GMT",267,30,2.4,7.3,day,110.7,8247,25960,16.14,36,25,13,11,0.25,0.15,0.23,0.29,0.888,251,0.06,0.453,84,235,225,389,0,340769
2026-09-13 06:35:59,"Sun, 13 Sep 2026 06:35:52 GMT",121,19,1.4,8.7,day,92.0,939,4830,11.08,5,4,5,2,0.5,0.17,0.42,0.792,0.83,186,0.0,0.349,17,30,0,12,0,254751
2026-09-13 06:36:24,"Sun, 13 Sep 2026 06:36:07 GMT",121,20,1.0,8.8,day,92.3,598,3168,11.11,3,2,3,1,1.0,0.23,1.0,0.125,0.778,192,0.0,0.229,10,13,0,6,0,255647
2026-09-13 06:37:06,"Sun, 13 Sep 2026 06:36:52 GMT",110,12,10.0,13.1,day,113.6,32417,55080,12.97,2277,59,96,54,0.44,0.88,0.9,0.587,0.524,255,0.05,0.21,68,2599,0,311,0,292975
2026-09-13 06:37:18,"Sun, 13 Sep 2026 06:37:08 GMT",3,540,2.4,9.5,day,102.2,5242,16626,13.87,57,53,21,7,0.39,0.22,0.26,0.451,0.677,255,0.07,0.344,54,265,43,145,0,321446
2026-09-13 06:38:04,"Sun, 13 Sep 2026 06:37:52 GMT",267,31,2.4,7.9,day,112.4,7161,21533,16.28,22,15,6,9,0.41,0.1,0.14,0.315,0.339,253,0.05,0.37,77,227,236,399,0,343956
2026-09-13 06:38:17,"Sun, 13 Sep 2026 06:38:08 GMT",267,32,2.5,8.0,day,112.2,6001,15897,16.38,23,19,9,6,0.43,0.11,0.13,0.12,0.304,255,0.22,0.334,56,213,228,389,0,341244
2026-09-13 06:39:03,"Sun, 13 Sep 2026 06:38:52 GMT",121,21,1.1,8.9,day,93.5,712,3174,11.26,2,2,1,2,1.0,0.09,0.0,0.583,0.657,220,0.0,0.357,19,22,1,8,0,257386
2026-09-13 06:48:46,"Sun, 13 Sep 2026 06:48:07 GMT",93,37,8.0,10.1,day,106.4,9128,34320,10.25,160,54,49,7,0.47,0.28,0.31,0.297,0.319,255,0.1,0.211,81,573,0,1,0,242608
2026-09-13 06:48:58,"Sun, 13 Sep 2026 06:48:52 GMT",3,541,3.3,10.0,day,103.0,7203,21855,13.56,51,45,18,9,0.31,0.12,0.14,0.474,0.683,254,0.06,0.361,97,433,33,137,0,316917
2026-09-13 06:51:04,"Sun, 13 Sep 2026 06:50:52 GMT",93,38,5.8,10.2,day,106.5,3891,25360,10.22,17,14,14,2,0.61,0.08,0.12,0.357,0.33,198,0.0,0.254,70,202,0,1,0,241315
2026-09-13 06:51:16,"Sun, 13 Sep 2026 06:51:06 GMT",93,39,4.2,10.2,day,106.5,1833,16239,10.2,6,4,5,3,0.4,0.09,0.21,0.969,0.963,178,0.0,0.134,33,64,0,0,0,241690
2026-09-13 06:52:07,"Sun, 13 Sep 2026 06:51:53 GMT",3,542,2.9,10.0,day,104.4,7096,20130,13.67,90,67,21,10,0.43,0.21,0.24,0.469,0.704,253,0.01,0.298,78,431,38,144,0,319515
2026-09-13 06:52:24,"Sun, 13 Sep 2026 06:52:09 GMT",293,22,3.6,8.4,day,105.4,10896,34542,16.42,65,58,21,8,0.39,0.16,0.2,0.887,0.931,255,0.02,0.463,108,415,112,363,0,363175
2026-09-13 06:53:05,"Sun, 13 Sep 2026 06:52:53 GMT",191,27,4.7,11.8,day,106.3,15369,40918,15.45,123,108,36,12,0.28,0.14,0.17,0.461,0.263,254,0.17,0.373,150,857,127,456,0,335686
2026-09-13 06:53:18,"Sun, 13 Sep 2026 06:53:09 GMT",191,28,3.3,11.9,day,103.6,9198,29981,15.27,65,46,20,7,0.46,0.15,0.19,0.749,0.945,250,0.02,0.488,105,429,141,390,0,332631
2026-09-13 06:53:55,"Sun, 13 Sep 2026 06:53:50 GMT",93,40,3.0,10.2,day,105.6,2510,11216,9.94,11,11,6,4,0.46,0.09,0.12,0.836,0.837,197,0.0,0.097,41,124,0,0,0,237066
2026-09-13 06:54:11,"Sun, 13 Sep 2026 06:54:08 GMT",93,41,2.1,10.1,day,105.6,1099,6632,10.15,3,3,2,2,0.75,0.14,0.5,0.226,0.617,187,0.0,0.118,15,22,0,0,0,241154
2026-09-13 06:55:06,"Sun, 13 Sep 2026 06:54:52 GMT",293,23,3.0,8.7,day,104.7,7287,26554,15.73,41,31,12,8,0.43,0.15,0.18,0.942,0.906,251,0.02,0.427,60,273,97,256,0,347208
2026-09-13 06:55:19,"Sun, 13 Sep 2026 06:55:08 GMT",293,24,2.2,8.7,day,104.9,4701,20918,16.24,16,15,6,6,0.44,0.09,0.12,0.367,0.941,253,0.06,0.23,50,176,75,182,0,358769
2026-09-13 06:55:55,"Sun, 13 Sep 2026 06:55:53 GMT",191,29,3.9,11.3,day,103.6,9499,27667,15.15,140,42,24,14,0.42,0.31,0.38,0.531,0.38,255,0.24,0.367,88,446,147,403,0,340820
2026-09-13 06:56:08,"Sun, 13 Sep 2026 06:55:53 GMT",191,30,2.7,11.3,day,103.6,5691,18362,15.15,39,14,14,7,0.4,0.17,0.21,0.574,0.373,254,0.1,0.346,59,227,132,285,0,340820
2026-09-13 06:56:21,"Sun, 13 Sep 2026 06:56:07 GMT",287,3,10.6,11.3,day,101.6,34046,55599,12.25,2664,79,96,54,0.51,0.92,0.93,0.531,0.577,255,0.03,0.104,46,2895,0,0,0,266559
2026-09-13 06:56:59,"Sun, 13 Sep 2026 06:56:50 GMT",93,42,1.8,10.0,day,106.0,1405,6196,10.08,7,4,3,4,0.58,0.16,0.35,0.704,0.937,191,0.0,0.166,25,44,0,1,0,238936
2026-09-13 06:57:15,"Sun, 13 Sep 2026 06:57:07 GMT",93,43,1.1,9.9,day,105.6,912,4762,10.04,4,2,4,1,1.0,0.27,1.0,0.609,0.722,198,0.0,0.126,10,15,0,0,0,239195
2026-09-13 06:58:05,"Sun, 13 Sep 2026 06:57:53 GMT",293,25,2.1,9.0,day,105.3,3837,13925,16.54,16,13,6,6,0.44,0.1,0.12,0.913,0.887,227,0.0,0.404,43,167,66,165,0,360839
2026-09-13 06:58:17,"Sun, 13 Sep 2026 06:58:08 GMT",293,26,1.5,8.9,day,105.1,3151,10118,16.66,14,11,6,6,0.39,0.1,0.14,0.868,0.323,251,0.07,0.411,45,140,78,168,0,366422
2026-09-13 06:59:00,"Sun, 13 Sep 2026 06:58:53 GMT",191,31,2.4,10.9,day,106.5,6893,19517,15.19,23,18,10,8,0.29,0.07,0.11,0.109,0.287,254,0.35,0.402,115,320,113,289,0,332165
2026-09-13 06:59:13,"Sun, 13 Sep 2026 06:59:08 GMT",121,22,3.4,9.7,day,94.6,3952,14001,11.4,31,21,16,5,0.39,0.14,0.2,0.134,0.797,208,0.0,0.131,73,225,0,21,0,258967
2026-09-13 07:00:03,"Sun, 13 Sep 2026 06:59:52 GMT",93,44,1.4,10.1,day,106.5,2601,8585,9.83,15,8,8,5,0.38,0.12,0.21,0.831,0.759,172,0.0,0.106,53,126,0,1,0,233975
2026-09-13 07:00:15,"Sun, 13 Sep 2026 07:00:08 GMT",93,45,0.9,10.0,day,106.5,1164,6480,10.0,3,3,2,2,0.75,0.15,0.5,0.486,0.846,191,0.0,0.188,14,20,0,1,0,236905
2026-09-13 07:02:25,"Sun, 13 Sep 2026 07:02:07 GMT",121,23,3.0,10.9,day,95.5,2503,10138,11.6,24,17,16,3,0.5,0.19,0.26,0.899,0.665,196,0.0,0.176,39,129,0,17,0,263916
2026-09-13 07:03:02,"Sun, 13 Sep 2026 07:02:53 GMT",93,46,1.3,10.0,day,107.3,1785,7477,9.97,6,5,4,3,0.5,0.09,0.18,0.974,0.969,173,0.0,0.137,36,67,0,2,0,236508
2026-09-13 07:03:19,"Sun, 13 Sep 2026 07:03:08 GMT",3,543,4.3,9.9,day,110.5,9300,26614,14.89,117,116,26,13,0.35,0.2,0.23,0.479,0.714,255,0.18,0.314,85,582,35,196,0,354022
2026-09-13 07:03:58,"Sun, 13 Sep 2026 07:03:53 GMT",293,27,2.3,9.3,day,111.5,4999,15076,16.65,25,16,8,9,0.35,0.11,0.14,0.483,0.381,255,0.16,0.345,50,218,83,188,0,365533
2026-09-13 07:04:14,"Sun, 13 Sep 2026 07:04:09 GMT",267,33,4.4,7.3,day,121.9,14008,37036,16.47,61,46,27,12,0.19,0.1,0.13,0.244,0.38,254,0.21,0.266,136,593,254,519,0,346617
2026-09-13 07:05:17,"Sun, 13 Sep 2026 07:05:08 GMT",121,24,2.7,10.5,day,96.8,2361,8817,11.64,20,9,10,6,0.33,0.16,0.22,0.59,0.831,225,0.0,0.229,46,127,0,15,0,263848
2026-09-13 07:05:59,"Sun, 13 Sep 2026 07:05:52 GMT",93,47,1.4,10.1,day,107.8,1853,7619,10.01,12,8,7,4,0.43,0.2,0.34,0.841,0.841,210,0.0,0.206,28,60,0,7,0,237066
2026-09-13 07:06:16,"Sun, 13 Sep 2026 07:06:07 GMT",3,544,3.6,9.7,day,111.5,8565,24407,14.05,83,56,22,12,0.31,0.15,0.18,0.483,0.702,255,0.17,0.372,90,538,41,220,0,326762
2026-09-13 07:07:02,"Sun, 13 Sep 2026 07:06:53 GMT",293,28,2.2,9.2,day,109.1,4491,13389,16.27,42,22,9,12,0.39,0.2,0.24,0.281,0.31,253,0.07,0.197,48,209,77,164,0,357897
2026-09-13 07:07:15,"Sun, 13 Sep 2026 07:07:08 GMT",267,34,4.4,7.5,day,119.6,9901,28518,16.19,22,19,10,4,0.55,0.06,0.07,0.494,0.874,252,0.09,0.373,99,369,272,500,0,345081
2026-09-13 07:08:10,"Sun, 13 Sep 2026 07:08:07 GMT",121,25,2.3,10.7,day,98.3,1997,7456,11.83,14,12,7,5,0.4,0.14,0.22,0.658,0.943,183,0.0,0.202,40,100,0,22,0,266008
2026-09-13 07:09:00,"Sun, 13 Sep 2026 07:08:51 GMT",93,48,1.5,10.2,day,108.2,1738,7051,9.94,9,6,5,4,0.45,0.13,0.23,0.847,0.751,188,0.0,0.154,30,70,0,7,0,236765
2026-09-13 07:09:13,"Sun, 13 Sep 2026 07:09:07 GMT",3,545,2.7,9.6,day,110.5,6493,18315,14.14,112,70,23,15,0.32,0.28,0.31,0.61,0.887,251,0.01,0.219,68,407,41,198,0,327152
2026-09-13 07:09:59,"Sun, 13 Sep 2026 07:09:52 GMT",267,35,2.5,7.7,day,114.4,10274,27484,14.77,47,16,12,15,0.26,0.13,0.19,0.939,0.496,242,0.0,0.344,129,368,251,443,0,331417
2026-09-13 07:10:12,"Sun, 13 Sep 2026 07:10:08 GMT",267,36,2.6,6.9,day,121.7,5467,18741,16.35,10,9,7,4,0.36,0.07,0.12,0.483,0.878,248,0.0,0.434,65,141,213,322,0,349831
2026-09-13 07:11:07,"Sun, 13 Sep 2026 07:10:51 GMT",121,26,1.8,10.6,day,98.1,1626,6072,11.72,10,8,9,3,0.37,0.12,0.22,0.11,0.793,206,0.0,0.282,39,80,0,17,0,265014
2026-09-13 07:11:19,"Sun, 13 Sep 2026 07:11:07 GMT",121,27,1.6,10.4,day,98.4,988,4566,11.78,4,3,4,3,0.33,0.11,0.57,0.12,0.792,191,0.0,0.351,24,35,0,12,0,266227
2026-09-13 07:12:02,"Sun, 13 Sep 2026 07:11:52 GMT",126,12,8.4,10.3,day,127.5,32890,53268,13.71,2395,126,96,54,0.46,0.87,0.88,0.515,0.553,255,0.07,0.335,55,2756,0,1733,0,304643
2026-09-13 07:12:15,"Sun, 13 Sep 2026 07:12:07 GMT",3,546,2.3,9.6,day,110.5,5900,16158,14.08,81,45,20,11,0.37,0.22,0.25,0.616,0.908,226,0.0,0.244,64,373,28,195,0,324859
2026-09-13 07:13:05,"Sun, 13 Sep 2026 07:12:54 GMT",267,37,2.5,6.9,day,119.5,4757,13319,16.48,12,10,8,3,0.5,0.09,0.14,0.483,0.866,251,0.25,0.372,49,130,222,322,0,351547
2026-09-13 07:13:18,"Sun, 13 Sep 2026 07:13:07 GMT",267,38,2.1,7.3,day,119.9,4521,10666,16.42,14,9,8,4,0.44,0.12,0.18,0.493,0.876,247,0.0,0.39,46,120,215,317,0,350651
2026-09-13 07:13:56,"Sun, 13 Sep 2026 07:13:51 GMT",121,28,1.4,10.5,day,98.8,1757,5834,11.61,16,10,9,4,0.44,0.18,0.35,0.132,0.802,214,0.0,0.235,38,88,0,22,0,264843
2026-09-13 07:20:37,"Sun, 13 Sep 2026 07:20:07 GMT",93,49,2.5,10.6,day,112.1,1856,8589,10.37,6,5,5,3,0.4,0.1,0.2,0.696,0.954,194,0.0,0.232,34,63,0,11,0,244346
2026-09-13 07:21:43,"Sun, 13 Sep 2026 07:21:06 GMT",293,29,2.5,10.4,day,108.3,5193,18950,14.73,15,14,8,4,0.47,0.09,0.12,0.38,0.957,253,0.07,0.234,64,174,67,136,0,315737
2026-09-13 07:22:08,"Sun, 13 Sep 2026 07:21:52 GMT",267,39,2.7,7.1,day,122.8,6308,17110,16.39,30,20,14,5,0.43,0.13,0.18,0.815,0.29,254,0.6,0.417,72,235,219,367,0,350031
2026-09-13 07:22:21,"Sun, 13 Sep 2026 07:22:08 GMT",191,32,4.1,9.2,day,112.1,9055,27464,15.39,73,50,11,16,0.41,0.18,0.22,0.96,0.229,247,0.0,0.185,100,416,117,295,0,335472
2026-09-13 07:23:02,"Sun, 13 Sep 2026 07:22:51 GMT",121,29,2.0,10.1,day,101.1,1694,6384,11.83,7,7,6,2,0.58,0.09,0.18,0.091,0.807,192,0.0,0.283,39,79,0,21,0,267313
2026-09-13 07:23:39,"Sun, 13 Sep 2026 07:23:08 GMT",93,50,2.0,10.7,day,113.0,1576,7791,10.27,6,4,6,2,0.5,0.12,0.38,0.599,0.892,180,0.0,0.183,30,48,0,6,0,241629
2026-09-13 07:24:04,"Sun, 13 Sep 2026 07:23:53 GMT",3,547,3.4,10.8,day,115.2,8609,22329,14.23,129,81,21,19,0.32,0.22,0.25,0.889,0.834,251,0.01,0.221,81,583,45,227,0,328058
2026-09-13 07:24:17,"Sun, 13 Sep 2026 07:24:13 GMT",293,30,2.0,10.3,day,114.0,3843,16183,16.36,15,12,7,4,0.54,0.12,0.18,0.378,0.946,238,0.0,0.298,45,120,63,122,0,361339
2026-09-13 07:25:07,"Sun, 13 Sep 2026 07:24:54 GMT",267,40,2.0,6.7,day,125.3,5381,12672,16.86,18,16,11,7,0.23,0.1,0.13,0.784,0.274,255,0.67,0.394,52,184,238,366,0,352110
2026-09-13 07:25:24,"Sun, 13 Sep 2026 07:25:13 GMT",191,33,3.1,8.9,day,113.4,6996,22748,16.18,29,19,7,8,0.52,0.1,0.13,0.969,0.258,249,0.0,0.236,78,280,130,301,0,343573
2026-09-13 07:25:54,"Sun, 13 Sep 2026 07:25:51 GMT",93,51,1.9,10.7,day,112.4,1921,8392,10.22,7,4,4,4,0.44,0.14,0.41,0.853,0.841,229,0.0,0.269,32,49,0,9,0,240505
2026-09-13 07:26:11,"Sun, 13 Sep 2026 07:26:06 GMT",93,52,1.3,10.7,day,112.3,1001,5829,10.42,3,3,2,2,0.75,0.17,0.5,0.486,0.827,177,0.0,0.268,13,18,0,4,0,245450
2026-09-13 07:27:05,"Sun, 13 Sep 2026 07:26:52 GMT",3,548,2.6,11.0,day,116.7,6301,19573,13.96,58,32,21,9,0.31,0.16,0.2,0.557,0.725,254,0.03,0.367,85,365,36,190,0,325103
2026-09-13 07:27:22,"Sun, 13 Sep 2026 07:27:07 GMT",293,31,1.9,10.3,day,116.2,3685,15962,16.49,24,13,8,4,0.75,0.17,0.24,0.382,0.96,255,0.17,0.265,39,138,44,105,0,364836
2026-09-13 07:28:00,"Sun, 13 Sep 2026 07:27:52 GMT",191,34,3.0,8.8,day,117.6,5273,18604,15.93,11,10,7,3,0.52,0.06,0.08,0.562,0.301,254,0.55,0.428,77,200,96,217,0,341610
2026-09-13 07:28:13,"Sun, 13 Sep 2026 07:28:10 GMT",191,35,1.7,8.9,day,114.8,3510,13986,15.8,8,5,2,5,0.8,0.08,0.22,0.6,0.296,254,0.12,0.381,63,103,68,147,0,342259
2026-09-13 07:29:03,"Sun, 13 Sep 2026 07:28:51 GMT",93,53,1.6,10.5,day,111.1,1650,6855,10.09,9,7,5,4,0.45,0.14,0.32,0.845,0.751,186,0.0,0.174,35,65,0,8,0,239973
2026-09-13 07:29:16,"Sun, 13 Sep 2026 07:29:07 GMT",93,54,1.2,10.5,day,111.0,1935,7684,10.13,8,6,4,5,0.4,0.12,0.24,0.253,0.912,186,0.0,0.147,30,64,0,12,0,237316
2026-09-13 07:30:10,"Sun, 13 Sep 2026 07:30:08 GMT",293,32,2.0,10.5,day,118.4,3659,12785,16.65,27,25,4,13,0.52,0.17,0.21,0.505,0.37,254,0.22,0.244,43,162,52,128,0,362736
2026-09-13 07:30:27,"Sun, 13 Sep 2026 07:30:08 GMT",293,33,1.4,10.5,day,118.4,2225,7671,16.65,16,14,4,9,0.44,0.17,0.2,0.506,0.395,254,0.25,0.342,26,96,32,81,0,362736
2026-09-13 07:31:05,"Sun, 13 Sep 2026 07:30:52 GMT",191,36,1.7,8.5,day,115.0,4609,14544,15.82,16,15,6,7,0.38,0.1,0.17,0.314,0.35,254,0.25,0.488,71,162,97,192,0,339158
2026-09-13 07:31:18,"Sun, 13 Sep 2026 07:31:08 GMT",191,37,1.2,8.6,day,115.1,2918,9429,16.03,14,7,4,6,0.58,0.16,0.24,0.565,0.29,253,0.14,0.405,36,90,82,143,0,344660
2026-09-13 07:32:13,"Sun, 13 Sep 2026 07:32:08 GMT",93,55,1.5,10.4,day,111.8,1519,6380,10.25,9,4,6,3,0.5,0.17,0.3,0.601,0.889,205,0.0,0.227,24,53,0,12,0,241069
2026-09-13 07:37:24,"Sun, 13 Sep 2026 07:37:06 GMT",297,18,5.7,11.2,day,82.2,4085,20763,8.83,36,28,17,4,0.53,0.14,0.17,0.785,0.02,252,0.44,0.211,49,255,1,40,0,213555
2026-09-13 07:38:17,"Sun, 13 Sep 2026 07:38:07 GMT",93,56,2.1,11.5,day,115.0,1134,6630,10.52,8,2,5,3,0.53,0.27,1.0,0.848,0.736,185,0.0,0.186,21,30,0,7,0,246416
2026-09-13 07:39:24,"Sun, 13 Sep 2026 07:39:15 GMT",293,34,2.5,10.8,day,124.9,3176,12296,17.01,18,14,8,8,0.28,0.14,0.17,0.886,0.91,254,0.11,0.424,35,128,54,130,0,366931
2026-09-13 07:39:57,"Sun, 13 Sep 2026 07:39:53 GMT",191,38,2.5,7.9,day,122.0,4308,17196,15.98,17,11,7,5,0.49,0.1,0.16,0.576,0.29,254,0.41,0.394,64,164,70,152,0,341221
2026-09-13 07:40:10,"Sun, 13 Sep 2026 07:40:06 GMT",121,30,4.1,9.3,day,106.8,2608,12621,12.35,18,12,9,4,0.5,0.16,0.18,0.955,0.623,165,0.0,0.08,27,116,0,22,0,274619
2026-09-13 07:40:56,"Sun, 13 Sep 2026 07:40:51 GMT",93,57,2.2,11.1,day,119.0,1334,6727,10.54,9,4,6,3,0.5,0.19,0.35,0.839,0.837,209,0.0,0.271,25,47,0,12,0,247128
2026-09-13 07:41:26,"Sun, 13 Sep 2026 07:41:08 GMT",3,549,2.6,10.3,day,112.2,5355,18627,13.35,39,20,16,7,0.35,0.14,0.2,0.868,0.735,222,0.0,0.388,86,277,29,165,0,317514
2026-09-13 07:42:04,"Sun, 13 Sep 2026 07:41:52 GMT",293,35,1.9,11.1,day,125.7,2939,13031,16.89,14,14,9,4,0.39,0.13,0.16,0.923,0.896,254,0.07,0.421,28,106,58,129,0,365959
2026-09-13 07:42:16,"Sun, 13 Sep 2026 07:42:08 GMT",267,41,3.6,5.8,day,132.8,6672,24091,16.53,24,13,7,7,0.49,0.12,0.18,0.175,0.279,253,0.25,0.329,77,202,227,364,0,351069
2026-09-13 07:42:54,"Sun, 13 Sep 2026 07:42:51 GMT",275,2,5.3,12.6,day,117.5,36259,56392,13.26,3279,7,96,54,0.63,0.99,0.99,0.497,0.516,254,0.02,0.06,19,3319,0,0,0,290490
2026-09-13 07:43:11,"Sun, 13 Sep 2026 07:43:07 GMT",121,31,3.1,9.3,day,107.2,2260,9566,12.14,18,13,8,6,0.38,0.18,0.25,0.686,0.934,194,0.0,0.158,33,102,0,14,0,270097
2026-09-13 07:44:13,"Sun, 13 Sep 2026 07:44:07 GMT",3,550,2.6,11.2,day,122.3,5997,19949,13.91,68,27,21,15,0.22,0.2,0.27,0.592,0.746,254,0.06,0.354,92,340,37,185,0,325355
2026-09-13 07:45:07,"Sun, 13 Sep 2026 07:44:52 GMT",293,36,1.8,11.2,day,126.4,2413,8816,16.72,11,9,5,3,0.73,0.13,0.19,0.079,0.412,253,0.09,0.377,28,82,56,112,0,364445
2026-09-13 07:45:24,"Sun, 13 Sep 2026 07:45:08 GMT",267,42,2.6,6.0,day,133.7,6612,21914,16.59,21,16,9,5,0.47,0.12,0.18,0.365,0.832,251,0.19,0.367,70,182,212,320,0,348148
2026-09-13 07:46:01,"Sun, 13 Sep 2026 07:45:53 GMT",121,32,1.5,9.8,day,104.1,2164,7661,11.75,21,15,8,8,0.33,0.19,0.25,0.704,0.924,209,0.0,0.145,36,112,1,26,0,266285
2026-09-13 07:46:14,"Sun, 13 Sep 2026 07:46:08 GMT",121,33,1.6,9.3,day,105.3,1591,5893,11.88,17,11,9,4,0.47,0.2,0.3,0.574,0.82,228,0.0,0.336,29,83,1,29,0,268682
2026-09-13 07:47:04,"Sun, 13 Sep 2026 07:46:52 GMT",93,58,1.6,11.3,day,119.0,2698,9854,10.34,18,8,10,6,0.3,0.16,0.3,0.864,0.755,203,0.0,0.196,53,110,0,14,0,244131
2026-09-13 07:47:21,"Sun, 13 Sep 2026 07:47:07 GMT",3,551,2.4,11.3,day,136.8,6004,21095,15.16,40,39,13,9,0.34,0.12,0.16,0.27,0.93,251,0.05,0.335,79,324,34,196,0,361613
2026-09-13 07:48:00,"Sun, 13 Sep 2026 07:47:57 GMT",267,43,3.1,6.1,day,139.7,7236,19398,17.03,28,14,9,6,0.52,0.13,0.2,0.273,0.655,249,0.0,0.103,88,221,237,320,0,373175
2026-09-13 07:48:25,"Sun, 13 Sep 2026 07:48:09 GMT",267,44,2.2,6.5,day,142.6,6023,18563,17.38,24,12,10,10,0.24,0.13,0.19,0.929,0.522,253,0.21,0.283,67,185,222,326,0,382593
2026-09-13 07:49:04,"Sun, 13 Sep 2026 07:48:57 GMT",121,34,1.1,9.4,day,106.5,1745,6164,12.01,21,12,10,6,0.35,0.22,0.29,0.568,0.834,225,0.0,0.257,30,95,1,29,0,269352
2026-09-13 07:49:16,"Sun, 13 Sep 2026 07:49:08 GMT",121,35,0.9,9.3,day,106.6,1406,5103,12.11,8,7,3,5,0.53,0.14,0.2,0.151,0.808,199,0.0,0.288,25,59,2,23,0,270245
2026-09-13 07:51:50,"Sun, 13 Sep 2026 07:51:13 GMT",267,45,2.5,7.0,day,142.3,5045,14085,17.63,13,11,8,4,0.41,0.1,0.15,0.375,0.83,251,0.38,0.395,46,126,227,309,0,383484
2026-09-13 07:52:15,"Sun, 13 Sep 2026 07:51:53 GMT",121,36,0.9,9.3,day,106.8,1201,4505,12.08,7,6,3,5,0.47,0.13,0.23,0.156,0.804,230,0.0,0.308,25,54,2,22,0,269999
2026-09-13 07:52:56,"Sun, 13 Sep 2026 07:52:52 GMT",3,552,2.5,11.2,day,124.7,6419,17417,14.01,140,42,36,19,0.2,0.35,0.4,0.642,0.832,254,0.17,0.299,58,400,43,223,0,329964
2026-09-13 07:53:20,"Sun, 13 Sep 2026 07:53:07 GMT",3,553,1.7,10.9,day,124.6,5167,14809,13.94,39,28,12,8,0.41,0.14,0.17,0.276,0.939,238,0.0,0.351,61,287,47,215,0,327010
2026-09-13 07:54:02,"Sun, 13 Sep 2026 07:53:56 GMT",267,46,2.5,6.9,day,143.7,5344,14106,17.62,29,14,5,8,0.72,0.19,0.24,0.028,0.307,255,0.17,0.224,42,151,227,312,0,384484
2026-09-13 07:54:18,"Sun, 13 Sep 2026 07:54:07 GMT",191,39,3.2,7.4,day,135.6,6817,27505,17.03,37,17,14,8,0.33,0.14,0.22,0.554,0.421,235,0.0,0.289,100,262,81,203,0,365962
2026-09-13 07:56:15,"Sun, 13 Sep 2026 07:56:00 GMT",3,554,2.3,11.0,day,142.2,5618,17097,15.22,38,36,15,9,0.28,0.12,0.15,0.629,0.749,254,0.58,0.353,67,304,39,202,0,364464
2026-09-13 07:57:12,"Sun, 13 Sep 2026 07:56:59 GMT",267,47,2.5,7.5,day,144.9,5685,14602,18.04,26,21,5,7,0.74,0.16,0.2,0.03,0.307,255,0.15,0.27,43,166,235,336,0,386177
2026-09-13 07:57:36,"Sun, 13 Sep 2026 07:57:11 GMT",191,40,2.0,7.3,day,132.6,4163,16031,17.5,17,8,11,5,0.31,0.12,0.19,0.763,0.96,241,0.0,0.477,59,144,76,166,0,380843
2026-09-13 07:58:25,"Sun, 13 Sep 2026 07:58:10 GMT",93,59,3.0,10.9,day,114.5,1942,9019,10.47,8,7,3,6,0.44,0.13,0.24,0.603,0.657,203,0.0,0.18,31,62,0,12,0,245191
2026-09-13 07:59:02,"Sun, 13 Sep 2026 07:58:54 GMT",3,555,2.0,11.0,day,140.2,5902,16262,15.32,47,35,17,8,0.35,0.14,0.16,0.268,0.916,254,0.15,0.32,65,332,44,212,0,365858
2026-09-13 07:59:14,"Sun, 13 Sep 2026 07:59:09 GMT",293,37,2.7,10.2,day,135.0,4725,18753,17.82,32,31,7,9,0.51,0.18,0.25,0.912,0.398,253,0.12,0.281,50,178,57,150,0,378894
2026-09-13 08:00:00,"Sun, 13 Sep 2026 07:59:54 GMT",267,48,1.6,7.2,day,144.4,5580,14073,17.83,34,22,15,10,0.23,0.2,0.26,0.334,0.852,252,0.65,0.37,51,170,225,321,0,381886
2026-09-13 08:00:48,"Sun, 13 Sep 2026 08:00:17 GMT",191,41,2.0,7.4,day,132.5,5045,19167,17.49,12,11,9,4,0.33,0.07,0.14,0.834,0.971,250,0.08,0.359,77,162,81,172,0,378580
2026-09-13 08:01:01,"Sun, 13 Sep 2026 08:00:54 GMT",274,3,7.1,10.0,day,112.7,29111,49122,11.28,2285,156,96,54,0.44,0.91,0.92,0.565,0.564,254,0.04,0.108,26,2503,0,0,0,272768
2026-09-13 08:01:13,"Sun, 13 Sep 2026 08:01:10 GMT",93,60,2.6,10.9,day,114.1,1451,6815,10.51,6,5,4,2,0.75,0.14,0.29,0.613,0.642,213,0.0,0.145,24,43,0,13,0,245819
2026-09-13 08:02:02,"Sun, 13 Sep 2026 08:01:53 GMT",3,556,2.4,11.3,day,141.4,6937,16464,15.18,127,99,24,18,0.29,0.29,0.33,0.287,0.853,255,0.21,0.257,64,437,53,259,0,367367
2026-09-13 08:02:19,"Sun, 13 Sep 2026 08:02:09 GMT",293,38,2.5,9.9,day,144.3,4033,17951,18.29,27,12,9,7,0.43,0.2,0.25,0.593,0.357,253,0.41,0.371,35,138,51,130,0,402915
2026-09-13 08:03:00,"Sun, 13 Sep 2026 08:02:53 GMT",267,49,1.6,7.3,day,146.0,4787,14056,18.11,21,15,5,6,0.7,0.19,0.27,0.032,0.308,254,0.14,0.355,33,109,227,318,0,388825
2026-09-13 08:03:13,"Sun, 13 Sep 2026 08:03:08 GMT",191,42,1.3,7.4,day,134.2,4564,17058,17.35,75,7,25,9,0.33,0.43,0.75,0.782,0.934,254,0.11,0.336,61,173,64,149,0,377699
2026-09-13 08:09:16,"Sun, 13 Sep 2026 08:09:10 GMT",191,43,1.8,7.3,day,133.9,4260,16742,17.4,34,15,12,6,0.47,0.23,0.38,0.765,0.946,255,0.32,0.39,52,146,70,145,0,377257
2026-09-13 08:09:54,"Sun, 13 Sep 2026 08:09:52 GMT",93,61,2.8,11.3,day,115.3,1690,8068,10.57,10,5,6,3,0.56,0.2,0.56,0.621,0.641,219,0.0,0.148,28,49,1,6,0,246202
2026-09-13 08:10:11,"Sun, 13 Sep 2026 08:09:52 GMT",93,62,1.9,11.3,day,115.3,623,4692,10.57,7,4,5,2,0.7,0.37,0.64,0.616,0.64,219,0.0,0.209,8,19,0,5,0,246202
2026-09-13 08:10:47,"Sun, 13 Sep 2026 08:10:11 GMT",93,63,1.5,11.4,day,115.4,1741,7411,10.34,6,4,5,3,0.4,0.1,0.32,0.585,0.67,216,0.0,0.289,40,62,0,11,0,242476
2026-09-13 08:11:00,"Sun, 13 Sep 2026 08:10:54 GMT",293,39,2.5,9.5,day,139.6,4329,15038,17.76,18,16,4,7,0.64,0.1,0.13,0.595,0.351,254,0.5,0.392,48,177,46,121,0,387814
2026-09-13 08:11:13,"Sun, 13 Sep 2026 08:11:08 GMT",293,40,1.6,9.5,day,140.0,2726,9685,17.97,15,9,5,7,0.43,0.16,0.24,0.594,0.349,254,0.47,0.423,34,93,39,97,0,397549
2026-09-13 08:11:59,"Sun, 13 Sep 2026 08:11:55 GMT",191,44,2.7,7.1,day,132.3,5286,15862,17.49,26,24,6,11,0.39,0.12,0.16,0.566,0.323,253,0.12,0.271,66,220,67,159,0,379316
2026-09-13 08:12:12,"Sun, 13 Sep 2026 08:12:05 GMT",275,3,5.5,10.0,day,133.3,33420,53014,11.17,2843,13,96,54,0.55,0.97,0.98,0.504,0.527,255,0.09,0.103,30,2927,0,0,0,253942
2026-09-13 08:13:03,"Sun, 13 Sep 2026 08:12:53 GMT",93,64,1.2,11.5,day,117.0,1829,7058,10.46,25,6,8,9,0.35,0.32,0.58,0.24,0.894,203,0.0,0.116,32,77,0,12,0,244418
2026-09-13 08:13:16,"Sun, 13 Sep 2026 08:13:06 GMT",93,65,0.9,11.6,day,117.0,840,4713,10.67,3,3,2,2,0.75,0.15,0.5,0.622,0.636,218,0.0,0.266,14,20,0,9,0,248493
2026-09-13 08:14:22,"Sun, 13 Sep 2026 08:14:09 GMT",293,41,1.6,9.6,day,140.3,3009,10973,18.22,15,12,8,4,0.47,0.13,0.16,0.371,0.954,255,0.87,0.374,29,114,50,123,0,399349
2026-09-13 08:15:04,"Sun, 13 Sep 2026 08:15:00 GMT",191,45,2.3,7.4,day,133.5,5064,14068,17.73,84,40,19,10,0.44,0.33,0.41,0.774,0.923,255,0.39,0.338,62,254,76,199,0,382938
2026-09-13 08:15:59,"Sun, 13 Sep 2026 08:15:54 GMT",93,66,1.0,11.6,day,116.9,1544,6703,10.46,5,5,2,3,0.83,0.1,0.24,0.66,0.848,215,0.0,0.275,29,48,0,11,0,245023
2026-09-13 08:16:12,"Sun, 13 Sep 2026 08:16:07 GMT",93,67,0.7,11.6,day,116.8,939,4868,10.67,2,2,1,2,1.0,0.09,0.0,0.594,0.657,194,0.0,0.382,17,23,0,10,0,248197
2026-09-13 08:17:07,"Sun, 13 Sep 2026 08:16:55 GMT",293,42,1.1,9.4,day,141.0,2093,7043,18.24,10,9,6,3,0.56,0.14,0.19,0.37,0.95,255,0.8,0.453,24,74,45,96,0,401778
2026-09-13 08:17:20,"Sun, 13 Sep 2026 08:17:08 GMT",267,50,2.4,6.4,day,138.4,6291,16943,17.43,41,31,10,8,0.51,0.2,0.25,0.049,0.302,254,0.29,0.312,42,201,219,327,0,367633
2026-09-13 08:17:57,"Sun, 13 Sep 2026 08:17:52 GMT",191,46,1.8,7.3,day,134.0,4798,13335,17.63,94,28,22,10,0.43,0.39,0.49,0.784,0.93,254,0.61,0.362,51,240,72,205,0,383925
2026-09-13 08:18:10,"Sun, 13 Sep 2026 08:18:07 GMT",121,37,3.0,8.9,day,110.4,3446,10202,12.67,63,18,24,6,0.44,0.29,0.36,0.867,0.954,222,0.0,0.132,50,220,1,33,0,278637
2026-09-13 08:19:06,"Sun, 13 Sep 2026 08:18:51 GMT",93,68,1.2,11.8,day,117.1,1163,5572,10.53,3,3,2,2,0.75,0.09,0.5,0.306,0.747,179,0.0,0.113,25,33,0,7,0,246702
2026-09-13 08:19:19,"Sun, 13 Sep 2026 08:19:10 GMT",3,557,3.2,9.2,day,122.6,6699,19690,13.87,44,40,14,8,0.39,0.12,0.14,0.856,0.7,239,0.0,0.393,87,375,57,240,0,326196
2026-09-13 08:19:57,"Sun, 13 Sep 2026 08:19:54 GMT",293,43,1.6,9.3,day,142.7,3591,13121,18.41,33,31,11,9,0.33,0.22,0.25,0.882,0.907,253,0.39,0.333,29,152,54,132,0,399349
2026-09-13 08:20:09,"Sun, 13 Sep 2026 08:20:07 GMT",267,51,2.9,8.1,day,147.4,6015,16015,18.27,42,22,9,7,0.67,0.2,0.23,0.041,0.295,253,0.33,0.317,46,214,221,335,0,387838
2026-09-13 08:20:22,"Sun, 13 Sep 2026 08:20:07 GMT",267,52,2.0,8.1,day,147.4,3948,10557,18.27,32,20,8,7,0.57,0.26,0.31,0.044,0.296,253,0.31,0.362,26,125,154,226,0,387838
2026-09-13 08:28:34,"Sun, 13 Sep 2026 08:28:07 GMT",3,558,2.8,9.5,day,140.6,6739,19389,15.49,60,37,14,10,0.43,0.15,0.19,0.857,0.717,254,0.47,0.366,91,398,60,267,0,366017
2026-09-13 08:29:03,"Sun, 13 Sep 2026 08:28:59 GMT",267,53,2.2,6.9,day,146.8,6026,14927,17.84,17,16,7,6,0.4,0.08,0.1,0.29,0.895,252,0.65,0.35,59,206,209,334,0,384431
2026-09-13 08:29:20,"Sun, 13 Sep 2026 08:29:09 GMT",267,54,2.8,7.7,day,147.8,7463,16792,17.39,31,23,15,6,0.34,0.11,0.15,0.625,0.906,252,0.39,0.234,81,287,227,349,0,383658
2026-09-13 08:30:21,"Sun, 13 Sep 2026 08:30:11 GMT",121,38,3.0,8.7,day,111.9,2827,9310,12.68,93,26,24,10,0.39,0.54,0.63,0.879,0.93,230,0.0,0.182,29,173,2,41,0,279616
2026-09-13 08:31:24,"Sun, 13 Sep 2026 08:31:17 GMT",3,559,1.8,9.5,day,137.9,5656,16700,14.99,56,23,15,8,0.47,0.19,0.23,0.869,0.712,253,0.46,0.405,76,302,55,243,0,361681
2026-09-13 08:32:02,"Sun, 13 Sep 2026 08:31:53 GMT",267,55,2.0,8.3,day,146.2,4577,11771,17.47,8,8,3,4,0.67,0.08,0.11,0.29,0.25,250,0.38,0.336,39,102,209,294,0,381433
2026-09-13 08:32:56,"Sun, 13 Sep 2026 08:32:52 GMT",121,39,2.3,8.8,day,113.3,2190,7792,12.72,52,17,19,9,0.3,0.38,0.52,0.918,0.933,232,0.0,0.203,32,136,2,38,0,279355
2026-09-13 08:33:08,"Sun, 13 Sep 2026 08:33:06 GMT",93,69,2.9,11.9,day,120.0,1738,8399,11.0,15,5,8,4,0.47,0.31,0.65,0.58,0.643,217,0.0,0.126,25,49,0,10,0,252598
2026-09-13 08:34:05,"Sun, 13 Sep 2026 08:33:54 GMT",3,560,1.8,9.2,day,143.7,5700,16533,15.06,45,14,10,8,0.56,0.16,0.22,0.878,0.733,254,0.53,0.385,81,281,66,237,0,363996
2026-09-13 08:35:29,"Sun, 13 Sep 2026 08:35:15 GMT",3,561,1.9,9.8,day,144.0,6116,15585,14.98,44,32,21,8,0.26,0.13,0.15,0.595,0.761,254,0.66,0.374,67,337,75,255,0,364235
2026-09-13 08:36:03,"Sun, 13 Sep 2026 08:35:51 GMT",121,40,1.9,8.8,day,115.1,1915,6698,12.96,16,15,9,4,0.44,0.16,0.2,0.572,0.818,249,0.0,0.413,30,102,2,37,0,283061
2026-09-13 08:36:15,"Sun, 13 Sep 2026 08:36:06 GMT",93,70,1.6,11.8,day,121.5,1876,7781,10.66,8,5,4,4,0.5,0.12,0.31,0.697,0.938,203,0.0,0.16,40,67,0,12,0,247303
2026-09-13 08:37:21,"Sun, 13 Sep 2026 08:37:05 GMT",3,562,1.3,9.3,day,143.8,5132,14413,15.22,46,20,15,9,0.34,0.18,0.24,0.862,0.71,254,0.52,0.404,75,260,77,247,0,364427
2026-09-13 08:39:39,"Sun, 13 Sep 2026 08:39:06 GMT",93,71,1.5,12.1,day,126.0,1455,6827,10.9,9,3,4,4,0.56,0.2,0.6,0.248,0.909,199,0.0,0.192,28,44,0,10,0,251460
2026-09-13 08:47:40,"Sun, 13 Sep 2026 08:47:07 GMT",191,47,3.3,7.1,day,139.1,7879,27254,17.65,107,30,22,10,0.49,0.29,0.35,0.795,0.922,255,0.64,0.334,85,374,77,239,0,377312
2026-09-13 08:47:56,"Sun, 13 Sep 2026 08:47:51 GMT",93,72,2.0,11.8,day,122.3,1419,7360,10.96,2,2,2,2,0.5,0.07,0.0,0.651,0.602,191,0.0,0.187,21,30,0,5,0,253624
2026-09-13 08:48:13,"Sun, 13 Sep 2026 08:48:07 GMT",93,73,1.4,11.8,day,122.2,1074,5767,10.96,3,2,3,2,0.5,0.15,1.0,0.49,0.846,207,0.0,0.37,16,20,0,11,0,253184
2026-09-13 08:49:19,"Sun, 13 Sep 2026 08:49:08 GMT",293,44,2.6,8.5,day,149.8,4915,21606,17.95,12,10,6,4,0.5,0.08,0.11,0.905,0.338,253,0.33,0.417,61,155,52,124,0,393129
2026-09-13 08:50:00,"Sun, 13 Sep 2026 08:49:53 GMT",191,48,2.7,7.3,day,140.6,6401,21850,17.76,61,30,16,9,0.42,0.24,0.3,0.745,0.914,255,0.64,0.381,56,250,84,211,0,374057
2026-09-13 08:50:12,"Sun, 13 Sep 2026 08:50:08 GMT",191,49,2.4,7.3,day,140.5,3633,13461,17.66,27,26,10,7,0.39,0.22,0.3,0.734,0.936,254,0.41,0.477,37,122,65,155,0,381201
2026-09-13 08:51:05,"Sun, 13 Sep 2026 08:50:51 GMT",93,74,1.4,12.1,day,127.6,1317,6434,10.94,6,5,3,5,0.4,0.18,0.43,0.252,0.904,197,0.0,0.218,22,34,0,6,0,250749
2026-09-13 08:51:21,"Sun, 13 Sep 2026 08:51:07 GMT",93,75,1.0,12.1,day,127.6,1295,5900,10.99,10,3,6,4,0.42,0.28,0.77,0.843,0.846,232,0.0,0.212,22,36,0,5,0,252601
2026-09-13 08:52:02,"Sun, 13 Sep 2026 08:51:53 GMT",293,45,2.0,8.5,day,150.6,3597,15083,18.27,43,7,12,8,0.45,0.34,0.44,0.883,0.907,255,0.65,0.34,39,128,56,122,0,397765
2026-09-13 08:52:15,"Sun, 13 Sep 2026 08:52:08 GMT",293,46,1.5,8.3,day,150.5,3035,10131,17.87,14,11,6,5,0.47,0.14,0.18,0.389,0.935,255,0.93,0.379,31,99,62,119,0,390988
2026-09-13 08:53:04,"Sun, 13 Sep 2026 08:52:53 GMT",191,50,2.1,7.4,day,140.4,3510,12285,17.56,18,13,5,9,0.4,0.14,0.24,0.332,0.299,253,0.44,0.452,55,127,79,156,0,380408
2026-09-13 08:53:16,"Sun, 13 Sep 2026 08:53:06 GMT",227,4,7.1,11.4,day,144.9,24375,46106,13.33,1019,236,85,48,0.25,0.53,0.55,0.708,0.581,255,0.25,0.137,114,1928,0,0,0,314433
2026-09-13 08:53:53,"Sun, 13 Sep 2026 08:53:51 GMT",93,76,0.9,12.0,day,126.6,924,5039,11.16,3,2,1,3,1.0,0.14,1.0,0.656,0.852,224,0.0,0.394,18,22,0,9,0,255635
2026-09-13 08:54:05,"Sun, 13 Sep 2026 08:53:51 GMT",93,77,0.6,12.0,day,126.6,327,2852,11.16,3,1,1,3,1.0,0.5,1.0,0.656,0.852,224,0.0,0.431,4,6,0,5,0,255635
2026-09-13 08:54:17,"Sun, 13 Sep 2026 08:54:07 GMT",93,78,0.5,12.0,day,126.6,883,4173,11.04,4,3,1,4,1.0,0.15,0.57,0.25,0.917,200,0.0,0.278,17,26,0,8,0,253515
2026-09-13 08:55:46,"Sun, 13 Sep 2026 08:55:07 GMT",293,47,1.2,8.1,day,150.0,2410,8841,17.98,12,5,6,5,0.4,0.16,0.29,0.87,0.937,254,0.5,0.498,36,74,60,103,0,396731
2026-09-13 08:55:59,"Sun, 13 Sep 2026 08:55:53 GMT",191,51,2.3,7.4,day,140.8,3781,12439,17.8,63,16,22,7,0.41,0.39,0.48,0.798,0.934,255,0.78,0.41,35,162,74,167,0,386095
2026-09-13 08:56:23,"Sun, 13 Sep 2026 08:56:10 GMT",121,41,3.2,8.6,day,114.3,2630,9566,13.06,58,15,15,11,0.35,0.4,0.51,0.939,0.901,220,0.0,0.207,41,145,4,50,0,284387
2026-09-13 08:57:08,"Sun, 13 Sep 2026 08:56:51 GMT",93,79,0.7,12.0,day,126.9,899,4485,11.15,2,2,2,2,0.5,0.11,0.0,0.661,0.843,219,0.0,0.415,16,19,0,7,0,255977
2026-09-13 08:57:20,"Sun, 13 Sep 2026 08:57:07 GMT",93,80,0.6,12.0,day,126.8,750,3964,11.05,3,2,2,2,0.75,0.21,1.0,0.253,0.901,207,0.0,0.338,10,14,0,3,0,253230
2026-09-13 08:57:57,"Sun, 13 Sep 2026 08:57:53 GMT",293,48,1.4,8.0,day,152.5,2586,10201,18.04,21,14,6,6,0.58,0.27,0.42,0.623,0.342,254,0.48,0.348,26,79,62,98,0,390942
2026-09-13 08:58:13,"Sun, 13 Sep 2026 08:58:08 GMT",267,56,2.9,9.0,day,152.8,6491,20472,17.76,19,18,11,3,0.58,0.1,0.15,0.298,0.298,254,0.68,0.242,62,181,209,308,0,384352
2026-09-13 08:59:07,"Sun, 13 Sep 2026 08:58:53 GMT",191,52,1.7,7.0,day,143.0,3819,11119,17.8,31,23,10,8,0.39,0.17,0.22,0.77,0.898,255,0.71,0.383,42,179,78,172,0,384359
2026-09-13 08:59:19,"Sun, 13 Sep 2026 08:59:06 GMT",121,42,2.7,8.8,day,114.9,1878,7435,12.99,41,7,13,9,0.35,0.4,0.54,0.938,0.879,228,0.0,0.214,31,102,4,48,0,283301
2026-09-13 09:21:36,"Sun, 13 Sep 2026 09:21:10 GMT",293,49,2.4,6.7,day,161.2,3900,20606,17.57,20,11,12,4,0.42,0.19,0.37,0.927,0.893,254,0.7,0.402,48,104,56,98,0,391579
2026-09-13 09:22:04,"Sun, 13 Sep 2026 09:21:52 GMT",267,57,4.7,10.4,day,161.0,7466,30412,17.72,22,20,10,9,0.24,0.1,0.15,0.313,0.86,253,0.86,0.292,82,218,215,312,0,381699
2026-09-13 09:22:16,"Sun, 13 Sep 2026 09:22:08 GMT",191,53,3.0,7.7,day,149.6,4320,20303,17.85,11,11,6,8,0.23,0.08,0.14,0.715,0.918,254,0.91,0.408,61,134,78,153,0,385926
2026-09-13 09:23:14,"Sun, 13 Sep 2026 09:23:07 GMT",93,81,4.1,12.3,day,126.4,1670,9916,11.09,9,8,5,3,0.6,0.15,0.24,0.847,0.619,163,0.0,0.068,23,59,0,7,0,256182
2026-09-13 09:24:02,"Sun, 13 Sep 2026 09:23:52 GMT",3,563,3.5,7.8,day,157.4,8389,26867,15.21,32,27,15,5,0.43,0.07,0.09,0.513,0.446,254,0.16,0.123,116,438,83,254,0,363565
2026-09-13 09:24:15,"Sun, 13 Sep 2026 09:24:08 GMT",293,50,2.0,6.5,day,161.1,2743,14278,17.66,18,6,10,4,0.45,0.22,0.35,0.934,0.888,254,0.78,0.407,33,82,57,95,0,394379
2026-09-13 09:25:04,"Sun, 13 Sep 2026 09:24:52 GMT",267,58,3.8,10.8,day,160.3,27878,53118,15.74,1521,432,96,32,0.5,0.65,0.67,0.521,0.727,255,0.52,0.111,84,2325,233,405,0,365611
2026-09-13 09:25:28,"Sun, 13 Sep 2026 09:25:09 GMT",191,54,3.0,7.5,day,150.0,3454,14988,17.83,42,19,11,8,0.48,0.33,0.49,0.566,0.288,254,0.38,0.245,41,127,66,127,0,382405
2026-09-13 09:25:53,"Sun, 13 Sep 2026 09:25:51 GMT",93,82,3.2,12.4,day,126.8,1649,7554,10.88,6,4,5,3,0.4,0.12,0.3,0.215,0.775,219,0.0,0.082,28,49,0,6,0,252462
2026-09-13 09:26:05,"Sun, 13 Sep 2026 09:25:51 GMT",93,83,2.3,12.4,day,126.8,670,4387,10.88,2,1,2,1,1.0,0.17,0.0,0.651,0.648,213,0.0,0.186,11,12,0,2,0,252462
2026-09-13 09:26:17,"Sun, 13 Sep 2026 09:26:06 GMT",93,84,1.6,12.4,day,126.5,1328,5790,10.96,13,4,7,4,0.46,0.3,0.5,0.839,0.754,201,0.0,0.117,21,43,0,9,0,254266
2026-09-13 09:26:58,"Sun, 13 Sep 2026 09:26:52 GMT",3,564,2.8,7.8,day,158.9,6029,21633,15.09,22,21,10,4,0.55,0.08,0.11,0.386,0.963,255,0.36,0.335,80,265,89,228,0,361737
2026-09-13 09:27:10,"Sun, 13 Sep 2026 09:27:08 GMT",293,51,2.1,6.2,day,161.0,2037,9385,17.38,8,4,4,4,0.5,0.24,0.67,0.641,0.377,247,0.0,0.373,19,34,58,73,0,382852
2026-09-13 09:28:04,"Sun, 13 Sep 2026 09:27:55 GMT",191,55,2.3,7.7,day,150.2,3028,11933,17.7,21,14,9,7,0.33,0.16,0.23,0.842,0.937,255,0.86,0.436,41,129,60,129,0,370160
2026-09-13 09:28:16,"Sun, 13 Sep 2026 09:28:11 GMT",191,56,1.7,7.4,day,150.1,2896,9863,17.62,8,5,4,4,0.5,0.09,0.18,0.878,0.963,255,1.0,0.331,50,94,70,116,0,377365
2026-09-13 09:29:21,"Sun, 13 Sep 2026 09:29:06 GMT",93,85,1.6,12.5,day,127.9,818,4642,11.06,3,3,3,2,0.5,0.19,0.5,0.833,0.735,182,0.0,0.194,11,16,0,3,0,256494
2026-09-13 09:30:01,"Sun, 13 Sep 2026 09:29:53 GMT",293,52,1.2,6.4,day,158.0,2091,10596,17.8,7,4,2,4,0.88,0.2,0.41,0.025,0.746,253,0.14,0.133,17,35,59,71,0,395765
2026-09-13 09:30:18,"Sun, 13 Sep 2026 09:30:11 GMT",293,53,1.2,6.2,day,159.6,1990,6627,17.82,15,10,6,6,0.42,0.25,0.34,0.882,0.894,254,0.53,0.315,19,60,57,83,0,394953
2026-09-13 09:31:07,"Sun, 13 Sep 2026 09:30:57 GMT",191,57,2.1,7.3,day,147.6,4135,13127,17.49,29,13,10,8,0.36,0.15,0.18,0.843,0.405,254,0.21,0.11,45,190,49,109,0,374675
2026-09-13 09:31:19,"Sun, 13 Sep 2026 09:31:08 GMT",191,58,1.4,7.3,day,147.9,3517,12097,17.56,34,20,11,10,0.31,0.22,0.26,0.88,0.389,254,0.35,0.193,37,158,63,125,0,376198
2026-09-13 09:32:00,"Sun, 13 Sep 2026 09:31:51 GMT",93,86,1.7,12.7,day,128.5,2656,8379,10.68,19,18,5,8,0.47,0.14,0.19,0.246,0.922,210,0.0,0.124,42,133,0,10,0,250246
2026-09-13 09:32:12,"Sun, 13 Sep 2026 09:32:06 GMT",93,87,1.1,12.6,day,128.3,1158,5183,10.93,7,6,5,3,0.47,0.2,0.41,0.702,0.955,224,0.0,0.147,18,35,0,8,0,253854
2026-09-13 09:33:01,"Sun, 13 Sep 2026 09:32:54 GMT",293,54,1.3,5.9,day,155.9,2669,7696,17.86,14,13,7,5,0.4,0.12,0.16,0.146,0.611,255,0.5,0.073,35,112,61,76,0,393696
2026-09-13 09:33:18,"Sun, 13 Sep 2026 09:33:08 GMT",293,55,1.4,5.7,day,155.6,2339,6556,17.63,10,7,5,3,0.67,0.16,0.29,0.283,0.737,253,0.2,0.071,29,61,55,59,0,388914
2026-09-13 10:03:52,"Sun, 13 Sep 2026 10:02:53 GMT",267,59,5.7,8.6,day,159.6,17411,38594,17.35,521,32,74,14,0.5,0.59,0.67,0.51,0.438,255,0.13,0.117,109,882,199,301,0,376543
2026-09-13 10:04:29,"Sun, 13 Sep 2026 10:04:07 GMT",93,88,4.8,12.0,day,129.2,2416,18913,10.89,10,9,7,2,0.71,0.11,0.15,0.717,0.619,195,0.0,0.071,34,95,0,11,0,256757
2026-09-13 10:05:02,"Sun, 13 Sep 2026 10:04:53 GMT",3,565,3.1,6.5,day,161.5,9160,26955,14.82,175,35,47,7,0.53,0.38,0.48,0.546,0.423,255,0.15,0.2,100,456,77,214,0,360358
2026-09-13 10:06:55,"Sun, 13 Sep 2026 10:06:53 GMT",93,89,3.7,12.0,day,127.7,1831,13894,11.01,8,7,7,3,0.38,0.11,0.18,0.832,0.741,194,0.0,0.197,31,70,0,12,0,258154
2026-09-13 10:07:19,"Sun, 13 Sep 2026 10:07:08 GMT",93,90,2.5,11.9,day,127.9,1305,7565,10.92,5,5,3,2,0.83,0.17,0.5,0.654,0.622,214,0.0,0.22,18,29,1,6,0,257722
2026-09-13 10:08:17,"Sun, 13 Sep 2026 10:08:08 GMT",293,56,1.8,4.7,day,155.0,3751,15922,17.79,27,9,8,8,0.42,0.22,0.39,0.155,0.733,253,0.26,0.081,57,125,53,69,0,387301
2026-09-13 10:09:19,"Sun, 13 Sep 2026 10:09:14 GMT",191,59,3.4,5.4,day,150.4,7195,26528,17.28,26,22,10,8,0.33,0.08,0.11,0.951,0.886,253,0.23,0.133,88,318,57,141,0,370695
2026-09-13 10:09:56,"Sun, 13 Sep 2026 10:09:53 GMT",93,91,2.1,12.4,day,125.8,1383,8386,11.05,7,5,7,1,1.0,0.17,0.3,0.208,0.056,214,0.0,0.06,20,41,0,7,0,261145
2026-09-13 10:10:09,"Sun, 13 Sep 2026 10:10:07 GMT",93,92,1.6,12.2,day,126.1,923,6130,10.85,2,2,2,1,1.0,0.12,0.0,0.828,0.722,166,0.0,0.231,14,17,0,5,0,256435
2026-09-13 10:10:21,"Sun, 13 Sep 2026 10:10:07 GMT",93,93,1.1,12.2,day,126.1,301,3174,10.85,1,1,1,1,1.0,0.25,0.0,0.615,0.63,213,0.0,0.515,4,4,0,2,0,256435
2026-09-13 10:11:03,"Sun, 13 Sep 2026 10:10:54 GMT",293,57,1.8,5.2,day,156.0,3597,14983,17.86,36,7,10,8,0.45,0.26,0.4,0.861,0.913,253,0.44,0.249,49,140,58,81,0,385736
2026-09-13 10:11:19,"Sun, 13 Sep 2026 10:11:08 GMT",293,58,1.4,5.2,day,156.0,3004,10071,17.64,30,9,8,9,0.42,0.25,0.35,0.84,0.918,254,0.37,0.23,39,118,58,86,0,379645
2026-09-13 10:12:01,"Sun, 13 Sep 2026 10:11:56 GMT",191,60,2.6,5.6,day,150.5,6949,25156,17.77,33,27,10,8,0.41,0.12,0.17,0.712,0.893,254,0.85,0.274,91,277,51,130,0,377261
2026-09-13 10:12:26,"Sun, 13 Sep 2026 10:12:14 GMT",191,61,1.9,5.6,day,150.6,5043,18516,17.58,37,20,11,8,0.42,0.18,0.23,0.729,0.897,255,0.95,0.357,64,210,50,156,0,375500
2026-09-13 10:13:03,"Sun, 13 Sep 2026 10:12:52 GMT",93,94,1.3,12.4,day,125.7,1136,6916,11.01,3,3,3,1,1.0,0.09,0.33,0.01,0.037,164,0.0,0.06,20,34,0,3,0,260325
2026-09-13 10:13:16,"Sun, 13 Sep 2026 10:13:07 GMT",93,95,1.0,12.5,day,125.7,832,5749,10.99,1,1,1,1,1.0,0.06,0.0,0.073,0.0,201,0.0,0.065,16,16,1,4,0,260499
2026-09-13 10:14:01,"Sun, 13 Sep 2026 10:13:54 GMT",293,59,1.1,4.8,day,155.5,2371,8307,18.03,24,7,10,7,0.34,0.32,0.5,0.863,0.921,255,0.58,0.323,28,76,60,81,0,392955
2026-09-13 10:14:14,"Sun, 13 Sep 2026 10:14:08 GMT",293,60,1.2,4.7,day,155.1,2139,7286,17.5,7,7,5,4,0.35,0.13,0.19,0.387,0.902,254,0.86,0.317,23,54,56,69,0,384490
2026-09-13 10:15:04,"Sun, 13 Sep 2026 10:14:53 GMT",191,62,2.0,5.4,day,150.1,3763,11807,17.53,23,11,8,8,0.36,0.14,0.17,0.472,0.295,254,0.17,0.316,48,168,54,145,0,376649
2026-09-13 10:15:16,"Sun, 13 Sep 2026 10:15:07 GMT",121,43,5.8,11.8,day,151.7,8726,28482,13.41,97,85,23,15,0.28,0.18,0.21,0.897,0.097,251,0.02,0.072,103,545,5,47,0,271652
2026-09-13 10:26:21,"Sun, 13 Sep 2026 10:26:13 GMT",293,61,1.4,5.0,day,154.6,2377,8778,17.37,8,8,4,3,0.67,0.13,0.21,0.227,0.704,245,0.0,0.075,23,60,59,79,0,374524
2026-09-13 10:26:58,"Sun, 13 Sep 2026 10:26:53 GMT",121,44,5.5,10.7,day,136.0,5440,30243,13.76,42,20,12,10,0.35,0.16,0.23,0.938,0.862,251,0.02,0.232,90,258,4,54,0,294497
2026-09-13 10:27:35,"Sun, 13 Sep 2026 10:27:08 GMT",121,45,5.5,10.1,day,138.3,3266,27438,13.88,10,9,5,4,0.5,0.08,0.15,0.1,0.787,240,0.0,0.298,53,118,5,49,0,295463
2026-09-13 10:28:13,"Sun, 13 Sep 2026 10:28:01 GMT",93,96,2.3,11.1,day,129.8,2355,10518,11.23,76,5,33,4,0.58,0.68,0.86,0.265,0.071,206,0.0,0.07,24,112,0,3,0,262413
2026-09-13 10:29:11,"Sun, 13 Sep 2026 10:29:04 GMT",267,60,2.7,9.8,day,157.2,8592,33253,17.31,15,12,7,5,0.43,0.06,0.11,0.335,0.832,254,0.93,0.38,110,243,197,286,0,371540
2026-09-13 10:30:05,"Sun, 13 Sep 2026 10:29:52 GMT",121,46,3.8,10.0,day,137.6,1800,13715,13.93,5,4,3,2,0.83,0.09,0.2,0.979,0.807,212,0.0,0.224,30,54,7,29,0,295742
2026-09-13 10:30:17,"Sun, 13 Sep 2026 10:30:08 GMT",121,47,2.7,9.8,day,137.6,948,6245,13.88,4,3,3,3,0.44,0.18,0.57,0.086,0.792,218,0.0,0.265,15,22,4,17,0,295123
2026-09-13 10:31:10,"Sun, 13 Sep 2026 10:30:53 GMT",3,566,3.3,6.0,day,165.3,23268,46901,13.16,750,311,46,41,0.4,0.43,0.46,0.804,0.651,255,0.31,0.165,151,1741,80,278,0,307617
2026-09-13 10:32:08,"Sun, 13 Sep 2026 10:31:53 GMT",267,61,2.2,9.7,day,155.2,6054,21527,17.43,20,19,8,6,0.42,0.13,0.2,0.494,0.852,254,0.75,0.391,61,155,190,277,0,373438
2026-09-13 10:33:00,"Sun, 13 Sep 2026 10:32:53 GMT",121,48,2.0,9.7,day,136.9,1002,5562,13.74,4,4,3,2,0.67,0.12,0.24,0.341,0.801,248,0.0,0.265,18,33,3,18,0,293262
2026-09-13 10:33:13,"Sun, 13 Sep 2026 10:33:08 GMT",93,97,1.9,10.8,day,131.1,1502,9095,11.27,56,2,36,4,0.39,0.81,1.0,0.209,0.086,205,0.0,0.106,11,69,0,0,0,264427
2026-09-13 10:33:59,"Sun, 13 Sep 2026 10:33:53 GMT",3,567,2.1,5.7,day,162.9,7511,26279,14.97,21,17,10,8,0.26,0.07,0.11,0.87,0.694,255,0.67,0.417,119,295,74,210,0,361223
2026-09-13 10:34:11,"Sun, 13 Sep 2026 10:34:08 GMT",3,568,1.4,5.9,day,163.2,4709,18928,14.91,17,8,10,5,0.34,0.11,0.2,0.841,0.661,255,0.88,0.406,65,149,61,142,0,359877
2026-09-13 10:35:05,"Sun, 13 Sep 2026 10:34:56 GMT",267,62,1.8,9.4,day,157.8,4636,16001,17.26,15,11,7,6,0.36,0.14,0.19,0.298,0.868,254,0.67,0.352,41,111,188,259,0,373735
2026-09-13 10:35:17,"Sun, 13 Sep 2026 10:35:14 GMT",191,63,1.3,5.6,day,152.0,4077,14071,17.39,20,15,10,6,0.33,0.11,0.15,0.719,0.902,254,0.8,0.374,54,180,46,134,0,367806
2026-09-13 10:36:22,"Sun, 13 Sep 2026 10:36:08 GMT",93,98,1.7,10.5,day,127.6,1322,8609,10.43,14,8,10,2,0.7,0.23,0.33,0.178,0.106,200,0.0,0.08,22,60,0,7,0,237884
2026-09-13 10:36:59,"Sun, 13 Sep 2026 10:36:54 GMT",3,569,1.3,5.5,day,163.5,3587,14148,15.04,9,7,6,3,0.5,0.08,0.18,0.047,0.695,252,0.44,0.395,60,107,54,123,0,361570
2026-09-13 10:37:36,"Sun, 13 Sep 2026 10:37:08 GMT",3,570,0.9,5.7,day,163.9,2954,10968,14.88,13,6,10,4,0.33,0.13,0.22,0.845,0.66,254,0.92,0.406,42,97,64,135,0,359473
2026-09-13 10:45:02,"Sun, 13 Sep 2026 10:44:52 GMT",93,99,5.9,12.3,day,123.1,4375,19715,9.83,99,65,27,5,0.73,0.39,0.44,0.865,0.036,184,0.0,0.063,39,251,0,7,0,227709
2026-09-13 10:45:26,"Sun, 13 Sep 2026 10:45:06 GMT",93,100,4.7,9.3,day,132.4,1292,13373,10.52,21,3,16,3,0.44,0.44,0.78,0.865,0.407,182,0.0,0.062,19,48,0,7,0,239414
2026-09-13 10:46:03,"Sun, 13 Sep 2026 10:45:53 GMT",3,571,1.6,5.2,day,165.0,3553,14314,14.85,6,6,2,3,1.0,0.06,0.11,0.359,0.426,251,0.17,0.127,56,109,51,106,0,360430
2026-09-13 10:46:56,"Sun, 13 Sep 2026 10:46:53 GMT",191,64,2.1,4.6,day,153.3,4291,16029,17.17,26,13,8,9,0.36,0.15,0.23,0.726,0.911,255,0.81,0.395,61,174,53,148,0,366355
2026-09-13 10:47:33,"Sun, 13 Sep 2026 10:47:08 GMT",191,65,1.5,4.8,day,153.4,3073,11070,17.12,41,11,16,8,0.32,0.33,0.48,0.735,0.902,255,0.93,0.379,42,124,53,130,0,364559
2026-09-13 10:48:50,"Sun, 13 Sep 2026 10:48:06 GMT",93,101,5.3,8.6,day,141.6,1788,17570,11.47,14,13,12,3,0.39,0.18,0.29,0.394,0.034,209,0.0,0.07,31,76,0,9,0,265246
2026-09-13 10:49:03,"Sun, 13 Sep 2026 10:48:53 GMT",5,46,5.3,7.2,day,167.6,25222,47199,11.5,295,126,42,27,0.26,0.2,0.23,0.834,0.7,255,0.32,0.42,212,1464,538,1652,0,283454
2026-09-13 10:51:07,"Sun, 13 Sep 2026 10:50:52 GMT",195,22,8.9,12.0,day,125.4,10946,35842,10.26,120,57,27,9,0.49,0.17,0.19,0.884,0.209,252,0.03,0.17,103,713,0,3,0,244787
2026-09-13 10:51:24,"Sun, 13 Sep 2026 10:51:10 GMT",195,23,9.0,9.9,day,128.1,7444,34220,10.48,41,33,14,6,0.49,0.1,0.13,0.932,0.183,183,0.0,0.207,90,401,0,4,0,247396
2026-09-13 10:52:01,"Sun, 13 Sep 2026 10:51:56 GMT",293,62,3.1,3.7,day,160.3,5576,20003,17.18,37,35,8,10,0.46,0.15,0.2,0.032,0.814,254,0.22,0.138,56,239,57,79,0,377759
2026-09-13 10:52:13,"Sun, 13 Sep 2026 10:52:09 GMT",293,63,3.4,6.5,day,158.4,4659,19383,15.7,56,26,22,8,0.32,0.29,0.43,0.588,0.407,247,0.0,0.154,59,193,59,88,0,357664
2026-09-13 10:53:06,"Sun, 13 Sep 2026 10:52:53 GMT",4,105,4.0,6.0,day,147.3,25170,47980,15.52,802,735,93,30,0.29,0.4,0.42,0.413,0.781,255,0.32,0.144,116,1983,71,247,0,349016
2026-09-13 10:53:23,"Sun, 13 Sep 2026 10:53:07 GMT",208,5,9.4,10.2,day,152.1,35991,56402,10.64,2556,71,96,54,0.49,0.88,0.89,0.587,0.508,255,0.04,0.153,43,2919,0,0,0,262122
2026-09-13 10:54:04,"Sun, 13 Sep 2026 10:53:52 GMT",195,24,5.0,11.3,day,124.6,2621,19731,9.86,13,12,9,3,0.48,0.14,0.19,0.769,0.081,191,0.0,0.126,31,95,0,5,0,238976
2026-09-13 10:54:16,"Sun, 13 Sep 2026 10:54:06 GMT",195,25,3.7,11.4,day,124.6,1106,12486,9.84,3,3,3,1,1.0,0.11,0.5,0.781,0.074,175,0.0,0.172,18,27,0,1,0,238416
2026-09-13 10:55:05,"Sun, 13 Sep 2026 10:54:53 GMT",293,64,3.6,7.4,day,152.7,4208,19229,15.07,72,14,30,7,0.34,0.41,0.64,0.843,0.518,253,0.03,0.138,61,176,56,76,0,348755
2026-09-13 10:55:17,"Sun, 13 Sep 2026 10:55:09 GMT",293,65,2.7,7.4,day,153.0,2416,12478,15.15,31,15,14,8,0.28,0.38,0.51,0.883,0.905,253,0.1,0.365,24,82,58,87,0,346690
2026-09-13 10:56:33,"Sun, 13 Sep 2026 10:56:07 GMT",118,104,5.5,7.9,day,117.2,5255,27489,11.59,12,11,6,3,0.67,0.06,0.09,0.783,0.66,215,0.0,0.091,94,217,0,4,0,262394
2026-09-13 10:56:57,"Sun, 13 Sep 2026 10:56:51 GMT",195,26,3.4,11.6,day,121.1,1059,11131,9.79,10,5,8,2,0.62,0.31,0.43,0.841,0.085,172,0.0,0.102,12,32,0,0,0,238734
2026-09-13 10:57:13,"Sun, 13 Sep 2026 10:57:08 GMT",195,27,2.4,11.7,day,121.3,233,5915,9.73,1,0,1,1,1.0,1.0,0.0,0.646,0.833,206,0.0,0.239,1,1,0,0,0,237626
2026-09-13 10:58:06,"Sun, 13 Sep 2026 10:57:54 GMT",293,66,2.0,7.7,day,156.5,2551,14530,14.79,19,16,10,5,0.38,0.26,0.4,0.905,0.889,253,0.53,0.394,25,73,60,94,0,344776
2026-09-13 10:58:30,"Sun, 13 Sep 2026 10:58:08 GMT",267,63,5.1,6.9,day,155.1,8649,34972,14.65,30,12,11,8,0.34,0.11,0.16,0.844,0.352,250,0.03,0.343,99,266,211,314,0,337626
2026-09-13 10:59:06,"Sun, 13 Sep 2026 10:58:53 GMT",4,106,3.5,5.8,day,147.8,16074,39005,15.1,123,104,49,13,0.19,0.13,0.16,0.645,0.283,254,0.05,0.262,185,936,57,222,0,343164
2026-09-13 10:59:18,"Sun, 13 Sep 2026 10:59:06 GMT",118,105,4.4,7.2,day,119.4,3511,21089,11.32,28,14,12,6,0.39,0.18,0.28,0.58,0.841,228,0.0,0.114,58,158,0,1,0,256588
2026-09-13 10:59:59,"Sun, 13 Sep 2026 10:59:52 GMT",195,28,2.0,11.5,day,121.1,613,6745,9.56,7,4,7,1,1.0,0.32,0.5,0.833,0.111,166,0.0,0.139,10,22,0,0,0,234419
2026-09-13 11:00:35,"Sun, 13 Sep 2026 11:00:31 GMT",6,28,6.2,10.5,day,156.9,23400,45763,9.39,418,133,45,31,0.3,0.27,0.29,0.768,0.755,254,0.09,0.423,140,1564,250,1469,0,237093
2026-09-13 11:00:59,"Sun, 13 Sep 2026 11:00:54 GMT",293,67,1.6,7.3,day,154.0,1539,7841,14.4,8,7,4,3,0.67,0.21,0.32,0.911,0.884,253,0.38,0.41,15,38,60,83,0,342143
2026-09-13 11:01:11,"Sun, 13 Sep 2026 11:01:07 GMT",267,64,3.5,7.1,day,154.0,8481,29730,15.01,46,33,12,11,0.35,0.17,0.23,0.861,0.353,245,0.0,0.375,80,276,214,336,0,339710
2026-09-13 11:02:04,"Sun, 13 Sep 2026 11:01:56 GMT",4,107,4.4,6.8,day,152.1,27981,49290,10.98,1613,245,96,54,0.31,0.74,0.76,0.575,0.497,255,0.13,0.188,78,2181,77,338,0,269335
2026-09-13 11:02:16,"Sun, 13 Sep 2026 11:02:07 GMT",118,106,3.2,6.9,day,121.3,1238,12637,11.74,3,3,2,2,0.75,0.1,0.5,0.733,0.66,226,0.0,0.243,19,29,0,2,0,262550
2026-09-13 11:03:04,"Sun, 13 Sep 2026 11:02:58 GMT",195,29,3.0,10.6,day,127.3,1019,9441,9.9,21,2,16,2,0.66,0.62,1.0,0.863,0.119,176,0.0,0.144,11,34,0,0,0,238118
2026-09-13 11:03:16,"Sun, 13 Sep 2026 11:03:10 GMT",3,572,3.3,6.8,day,158.4,6784,22666,12.76,122,49,41,8,0.37,0.36,0.46,0.373,0.425,254,0.16,0.172,82,338,55,149,0,320575
2026-09-13 11:03:54,"Sun, 13 Sep 2026 11:03:52 GMT",293,68,1.6,7.8,day,152.8,1316,6089,14.54,21,4,10,8,0.26,0.72,0.84,0.864,0.919,251,0.05,0.372,6,29,61,78,0,339783
2026-09-13 11:04:10,"Sun, 13 Sep 2026 11:04:07 GMT",267,65,2.7,7.7,day,152.5,5821,19701,14.92,34,12,5,11,0.62,0.17,0.23,0.822,0.309,251,0.06,0.303,57,196,210,297,0,337579
2026-09-13 11:04:59,"Sun, 13 Sep 2026 11:04:52 GMT",118,107,8.5,8.9,day,162.1,26494,47508,9.31,669,529,39,33,0.52,0.32,0.34,0.794,0.234,254,0.18,0.107,89,2064,0,10,0,232865
2026-09-13 11:05:35,"Sun, 13 Sep 2026 11:05:07 GMT",118,108,3.7,5.3,day,126.0,5650,24933,11.98,29,27,12,7,0.35,0.09,0.12,0.675,0.037,253,0.69,0.202,80,310,0,13,0,266482
2026-09-13 11:06:11,"Sun, 13 Sep 2026 11:06:08 GMT",3,573,2.6,6.9,day,151.0,4158,18790,13.4,25,13,7,5,0.71,0.15,0.25,0.819,0.396,253,0.04,0.123,70,163,50,125,0,329610
2026-09-13 11:07:00,"Sun, 13 Sep 2026 11:06:55 GMT",293,69,1.2,7.7,day,155.9,1807,5493,14.75,17,11,4,7,0.61,0.28,0.4,0.853,0.904,250,0.06,0.291,18,60,58,80,0,342967
2026-09-13 11:07:12,"Sun, 13 Sep 2026 11:07:07 GMT",267,66,2.0,7.6,day,155.3,4853,13066,15.11,34,13,16,11,0.19,0.21,0.26,0.303,0.875,254,0.5,0.383,48,165,203,278,0,337497
2026-09-13 11:08:01,"Sun, 13 Sep 2026 11:07:52 GMT",118,109,3.2,4.8,day,129.6,3124,18226,12.17,19,11,4,11,0.43,0.13,0.19,0.075,0.118,246,0.0,0.297,58,149,0,18,0,268378
2026-09-13 11:08:25,"Sun, 13 Sep 2026 11:08:07 GMT",118,110,2.8,4.5,day,130.5,1183,10782,12.2,11,10,4,10,0.28,0.27,0.46,0.076,0.123,247,0.0,0.337,17,41,0,21,0,269063
2026-09-13 11:16:34,"Sun, 13 Sep 2026 11:15:55 GMT",267,67,1.5,8.8,day,155.6,3770,9998,14.83,25,10,11,11,0.21,0.26,0.4,0.288,0.876,253,0.48,0.353,34,96,191,252,0,338409
2026-09-13 11:17:11,"Sun, 13 Sep 2026 11:17:07 GMT",93,102,6.5,10.2,day,149.4,2220,23888,10.92,10,9,9,2,0.56,0.12,0.23,0.61,0.607,226,0.0,0.138,43,83,0,2,0,257296
2026-09-13 11:18:00,"Sun, 13 Sep 2026 11:17:53 GMT",3,574,1.7,6.8,day,154.8,2467,11228,13.23,6,6,4,2,0.75,0.08,0.14,0.715,0.361,254,0.33,0.382,37,77,44,100,0,328705
2026-09-13 11:18:17,"Sun, 13 Sep 2026 11:18:07 GMT",3,575,1.5,6.7,day,154.1,3348,10928,13.39,9,7,6,2,0.75,0.07,0.11,0.714,0.358,253,0.33,0.356,58,137,47,127,0,328756
2026-09-13 11:19:00,"Sun, 13 Sep 2026 11:18:53 GMT",267,68,6.3,7.5,day,166.5,10467,29227,16.06,322,42,62,12,0.43,0.53,0.58,0.425,0.44,255,0.11,0.134,62,602,182,287,0,359637
2026-09-13 11:19:13,"Sun, 13 Sep 2026 11:19:08 GMT",191,66,2.6,4.3,day,161.4,7580,26687,16.42,30,26,11,7,0.39,0.1,0.14,0.42,0.285,254,0.43,0.279,89,287,55,162,0,367116
2026-09-13 11:20:35,"Sun, 13 Sep 2026 11:20:08 GMT",93,103,5.2,10.6,day,143.4,1905,14930,10.86,48,13,19,4,0.63,0.55,0.69,0.539,0.024,235,0.0,0.071,19,88,0,4,1,254755
2026-09-13 11:21:01,"Sun, 13 Sep 2026 11:20:54 GMT",3,576,1.7,6.9,day,151.7,3619,12077,12.9,13,6,5,6,0.43,0.08,0.15,0.67,0.366,253,0.15,0.334,71,157,52,136,0,321779
2026-09-13 11:21:25,"Sun, 13 Sep 2026 11:21:08 GMT",293,70,1.5,6.4,day,150.8,1487,6692,14.73,9,4,3,5,0.6,0.28,0.47,0.615,0.259,251,0.11,0.085,15,32,58,75,0,345497
2026-09-13 11:22:03,"Sun, 13 Sep 2026 11:21:53 GMT",267,69,4.1,6.5,day,152.1,4421,19697,14.79,18,11,6,8,0.38,0.13,0.18,0.854,0.307,250,0.06,0.365,49,141,194,273,0,335162
2026-09-13 11:22:20,"Sun, 13 Sep 2026 11:22:10 GMT",4,108,2.3,6.2,day,146.3,14943,38490,15.15,124,101,36,13,0.26,0.15,0.19,0.171,0.331,252,0.03,0.358,180,818,76,355,0,343008
2026-09-13 11:22:57,"Sun, 13 Sep 2026 11:22:52 GMT",209,4,8.3,11.5,day,157.7,24924,47091,11.65,1437,77,96,41,0.37,0.75,0.78,0.601,0.233,255,0.13,0.098,93,1916,0,0,0,261555
2026-09-13 11:23:10,"Sun, 13 Sep 2026 11:23:07 GMT",93,104,6.6,9.7,day,142.4,2739,18049,10.9,38,36,18,3,0.7,0.26,0.28,0.366,0.406,241,0.0,0.076,19,149,0,1,0,254238
2026-09-13 11:24:13,"Sun, 13 Sep 2026 11:24:09 GMT",293,71,0.9,7.4,day,152.6,1390,3469,14.94,12,3,7,4,0.43,0.34,0.67,0.906,0.886,252,0.42,0.394,15,35,59,78,0,343777
2026-09-13 11:25:07,"Sun, 13 Sep 2026 11:24:55 GMT",4,109,2.2,5.6,day,145.7,8049,29447,13.74,66,10,24,5,0.55,0.21,0.3,0.775,0.952,255,0.58,0.331,112,321,44,236,0,310015
2026-09-13 11:25:44,"Sun, 13 Sep 2026 11:25:10 GMT",4,110,1.7,5.8,day,150.6,4528,22687,15.06,20,9,7,5,0.57,0.16,0.34,0.795,0.944,254,0.55,0.368,61,125,42,148,0,344846
2026-09-13 11:26:09,"Sun, 13 Sep 2026 11:26:07 GMT",195,30,1.6,10.7,day,125.1,335,4772,9.96,2,1,2,1,1.0,0.67,0.0,0.359,0.037,180,0.0,0.111,2,3,0,0,0,239260
2026-09-13 11:26:22,"Sun, 13 Sep 2026 11:26:07 GMT",195,31,1.1,10.7,day,125.1,79,2067,9.96,0,0,1,1,0.0,0.0,0.0,0.0,0.0,0,0.0,0.0,0,0,0,0,0,239260
2026-09-13 11:27:24,"Sun, 13 Sep 2026 11:27:08 GMT",293,72,2.4,5.9,day,168.4,1263,5475,15.29,4,3,3,3,0.44,0.17,0.4,0.846,0.963,250,0.25,0.466,13,24,55,68,0,356320
2026-09-13 11:28:18,"Sun, 13 Sep 2026 11:28:10 GMT",4,111,2.0,5.7,day,157.5,4328,22021,15.54,37,9,15,5,0.49,0.27,0.43,0.779,0.962,254,0.84,0.352,50,135,37,132,0,349629
2026-09-13 11:32:47,"Sun, 13 Sep 2026 11:32:07 GMT",93,105,7.5,8.4,day,159.3,2293,25842,11.31,36,7,18,6,0.33,0.38,0.63,0.156,0.031,208,0.0,0.099,35,96,0,5,0,263211
2026-09-13 11:33:00,"Sun, 13 Sep 2026 11:32:52 GMT",28,279,2.8,2.9,day,147.9,15511,36974,15.57,206,191,31,19,0.35,0.22,0.26,0.128,0.7,255,0.1,0.155,137,928,27,135,0,329994
2026-09-13 11:33:12,"Sun, 13 Sep 2026 11:33:08 GMT",28,280,2.0,2.9,day,146.0,9749,28897,15.71,59,37,11,10,0.54,0.14,0.18,0.866,0.919,252,0.03,0.221,105,425,33,120,0,335156
2026-09-13 11:34:03,"Sun, 13 Sep 2026 11:33:53 GMT",191,67,2.7,3.0,day,154.0,5368,21065,16.62,23,15,10,6,0.38,0.1,0.13,0.939,0.393,253,0.09,0.174,71,234,55,132,0,363058
2026-09-13 11:34:20,"Sun, 13 Sep 2026 11:34:08 GMT",65,80,7.8,7.8,day,156.6,29262,51567,11.25,1335,745,96,54,0.26,0.56,0.58,0.295,0.547,255,0.13,0.229,80,2381,2,436,0,263920
2026-09-13 11:35:02,"Sun, 13 Sep 2026 11:34:54 GMT",93,106,5.5,8.7,day,145.1,557,12675,10.73,1,1,1,1,1.0,0.17,0.0,0.594,0.0,212,0.0,0.163,6,6,0,1,0,251759
2026-09-13 11:35:14,"Sun, 13 Sep 2026 11:35:08 GMT",195,32,2.0,11.3,day,132.0,691,5753,10.13,5,1,5,2,0.5,0.31,1.0,0.021,0.396,199,0.0,0.067,12,16,0,0,0,240699
2026-09-13 11:36:09,"Sun, 13 Sep 2026 11:35:55 GMT",28,281,1.4,2.8,day,148.9,5744,21658,15.67,41,17,10,10,0.41,0.21,0.3,0.87,0.914,251,0.02,0.265,65,199,26,89,0,335053
2026-09-13 11:36:26,"Sun, 13 Sep 2026 11:36:08 GMT",28,282,1.0,2.8,day,148.0,2834,13588,15.53,33,15,8,8,0.52,0.39,0.5,0.855,0.931,235,0.0,0.288,22,85,24,66,0,332378
2026-09-13 11:37:08,"Sun, 13 Sep 2026 11:36:53 GMT",191,68,2.1,3.6,day,157.1,5505,19533,16.57,36,28,12,9,0.33,0.15,0.18,0.727,0.912,255,0.86,0.4,59,238,63,166,0,364048
2026-09-13 11:37:24,"Sun, 13 Sep 2026 11:37:07 GMT",65,81,5.1,7.1,day,157.2,24746,44836,13.69,1024,594,96,54,0.2,0.52,0.54,0.274,0.558,255,0.14,0.281,93,1976,4,687,0,293713
2026-09-13 11:38:07,"Sun, 13 Sep 2026 11:37:51 GMT",93,107,5.3,8.2,day,158.3,1225,13167,11.26,6,5,4,3,0.5,0.2,0.43,0.842,0.833,248,0.0,0.237,17,30,0,4,0,260593
2026-09-13 11:38:19,"Sun, 13 Sep 2026 11:38:08 GMT",156,21,6.5,16.1,day,153.5,29643,51470,12.88,1772,56,96,54,0.34,0.86,0.88,0.544,0.53,255,0.01,0.39,58,2058,362,1805,0,291710
2026-09-13 11:38:57,"Sun, 13 Sep 2026 11:38:55 GMT",28,283,2.0,3.6,day,162.5,3936,16424,16.24,53,38,15,7,0.5,0.31,0.39,0.913,0.917,254,0.64,0.361,40,173,31,106,0,363568
2026-09-13 11:39:10,"Sun, 13 Sep 2026 11:38:55 GMT",28,284,1.4,3.6,day,162.5,2087,9112,16.24,16,8,7,6,0.38,0.24,0.34,0.912,0.917,254,0.75,0.409,24,66,26,73,0,363568
2026-09-13 11:39:23,"Sun, 13 Sep 2026 11:39:10 GMT",267,70,4.9,7.8,day,149.8,6451,27757,15.91,25,23,20,3,0.42,0.11,0.14,0.405,0.497,254,0.24,0.151,64,231,189,271,0,353647
2026-09-13 11:39:56,"Sun, 13 Sep 2026 11:39:52 GMT",191,69,3.0,4.7,day,161.1,4523,17870,15.8,44,18,15,7,0.42,0.23,0.33,0.4,0.367,245,0.0,0.423,55,188,52,144,0,355062
2026-09-13 11:40:22,"Sun, 13 Sep 2026 11:40:08 GMT",118,111,3.6,6.5,day,132.5,3878,17602,12.36,25,23,13,3,0.64,0.12,0.16,0.3,0.322,252,0.08,0.09,63,215,0,15,0,270870
2026-09-13 11:41:08,"Sun, 13 Sep 2026 11:40:51 GMT",93,108,2.6,9.8,day,148.6,1817,9208,10.74,9,5,6,4,0.38,0.14,0.32,0.22,0.767,222,0.0,0.083,33,66,0,7,0,253508
2026-09-13 11:41:20,"Sun, 13 Sep 2026 11:41:09 GMT",3,577,3.6,4.3,day,167.1,6643,21366,14.0,163,26,40,7,0.58,0.51,0.62,0.495,0.424,255,0.18,0.198,62,321,37,110,0,347213
2026-09-13 11:42:02,"Sun, 13 Sep 2026 11:41:53 GMT",28,285,2.0,3.3,day,154.7,2550,11008,16.29,42,11,13,8,0.4,0.34,0.49,0.882,0.919,251,0.19,0.357,35,125,32,105,0,355563
2026-09-13 11:42:27,"Sun, 13 Sep 2026 11:42:09 GMT",267,71,5.0,6.6,day,159.3,7031,28524,16.09,115,32,60,5,0.38,0.38,0.47,0.441,0.493,255,0.18,0.178,58,300,178,263,0,349489
2026-09-13 11:43:09,"Sun, 13 Sep 2026 11:43:07 GMT",65,82,3.4,5.9,day,150.9,16252,36887,13.58,391,168,25,49,0.32,0.34,0.39,0.131,0.409,251,0.03,0.345,151,1138,6,768,0,292663
2026-09-13 11:43:22,"Sun, 13 Sep 2026 11:43:07 GMT",65,83,2.4,5.9,day,150.9,9074,28268,13.58,195,65,19,42,0.24,0.37,0.44,0.116,0.446,251,0.04,0.398,95,526,3,487,0,292663
2026-09-13 11:44:00,"Sun, 13 Sep 2026 11:43:51 GMT",93,109,4.5,8.2,day,155.5,560,9924,11.3,1,1,1,1,1.0,0.5,0.0,0.969,0.352,104,0.0,0.112,2,2,0,0,0,263774
2026-09-13 11:44:13,"Sun, 13 Sep 2026 11:44:09 GMT",3,578,2.7,4.3,day,163.4,5261,16242,14.22,127,24,38,6,0.56,0.5,0.63,0.498,0.426,255,0.15,0.247,49,253,44,115,0,347784
2026-09-13 11:46:22,"Sun, 13 Sep 2026 11:45:51 GMT",65,84,2.7,6.8,day,155.8,5868,22769,13.55,38,23,11,12,0.29,0.13,0.15,0.139,0.608,253,0.16,0.435,70,296,4,277,0,293247
2026-09-13 11:46:38,"Sun, 13 Sep 2026 11:46:29 GMT",65,85,3.0,6.1,day,159.0,3113,17507,13.68,18,17,5,12,0.3,0.13,0.21,0.177,0.121,248,0.0,0.492,53,137,4,131,0,293798
2026-09-13 11:47:07,"Sun, 13 Sep 2026 11:46:54 GMT",93,110,4.5,7.4,day,158.3,946,12232,11.34,2,2,2,2,0.5,0.14,0.0,0.953,0.75,234,0.0,0.071,12,14,0,3,0,262964
2026-09-13 11:47:19,"Sun, 13 Sep 2026 11:47:08 GMT",3,579,2.4,4.6,day,165.5,5216,15722,13.89,88,23,32,5,0.55,0.35,0.46,0.47,0.434,255,0.17,0.278,64,249,56,164,0,343789
2026-09-13 11:48:23,"Sun, 13 Sep 2026 11:48:08 GMT",267,72,4.9,6.0,day,162.8,5393,25589,16.18,16,14,6,6,0.44,0.08,0.1,0.923,0.273,254,0.25,0.312,63,208,176,248,0,355341
2026-09-13 11:49:00,"Sun, 13 Sep 2026 11:48:52 GMT",65,86,2.4,6.3,day,162.5,1573,12166,13.73,7,6,3,5,0.47,0.16,0.26,0.083,0.169,245,0.0,0.558,19,43,3,44,0,295955
2026-09-13 11:49:12,"Sun, 13 Sep 2026 11:49:08 GMT",65,87,1.8,6.3,day,162.5,963,7235,13.6,8,3,6,3,0.44,0.24,0.57,0.529,0.81,252,0.38,0.332,18,34,3,23,0,293588
2026-09-13 11:50:09,"Sun, 13 Sep 2026 11:49:53 GMT",3,580,2.0,4.9,day,172.3,12496,33737,12.65,100,56,33,6,0.51,0.16,0.21,0.468,0.423,255,0.16,0.307,152,610,47,205,0,297789
2026-09-13 11:50:21,"Sun, 13 Sep 2026 11:50:08 GMT",3,581,1.2,4.3,day,163.4,2797,13086,14.17,8,6,6,3,0.44,0.1,0.21,0.815,0.662,253,0.62,0.41,44,83,45,95,0,344813
2026-09-13 11:50:57,"Sun, 13 Sep 2026 11:50:53 GMT",267,73,2.8,6.8,day,156.4,4003,16071,16.21,23,8,12,6,0.32,0.18,0.26,0.903,0.403,233,0.0,0.357,48,130,178,245,0,352019
2026-09-13 11:51:22,"Sun, 13 Sep 2026 11:51:08 GMT",267,74,2.1,6.9,day,156.2,3653,12167,16.45,17,16,11,5,0.31,0.17,0.21,0.359,0.828,253,0.94,0.442,26,103,181,257,0,359662
2026-09-13 11:52:06,"Sun, 13 Sep 2026 11:51:52 GMT",65,88,1.4,6.5,day,164.9,1174,6431,13.59,5,4,5,3,0.33,0.12,0.18,0.135,0.759,252,0.6,0.475,20,43,5,29,0,293120
2026-09-13 11:52:18,"Sun, 13 Sep 2026 11:52:07 GMT",53,13,5.9,12.3,day,171.7,26593,46063,11.79,2017,59,96,54,0.39,0.91,0.93,0.579,0.491,255,0.29,0.382,38,2205,0,1645,0,267117
2026-09-13 11:52:58,"Sun, 13 Sep 2026 11:52:53 GMT",3,582,2.0,4.5,day,163.4,3587,12165,13.28,21,14,8,6,0.44,0.15,0.2,0.817,0.706,253,0.29,0.383,47,142,55,130,0,335504
2026-09-13 11:53:10,"Sun, 13 Sep 2026 11:53:08 GMT",3,583,1.2,4.4,day,163.1,2624,9073,13.3,29,11,11,5,0.53,0.27,0.39,0.839,0.729,254,0.38,0.359,34,107,45,107,0,335219
2026-09-13 11:53:23,"Sun, 13 Sep 2026 11:53:08 GMT",3,584,0.9,4.4,day,163.1,1319,5794,13.3,6,5,5,3,0.4,0.18,0.55,0.842,0.725,251,0.67,0.44,20,33,29,60,0,335219
2026-09-13 11:54:11,"Sun, 13 Sep 2026 11:54:08 GMT",267,75,1.1,7.4,day,160.3,3403,12973,15.52,6,6,3,3,0.67,0.09,0.18,0.821,0.275,253,0.17,0.355,37,68,158,219,0,347185
2026-09-13 11:55:11,"Sun, 13 Sep 2026 11:55:07 GMT",93,111,2.4,8.5,day,153.5,1995,11093,10.82,7,3,4,3,0.58,0.1,0.25,0.777,0.537,192,0.0,0.067,43,72,0,10,0,254562
2026-09-13 11:55:56,"Sun, 13 Sep 2026 11:55:53 GMT",3,585,2.0,4.6,day,165.8,3962,13342,13.77,25,19,11,7,0.32,0.15,0.23,0.54,0.715,252,0.8,0.413,63,172,49,132,0,342431
2026-09-13 11:56:20,"Sun, 13 Sep 2026 11:56:08 GMT",3,586,1.2,4.3,day,160.3,2689,8959,14.13,13,7,7,5,0.37,0.15,0.25,0.83,0.679,254,0.62,0.456,44,89,42,101,0,345033
2026-09-13 11:57:17,"Sun, 13 Sep 2026 11:57:08 GMT",191,70,2.5,5.3,day,155.1,4748,17015,16.25,76,18,21,7,0.52,0.31,0.35,0.75,0.37,254,0.04,0.114,43,242,50,124,0,360093
2026-09-13 11:58:01,"Sun, 13 Sep 2026 11:57:51 GMT",118,112,2.7,4.8,day,130.6,1023,9558,12.29,5,4,4,2,0.62,0.14,0.42,0.6,0.822,238,0.0,0.265,22,36,0,3,0,271598
2026-09-13 11:59:43,"Sun, 13 Sep 2026 11:59:08 GMT",90,15,7.1,7.6,day,159.0,28673,50044,10.66,1654,73,96,44,0.39,0.76,0.79,0.583,0.634,255,0.15,0.349,94,2180,0,1275,0,264742
2026-09-13 12:00:11,"Sun, 13 Sep 2026 12:00:08 GMT",4,112,2.8,4.6,day,157.3,3757,17140,15.07,53,16,16,8,0.41,0.31,0.38,0.793,0.935,255,0.64,0.326,41,173,32,116,0,340968
2026-09-13 12:00:59,"Sun, 13 Sep 2026 12:00:52 GMT",118,113,2.1,6.8,day,124.5,1275,6228,11.64,8,5,6,3,0.44,0.16,0.33,0.645,0.039,250,0.12,0.219,25,49,0,5,0,260214
2026-09-13 12:01:12,"Sun, 13 Sep 2026 12:01:06 GMT",195,33,1.7,11.4,day,130.0,1292,7333,9.72,5,3,3,3,0.56,0.12,0.45,0.656,0.848,207,0.0,0.121,27,42,0,0,0,234652
2026-09-13 12:02:00,"Sun, 13 Sep 2026 12:01:52 GMT",3,587,4.0,5.4,day,159.5,5256,15773,13.22,132,33,34,8,0.49,0.46,0.58,0.482,0.426,254,0.11,0.248,56,284,36,120,0,329282
2026-09-13 12:02:16,"Sun, 13 Sep 2026 12:02:07 GMT",293,73,2.0,4.2,day,161.7,2816,10701,14.9,30,7,10,6,0.5,0.29,0.43,0.528,0.903,254,0.53,0.084,39,105,57,66,0,347893
2026-09-13 12:03:05,"Sun, 13 Sep 2026 12:02:54 GMT",267,76,4.8,9.5,day,157.9,5233,24480,15.34,81,10,22,18,0.2,0.41,0.5,0.884,0.409,254,0.11,0.338,48,199,169,259,0,343732
2026-09-13 12:03:17,"Sun, 13 Sep 2026 12:03:09 GMT",191,71,2.4,4.7,day,164.8,3521,17036,16.07,16,13,10,7,0.23,0.12,0.17,0.722,0.914,255,0.94,0.459,50,137,49,131,0,363547
2026-09-13 12:03:59,"Sun, 13 Sep 2026 12:03:56 GMT",93,112,4.0,9.7,day,150.7,979,12547,10.99,31,2,16,3,0.65,0.82,1.0,0.875,0.438,189,0.0,0.063,7,38,0,4,0,258514
2026-09-13 12:04:11,"Sun, 13 Sep 2026 12:04:07 GMT",195,34,4.0,10.8,day,138.4,2650,9651,10.43,51,47,29,2,0.88,0.34,0.35,0.367,0.399,243,0.0,0.069,11,149,0,0,1,245817
2026-09-13 12:04:59,"Sun, 13 Sep 2026 12:04:53 GMT",3,588,1.4,4.1,day,160.7,2490,10485,14.26,7,4,4,3,0.58,0.1,0.39,0.399,0.939,254,0.43,0.372,47,70,28,63,0,346863
2026-09-13 12:05:11,"Sun, 13 Sep 2026 12:05:06 GMT",28,286,1.9,4.2,day,166.3,4037,13162,16.02,54,17,15,10,0.36,0.25,0.3,0.916,0.907,255,0.8,0.385,46,215,32,107,0,362367
2026-09-13 12:06:08,"Sun, 13 Sep 2026 12:05:57 GMT",191,72,1.7,5.1,day,153.2,3083,12796,16.36,20,18,12,5,0.33,0.15,0.2,0.723,0.344,240,0.0,0.14,37,132,50,119,0,363116
2026-09-13 12:06:23,"Sun, 13 Sep 2026 12:06:08 GMT",191,73,2.4,4.4,day,166.5,2651,14009,16.02,9,8,5,4,0.45,0.11,0.24,0.662,0.177,255,0.56,0.08,41,79,41,78,0,361703
2026-09-13 12:07:03,"Sun, 13 Sep 2026 12:06:53 GMT",195,35,7.0,9.5,day,143.6,3556,25029,10.8,67,61,20,5,0.67,0.3,0.32,0.096,0.457,234,0.0,0.063,16,223,0,0,0,252727
2026-09-13 12:07:19,"Sun, 13 Sep 2026 12:07:08 GMT",93,113,4.0,8.3,day,148.2,664,8857,10.88,2,2,2,1,1.0,0.18,0.0,0.349,0.37,196,0.0,0.061,9,11,0,3,0,256627
2026-09-13 12:07:56,"Sun, 13 Sep 2026 12:07:54 GMT",3,589,2.2,4.9,day,160.3,3889,12703,13.45,43,29,20,5,0.43,0.22,0.28,0.43,0.439,254,0.16,0.302,52,195,39,130,0,333566
2026-09-13 12:08:08,"Sun, 13 Sep 2026 12:07:54 GMT",3,590,1.6,4.9,day,160.3,1415,8600,13.45,3,2,1,3,1.0,0.09,1.0,0.281,0.907,244,0.0,0.266,23,32,23,46,0,333566
2026-09-13 12:09:00,"Sun, 13 Sep 2026 12:08:54 GMT",191,74,2.3,4.0,day,156.6,3551,14773,16.97,19,11,6,9,0.35,0.15,0.2,0.651,0.905,255,0.53,0.189,46,131,43,113,0,371489
2026-09-13 12:09:12,"Sun, 13 Sep 2026 12:09:09 GMT",191,75,2.2,4.6,day,154.3,2723,11326,16.51,17,12,5,9,0.38,0.17,0.24,0.656,0.915,253,0.41,0.256,35,101,39,100,0,362873
2026-09-13 12:10:05,"Sun, 13 Sep 2026 12:09:52 GMT",93,114,6.7,8.5,day,159.3,1180,14698,11.28,12,5,12,1,1.0,0.29,0.71,0.057,0.407,174,0.0,0.065,20,41,0,3,0,264938
2026-09-13 12:10:17,"Sun, 13 Sep 2026 12:10:06 GMT",93,115,5.6,7.9,day,161.6,503,9831,11.09,2,2,2,1,1.0,0.33,0.0,0.682,0.833,233,0.0,0.235,4,6,0,1,0,262742
2026-09-13 12:10:57,"Sun, 13 Sep 2026 12:10:53 GMT",28,287,1.5,4.0,day,156.8,3283,10295,16.36,27,15,18,2,0.75,0.18,0.23,0.559,0.784,254,0.11,0.095,45,152,37,86,0,368076
2026-09-13 12:11:10,"Sun, 13 Sep 2026 12:11:07 GMT",28,288,1.8,3.4,day,162.8,2796,11950,16.26,15,11,12,2,0.62,0.13,0.19,0.576,0.781,254,0.4,0.146,43,119,34,79,0,369280
2026-09-13 12:23:42,"Sun, 13 Sep 2026 12:23:09 GMT",267,77,3.8,5.6,day,161.8,6062,22776,16.29,22,21,8,6,0.46,0.1,0.13,0.324,0.441,253,0.09,0.137,59,219,159,231,0,357402
2026-09-13 12:23:54,"Sun, 13 Sep 2026 12:23:51 GMT",118,114,2.8,6.4,day,152.9,1124,8435,12.06,5,5,3,4,0.42,0.12,0.29,0.154,0.804,242,0.0,0.167,22,42,0,11,0,265091
2026-09-13 12:24:18,"Sun, 13 Sep 2026 12:24:07 GMT",118,115,1.8,4.9,day,130.6,555,3082,11.83,4,3,3,2,0.67,0.24,0.4,0.534,0.681,221,0.0,0.167,10,17,0,3,0,263963
2026-09-13 12:25:07,"Sun, 13 Sep 2026 12:24:51 GMT",195,36,2.7,11.5,day,131.8,620,6432,10.1,10,1,5,3,0.67,0.59,1.0,0.259,0.019,195,0.0,0.148,8,17,0,0,0,243034
2026-09-13 12:25:19,"Sun, 13 Sep 2026 12:25:07 GMT",3,591,2.0,5.6,day,156.8,4509,13954,12.95,62,32,27,6,0.38,0.29,0.39,0.413,0.435,252,0.15,0.286,59,212,31,152,0,321884
2026-09-13 12:26:07,"Sun, 13 Sep 2026 12:25:55 GMT",293,74,2.0,4.4,day,163.0,3577,10870,14.61,48,8,8,10,0.6,0.4,0.52,0.903,0.504,253,0.1,0.113,33,121,60,67,0,342116
2026-09-13 12:26:19,"Sun, 13 Sep 2026 12:26:08 GMT",267,78,6.5,7.8,day,159.8,14138,28911,15.01,671,82,86,16,0.49,0.79,0.83,0.568,0.426,254,0.05,0.184,40,850,167,282,0,337508
2026-09-13 12:27:00,"Sun, 13 Sep 2026 12:26:53 GMT",118,116,1.2,5.1,day,127.5,715,3523,11.99,4,3,3,2,0.67,0.19,0.57,0.534,0.681,220,0.0,0.217,11,21,0,3,0,266948
2026-09-13 12:27:12,"Sun, 13 Sep 2026 12:27:07 GMT",118,117,1.1,5.0,day,128.8,577,2825,12.08,2,2,2,1,1.0,0.18,0.0,0.526,0.685,212,0.0,0.299,7,11,0,5,0,267432
2026-09-13 12:28:08,"Sun, 13 Sep 2026 12:27:52 GMT",156,22,10.2,10.6,day,121.5,25020,48947,8.52,330,129,56,13,0.45,0.21,0.23,0.257,0.075,236,0.0,0.257,160,1547,372,1324,0,183601
2026-09-13 12:28:20,"Sun, 13 Sep 2026 12:28:08 GMT",3,592,1.6,5.5,day,159.1,2830,10731,12.82,17,13,8,4,0.53,0.14,0.2,0.82,0.708,249,0.0,0.431,44,123,30,107,0,321255
2026-09-13 12:29:01,"Sun, 13 Sep 2026 12:28:51 GMT",267,79,3.8,8.9,day,155.3,5481,19986,14.93,42,33,9,9,0.52,0.19,0.22,0.215,0.43,253,0.1,0.162,45,221,169,273,0,337214
2026-09-13 12:29:13,"Sun, 13 Sep 2026 12:29:08 GMT",267,80,2.8,8.9,day,155.1,4190,13891,15.05,42,23,11,10,0.38,0.28,0.36,0.209,0.42,251,0.07,0.213,39,150,173,234,0,339625
2026-09-13 12:30:01,"Sun, 13 Sep 2026 12:29:52 GMT",118,118,1.2,5.4,day,133.1,1034,3413,12.32,6,6,5,2,0.6,0.13,0.19,0.549,0.225,232,0.0,0.077,18,46,0,4,0,269488
2026-09-13 12:30:13,"Sun, 13 Sep 2026 12:30:07 GMT",118,119,2.5,6.7,day,134.7,1196,5663,12.55,24,12,11,3,0.73,0.34,0.44,0.052,0.314,248,0.0,0.12,18,71,0,1,0,272972
2026-09-13 12:31:06,"Sun, 13 Sep 2026 12:30:52 GMT",3,593,1.8,4.5,day,168.0,3115,10481,13.55,8,6,6,3,0.44,0.07,0.15,0.534,0.681,253,0.75,0.488,63,117,30,88,0,339694
2026-09-13 12:31:22,"Sun, 13 Sep 2026 12:31:08 GMT",3,594,2.1,4.0,day,162.8,2087,9204,13.95,5,3,3,2,0.83,0.1,0.45,0.206,0.419,248,0.0,0.362,35,49,27,55,0,344413
2026-09-13 12:32:03,"Sun, 13 Sep 2026 12:31:53 GMT",267,81,2.9,8.1,day,153.0,4670,11826,15.16,32,23,6,14,0.38,0.17,0.2,0.328,0.374,253,0.12,0.294,39,186,183,303,0,335352
2026-09-13 12:32:15,"Sun, 13 Sep 2026 12:32:10 GMT",267,82,2.3,7.9,day,152.1,3934,9340,15.11,29,21,7,9,0.46,0.2,0.24,0.284,0.861,254,0.24,0.296,39,148,164,266,0,334766
2026-09-13 12:32:55,"Sun, 13 Sep 2026 12:32:52 GMT",118,120,1.7,6.2,day,121.8,386,2310,11.67,3,2,2,2,0.75,0.27,1.0,0.444,0.673,221,0.0,0.163,8,11,0,3,0,261269
2026-09-13 12:33:20,"Sun, 13 Sep 2026 12:33:08 GMT",195,37,3.0,11.5,day,129.6,577,6464,10.05,9,3,8,2,0.56,0.6,0.75,0.291,0.016,234,0.0,0.151,5,15,0,0,0,243042
2026-09-13 12:33:57,"Sun, 13 Sep 2026 12:33:53 GMT",3,595,2.6,6.3,day,155.9,3365,11696,13.38,56,32,16,6,0.58,0.31,0.39,0.493,0.427,252,0.04,0.273,40,181,17,105,0,328087
2026-09-13 12:34:09,"Sun, 13 Sep 2026 12:34:07 GMT",3,596,1.8,6.3,day,155.8,1357,7974,13.33,7,7,3,4,0.58,0.16,0.41,0.199,0.405,251,0.14,0.384,27,44,17,46,0,328451
2026-09-13 12:35:02,"Sun, 13 Sep 2026 12:34:55 GMT",267,83,2.5,6.9,day,156.0,4153,12746,14.86,20,19,8,4,0.62,0.13,0.18,0.225,0.448,228,0.0,0.368,49,151,167,268,0,335630
2026-09-13 12:35:18,"Sun, 13 Sep 2026 12:35:08 GMT",4,113,1.6,5.6,day,152.0,6760,23521,15.15,57,18,14,9,0.45,0.21,0.3,0.813,0.924,255,0.54,0.313,89,278,43,201,0,345814
2026-09-13 12:43:36,"Sun, 13 Sep 2026 12:43:07 GMT",293,75,2.0,3.4,day,158.7,3099,11073,14.64,28,14,6,9,0.52,0.26,0.39,0.485,0.425,252,0.07,0.107,34,107,58,67,0,344421
2026-09-13 12:44:01,"Sun, 13 Sep 2026 12:43:57 GMT",267,84,1.5,8.8,day,159.8,4795,11178,14.97,35,26,8,10,0.44,0.19,0.25,0.266,0.903,255,0.54,0.33,55,186,162,253,0,336035
2026-09-13 12:44:14,"Sun, 13 Sep 2026 12:44:09 GMT",4,114,2.2,4.6,day,156.3,5084,18414,15.32,26,25,10,5,0.52,0.12,0.17,0.754,0.88,255,0.62,0.287,65,209,35,146,0,348480
2026-09-13 12:44:56,"Sun, 13 Sep 2026 12:44:51 GMT",195,38,2.2,11.7,day,133.1,505,6080,10.22,3,3,3,1,1.0,0.25,0.5,0.938,0.0,199,0.0,0.162,8,12,0,0,0,245313
2026-09-13 12:45:21,"Sun, 13 Sep 2026 12:45:07 GMT",195,39,2.0,11.8,day,133.6,163,3681,10.33,0,0,1,1,0.0,0.0,0.0,0.0,0.0,0,0.0,0.0,0,0,0,0,0,246676
2026-09-13 12:46:27,"Sun, 13 Sep 2026 12:45:54 GMT",3,597,1.2,5.9,day,157.7,2126,7433,13.25,7,4,2,5,0.7,0.11,0.23,0.201,0.397,254,0.14,0.357,35,63,11,46,0,329365
2026-09-13 12:46:57,"Sun, 13 Sep 2026 12:46:53 GMT",4,115,1.8,5.6,day,152.5,3800,11861,15.45,84,16,23,10,0.37,0.4,0.49,0.749,0.919,255,0.58,0.349,45,211,36,155,0,348043
2026-09-13 12:47:14,"Sun, 13 Sep 2026 12:47:08 GMT",4,116,1.2,5.6,day,152.0,3140,9053,15.55,32,15,8,10,0.4,0.19,0.24,0.79,0.895,255,0.75,0.344,40,168,38,137,0,349032
2026-09-13 12:47:56,"Sun, 13 Sep 2026 12:47:52 GMT",195,40,2.2,11.8,day,132.9,229,4555,10.33,1,1,1,1,1.0,0.33,0.0,0.885,0.037,209,0.0,0.09,3,3,0,0,0,246051
2026-09-13 12:48:09,"Sun, 13 Sep 2026 12:48:07 GMT",195,41,2.9,12.0,day,135.9,161,4182,10.53,1,1,1,1,1.0,0.5,0.0,0.062,0.019,203,0.0,0.093,2,2,0,0,0,249196
2026-09-13 12:48:26,"Sun, 13 Sep 2026 12:48:07 GMT",195,42,2.0,12.0,day,135.9,27,1379,10.53,0,0,1,1,0.0,0.0,0.0,0.0,0.0,0,0.0,0.0,0,0,0,0,0,249196
2026-09-13 12:49:04,"Sun, 13 Sep 2026 12:48:53 GMT",5,47,4.6,5.8,day,164.8,16836,38583,11.33,105,23,32,6,0.55,0.17,0.25,0.798,0.456,251,0.01,0.482,199,608,502,1057,0,270287
2026-09-13 12:49:29,"Sun, 13 Sep 2026 12:49:07 GMT",293,76,1.4,4.4,day,163.0,3077,10313,14.55,18,7,6,7,0.43,0.17,0.25,0.859,0.914,253,0.22,0.31,38,105,60,74,0,342197
2026-09-13 12:50:07,"Sun, 13 Sep 2026 12:49:53 GMT",4,117,1.6,4.6,day,156.5,2782,8070,15.51,59,18,20,10,0.29,0.38,0.44,0.773,0.907,255,0.64,0.357,30,156,30,117,0,349868
2026-09-13 12:50:20,"Sun, 13 Sep 2026 12:50:09 GMT",4,118,1.2,4.5,day,156.4,2526,6447,15.52,67,13,21,10,0.32,0.48,0.58,0.75,0.916,255,0.64,0.364,26,140,36,123,0,351409
2026-09-13 12:51:01,"Sun, 13 Sep 2026 12:50:52 GMT",195,43,1.7,11.8,day,132.7,536,4384,10.3,9,3,7,2,0.64,0.53,0.75,0.751,0.004,219,0.0,0.1,6,17,0,0,0,246257
2026-09-13 12:51:14,"Sun, 13 Sep 2026 12:51:06 GMT",195,44,1.3,11.9,day,131.4,464,3892,10.18,1,1,1,1,1.0,0.17,0.0,0.917,0.352,136,0.0,0.091,6,6,0,0,0,244009
2026-09-13 12:52:09,"Sun, 13 Sep 2026 12:51:53 GMT",293,77,1.2,4.6,day,161.1,3150,13630,14.45,27,6,13,8,0.26,0.3,0.42,0.885,0.903,255,0.59,0.35,30,91,54,81,0,341935
2026-09-13 12:52:21,"Sun, 13 Sep 2026 12:52:08 GMT",293,78,1.3,4.4,day,160.0,2567,9094,14.5,22,20,5,6,0.73,0.22,0.27,0.84,0.338,253,0.14,0.091,27,101,56,75,0,340731
2026-09-13 12:52:59,"Sun, 13 Sep 2026 12:52:52 GMT",4,119,1.5,5.9,day,153.0,2553,6849,15.36,52,19,21,9,0.28,0.36,0.42,0.773,0.906,254,0.65,0.38,31,146,34,129,0,345650
2026-09-13 12:53:16,"Sun, 13 Sep 2026 12:53:06 GMT",88,25,8.9,9.5,day,155.8,25468,47669,10.02,421,367,79,21,0.25,0.27,0.29,0.365,0.735,255,0.33,0.466,161,1572,363,1779,0,255047
2026-09-13 12:53:58,"Sun, 13 Sep 2026 12:53:52 GMT",195,45,1.3,12.2,day,125.9,223,3202,10.02,4,1,4,1,1.0,0.8,1.0,0.786,0.019,212,0.0,0.081,2,5,0,0,0,242461
2026-09-13 12:54:11,"Sun, 13 Sep 2026 12:54:08 GMT",195,46,1.0,12.2,day,125.6,169,2224,9.98,0,0,1,1,0.0,0.0,0.0,0.0,0.0,0,0.0,0.0,0,0,0,0,0,241536
2026-09-13 12:55:10,"Sun, 13 Sep 2026 12:54:54 GMT",293,79,1.5,5.1,day,161.3,1961,5904,14.57,15,9,7,8,0.27,0.2,0.25,0.846,0.921,251,0.07,0.325,22,75,55,71,0,340972
2026-09-13 12:55:27,"Sun, 13 Sep 2026 12:55:09 GMT",293,80,1.1,5.0,day,160.9,1628,4476,14.65,17,7,8,7,0.3,0.3,0.44,0.871,0.901,252,0.18,0.417,19,57,58,80,0,341325
2026-09-13 12:58:27,"Sun, 13 Sep 2026 12:58:09 GMT",267,85,2.3,7.5,day,152.9,4304,11058,14.7,12,10,8,5,0.3,0.09,0.13,0.293,0.866,253,0.42,0.463,56,137,176,263,0,336349
2026-09-13 12:58:56,"Sun, 13 Sep 2026 12:58:54 GMT",4,120,1.9,5.7,day,148.7,2687,7661,15.37,45,16,15,9,0.33,0.29,0.37,0.769,0.898,254,0.27,0.397,39,157,32,141,0,345277
2026-09-13 12:59:09,"Sun, 13 Sep 2026 12:58:54 GMT",4,121,1.4,5.7,day,148.7,1538,5011,15.37,7,7,3,4,0.58,0.12,0.21,0.737,0.873,252,0.14,0.4,29,59,19,69,0,345277
2026-09-13 12:59:21,"Sun, 13 Sep 2026 12:59:07 GMT",118,121,1.9,5.3,day,127.4,369,2492,12.03,2,1,2,1,1.0,0.22,0.0,0.568,0.796,228,0.0,0.322,8,9,0,2,0,266797
2026-09-13 12:59:59,"Sun, 13 Sep 2026 12:59:53 GMT",195,47,2.8,11.6,day,118.1,860,6088,9.49,12,4,9,3,0.44,0.34,0.43,0.444,0.079,225,0.0,0.08,13,35,0,1,0,234624
2026-09-13 13:00:12,"Sun, 13 Sep 2026 13:00:09 GMT",3,598,2.5,7.4,day,156.0,3038,12289,11.87,12,11,9,5,0.27,0.09,0.13,0.793,0.67,253,0.08,0.251,59,140,28,91,0,287487
2026-09-13 13:01:06,"Sun, 13 Sep 2026 13:00:53 GMT",293,81,2.1,5.7,day,155.4,1478,4944,14.51,8,7,5,4,0.4,0.17,0.27,0.868,0.859,248,0.0,0.212,18,46,55,72,0,341279
2026-09-13 13:01:43,"Sun, 13 Sep 2026 13:01:08 GMT",267,86,2.8,6.6,day,154.7,3424,10348,14.84,9,7,4,5,0.45,0.09,0.16,0.299,0.821,253,0.22,0.295,48,99,155,220,0,335572
2026-09-13 13:02:08,"Sun, 13 Sep 2026 13:01:54 GMT",4,122,1.0,5.6,day,146.0,2116,5186,15.29,34,24,12,7,0.4,0.28,0.38,0.806,0.937,254,0.18,0.404,34,121,22,107,0,343087
2026-09-13 13:02:20,"Sun, 13 Sep 2026 13:02:07 GMT",118,122,1.6,5.6,day,127.7,386,2163,11.96,1,1,1,1,1.0,0.12,0.0,0.062,0.167,233,0.0,0.094,8,8,0,1,0,264994
2026-09-13 13:02:58,"Sun, 13 Sep 2026 13:02:56 GMT",195,48,2.2,11.6,day,118.7,490,4857,9.4,3,3,3,1,1.0,0.21,0.5,0.469,0.056,215,0.0,0.078,8,14,0,0,0,233867
2026-09-13 13:03:11,"Sun, 13 Sep 2026 13:03:08 GMT",3,599,2.5,7.0,day,151.7,2205,10203,12.96,7,7,5,3,0.47,0.08,0.13,0.47,0.659,250,0.14,0.474,42,86,21,82,0,321826
2026-09-13 13:04:18,"Sun, 13 Sep 2026 13:04:08 GMT",267,87,2.5,6.7,day,156.9,3655,9389,14.76,11,9,2,7,0.79,0.09,0.13,0.327,0.305,252,0.09,0.293,50,127,163,237,0,336885
2026-09-13 13:05:00,"Sun, 13 Sep 2026 13:04:51 GMT",118,123,4.3,7.2,day,162.5,763,17386,11.21,2,2,1,2,1.0,0.12,0.0,0.604,0.824,236,0.0,0.274,13,16,0,2,0,248379
2026-09-13 13:05:13,"Sun, 13 Sep 2026 13:05:07 GMT",118,124,1.2,5.6,day,125.9,439,1944,11.9,7,3,6,2,0.58,0.39,0.7,0.586,0.81,224,0.0,0.295,8,18,0,5,0,263787
2026-09-13 13:06:03,"Sun, 13 Sep 2026 13:05:52 GMT",195,49,2.0,11.7,day,117.5,249,3947,9.54,4,2,3,2,0.67,0.44,1.0,0.24,0.102,211,0.0,0.092,4,9,0,0,0,237038
2026-09-13 13:06:20,"Sun, 13 Sep 2026 13:06:08 GMT",3,600,1.9,7.2,day,151.7,1920,7943,13.23,8,6,7,2,0.57,0.12,0.23,0.833,0.644,250,0.12,0.364,33,66,22,59,0,326533
2026-09-13 13:07:02,"Sun, 13 Sep 2026 13:06:53 GMT",293,82,1.8,5.9,day,153.4,1564,5724,14.27,7,7,4,3,0.58,0.17,0.23,0.923,0.87,253,0.43,0.316,17,42,63,77,0,338513
2026-09-13 13:07:15,"Sun, 13 Sep 2026 13:07:07 GMT",267,88,1.5,6.7,day,151.6,3239,7927,14.68,12,9,4,5,0.6,0.12,0.19,0.887,0.276,246,0.0,0.279,36,100,143,192,0,334404
2026-09-13 13:08:06,"Sun, 13 Sep 2026 13:07:52 GMT",118,125,1.4,6.8,day,123.2,392,1885,11.68,2,1,1,2,1.0,0.2,0.0,0.729,0.657,209,0.0,0.247,9,10,0,2,0,261535
2026-09-13 13:08:18,"Sun, 13 Sep 2026 13:08:06 GMT",118,126,0.9,6.5,day,123.5,300,1421,11.7,2,2,1,2,1.0,0.22,0.0,0.729,0.657,206,0.0,0.292,7,9,0,4,0,261181
2026-09-13 13:09:04,"Sun, 13 Sep 2026 13:08:53 GMT",126,13,6.4,11.4,day,158.7,20318,43583,10.27,301,150,42,17,0.42,0.2,0.22,0.772,0.13,252,0.03,0.345,122,1475,0,1081,0,267748
2026-09-13 13:09:20,"Sun, 13 Sep 2026 13:09:07 GMT",3,601,1.5,7.5,day,149.7,2759,9557,13.16,25,12,9,6,0.46,0.2,0.29,0.83,0.677,253,0.04,0.351,42,123,28,82,0,324842
2026-09-13 13:17:38,"Sun, 13 Sep 2026 13:17:07 GMT",195,50,5.0,12.1,day,121.7,1318,11924,9.7,29,20,15,4,0.48,0.33,0.35,0.768,0.108,255,0.24,0.076,15,89,0,0,0,237691
2026-09-13 13:17:55,"Sun, 13 Sep 2026 13:17:53 GMT",3,602,1.8,7.7,day,142.8,2266,11007,12.83,8,5,5,5,0.32,0.12,0.25,0.194,0.414,252,0.38,0.29,37,69,19,54,0,318095
2026-09-13 13:18:07,"Sun, 13 Sep 2026 13:17:53 GMT",3,603,1.2,7.7,day,142.8,1005,6220,12.83,4,3,2,3,0.67,0.17,0.57,0.185,0.394,252,0.75,0.291,16,23,9,21,0,318095
2026-09-13 13:18:19,"Sun, 13 Sep 2026 13:18:06 GMT",171,9,4.8,6.1,day,148.7,19667,44451,6.24,424,189,79,21,0.26,0.29,0.32,0.661,0.407,254,0.02,0.317,194,1463,0,456,0,155252
2026-09-13 13:19:07,"Sun, 13 Sep 2026 13:18:52 GMT",267,89,2.7,4.8,day,149.8,4172,15159,14.22,9,9,5,3,0.6,0.07,0.13,0.05,0.333,240,0.0,0.264,54,122,157,229,0,327097
2026-09-13 13:19:43,"Sun, 13 Sep 2026 13:19:07 GMT",4,123,3.4,7.2,day,138.1,3409,15266,14.63,92,29,22,10,0.42,0.44,0.51,0.748,0.917,255,0.04,0.391,30,207,28,147,0,333085
2026-09-13 13:19:55,"Sun, 13 Sep 2026 13:19:53 GMT",118,127,2.4,8.5,day,118.6,565,3411,11.33,2,2,2,1,1.0,0.17,0.0,0.672,0.648,191,0.0,0.167,9,12,0,2,0,255522
2026-09-13 13:20:20,"Sun, 13 Sep 2026 13:20:09 GMT",195,51,4.3,12.2,day,122.0,819,10076,9.61,9,5,5,4,0.45,0.22,0.27,0.439,0.025,243,0.0,0.089,16,41,0,0,0,234574
2026-09-13 13:21:04,"Sun, 13 Sep 2026 13:20:52 GMT",3,604,1.2,7.6,day,142.8,1914,7726,12.53,10,4,5,4,0.5,0.16,0.36,0.627,0.369,246,0.0,0.187,33,64,18,42,0,313113
2026-09-13 13:21:16,"Sun, 13 Sep 2026 13:21:08 GMT",293,83,3.8,8.6,day,144.6,3353,16169,13.75,43,26,25,5,0.34,0.29,0.34,0.781,0.523,237,0.0,0.116,29,147,55,76,0,323124
2026-09-13 13:22:04,"Sun, 13 Sep 2026 13:21:53 GMT",267,90,2.3,4.8,day,144.4,3511,12998,14.06,18,15,6,7,0.43,0.15,0.2,0.288,0.848,252,0.17,0.328,39,122,133,204,0,322035
2026-09-13 13:22:16,"Sun, 13 Sep 2026 13:22:08 GMT",4,124,2.7,7.2,day,138.5,3086,10381,14.56,41,33,17,10,0.24,0.23,0.26,0.542,0.36,248,0.0,0.289,33,181,27,144,0,330945
2026-09-13 13:22:53,"Sun, 13 Sep 2026 13:22:51 GMT",174,7,5.5,9.0,day,126.0,19721,39859,8.62,374,181,49,15,0.51,0.25,0.26,0.766,0.117,254,0.33,0.27,101,1508,0,411,0,187207
2026-09-13 13:23:17,"Sun, 13 Sep 2026 13:23:08 GMT",195,52,3.5,12.2,day,124.3,454,7018,9.65,5,5,3,2,0.83,0.19,0.25,0.585,0.104,255,0.2,0.083,9,26,0,0,0,235597
2026-09-13 13:24:17,"Sun, 13 Sep 2026 13:24:08 GMT",293,84,2.4,8.1,day,145.3,1697,10045,13.62,10,4,6,4,0.42,0.28,0.56,0.881,0.883,243,0.0,0.449,17,36,59,80,0,314532
2026-09-13 13:24:58,"Sun, 13 Sep 2026 13:24:53 GMT",267,91,1.7,4.6,day,147.3,3064,8272,14.21,12,11,4,6,0.5,0.13,0.25,0.242,0.94,251,0.08,0.317,37,89,152,213,0,323150
2026-09-13 13:25:10,"Sun, 13 Sep 2026 13:25:06 GMT",4,125,2.1,6.6,day,140.4,2284,7301,14.45,32,31,10,9,0.36,0.25,0.31,0.808,0.916,254,0.06,0.408,32,129,21,117,0,330923
2026-09-13 13:26:06,"Sun, 13 Sep 2026 13:25:52 GMT",195,53,2.3,12.0,day,124.5,213,3723,9.67,2,2,1,2,1.0,0.2,0.0,0.865,0.046,180,0.0,0.064,7,10,0,0,0,236689
2026-09-13 13:26:18,"Sun, 13 Sep 2026 13:26:08 GMT",195,54,1.6,12.0,day,125.0,182,2435,9.64,1,1,1,1,1.0,0.5,0.0,0.302,0.704,191,0.0,0.077,2,2,0,0,0,235447
2026-09-13 13:26:55,"Sun, 13 Sep 2026 13:26:53 GMT",3,605,1.4,6.9,day,146.4,2040,7943,12.41,6,5,4,4,0.38,0.08,0.17,0.519,0.67,249,0.0,0.356,43,78,20,45,0,309953
2026-09-13 13:27:11,"Sun, 13 Sep 2026 13:26:53 GMT",3,606,1.0,6.9,day,146.4,942,4951,12.41,4,3,2,3,0.67,0.22,0.57,0.505,0.375,252,0.75,0.202,11,18,8,13,0,309953
2026-09-13 13:27:23,"Sun, 13 Sep 2026 13:27:10 GMT",293,85,1.6,7.0,day,151.9,1836,4835,13.79,21,11,8,7,0.38,0.28,0.37,0.869,0.895,244,0.0,0.399,18,76,54,77,0,327431
2026-09-13 13:27:59,"Sun, 13 Sep 2026 13:27:53 GMT",4,126,2.5,5.2,day,143.9,2707,7191,14.69,24,17,6,8,0.5,0.15,0.17,0.321,0.304,244,0.0,0.358,35,162,26,108,0,332894
2026-09-13 13:29:04,"Sun, 13 Sep 2026 13:28:52 GMT",195,55,1.7,12.1,day,126.1,182,2934,9.7,2,1,2,1,1.0,0.4,0.0,0.797,0.093,183,0.0,0.151,4,5,0,0,0,236458
2026-09-13 13:29:16,"Sun, 13 Sep 2026 13:29:06 GMT",195,56,1.2,12.2,day,126.0,63,1527,9.73,2,0,1,2,1.0,1.0,0.0,0.417,0.546,187,0.0,0.074,1,2,0,0,0,236610
2026-09-13 13:32:12,"Sun, 13 Sep 2026 13:32:08 GMT",195,57,1.6,12.4,day,126.8,178,3428,9.73,8,2,7,2,0.57,0.73,1.0,0.376,0.007,194,0.0,0.117,3,11,0,0,0,237365
2026-09-13 13:33:02,"Sun, 13 Sep 2026 13:32:52 GMT",293,86,1.3,6.3,day,150.6,1245,4237,13.37,5,5,3,2,0.83,0.17,0.23,0.831,0.381,233,0.0,0.281,11,29,56,71,0,320935
2026-09-13 13:33:15,"Sun, 13 Sep 2026 13:33:08 GMT",293,87,1.0,6.3,day,155.0,1142,3399,13.59,12,2,5,7,0.34,0.43,1.0,0.865,0.897,252,0.08,0.388,13,28,47,62,0,326084
2026-09-13 13:34:07,"Sun, 13 Sep 2026 13:33:53 GMT",4,127,2.0,5.7,day,148.8,2295,7070,14.6,26,11,10,7,0.37,0.23,0.32,0.72,0.885,255,0.19,0.383,36,114,34,114,0,334017
2026-09-13 13:34:20,"Sun, 13 Sep 2026 13:34:07 GMT",4,128,1.5,5.6,day,148.7,1966,5477,14.66,25,15,8,10,0.31,0.25,0.36,0.724,0.902,255,0.32,0.41,34,101,30,101,0,333987
2026-09-13 13:34:58,"Sun, 13 Sep 2026 13:34:52 GMT",195,58,2.7,11.9,day,126.4,556,4647,9.77,25,4,9,5,0.56,0.83,0.86,0.47,0.025,195,0.0,0.1,3,30,0,0,0,237630
2026-09-13 13:35:10,"Sun, 13 Sep 2026 13:35:08 GMT",195,59,2.0,11.9,day,126.6,1032,5485,9.65,14,6,8,3,0.58,0.29,0.37,0.47,0.015,193,0.0,0.157,17,49,0,0,0,234860
2026-09-13 13:35:23,"Sun, 13 Sep 2026 13:35:08 GMT",195,60,1.4,11.9,day,126.6,367,2930,9.65,3,3,3,2,0.5,0.2,0.5,0.844,0.821,189,0.0,0.214,10,15,0,0,0,234860
2026-09-13 13:36:05,"Sun, 13 Sep 2026 13:35:55 GMT",293,88,1.8,6.0,day,160.5,1186,3521,13.74,5,4,3,3,0.56,0.17,0.33,0.894,0.87,251,0.2,0.424,17,30,52,65,0,329069
2026-09-13 13:36:42,"Sun, 13 Sep 2026 13:36:08 GMT",293,89,1.6,5.9,day,161.3,1505,3657,13.78,19,3,6,8,0.4,0.37,0.56,0.844,0.894,251,0.11,0.273,19,51,63,79,0,326770
2026-09-13 13:37:11,"Sun, 13 Sep 2026 13:37:07 GMT",118,128,2.2,8.8,day,128.2,578,3512,11.46,2,2,1,2,1.0,0.17,0.0,0.708,0.657,208,0.0,0.203,9,12,0,1,0,255886
2026-09-13 13:38:06,"Sun, 13 Sep 2026 13:37:52 GMT",195,61,2.0,11.6,day,122.8,508,3650,9.51,18,7,8,4,0.56,0.58,0.62,0.553,0.025,190,0.0,0.071,4,31,0,0,0,234112
2026-09-13 13:38:18,"Sun, 13 Sep 2026 13:38:06 GMT",195,62,1.4,11.6,day,122.6,177,2401,9.48,7,1,4,2,0.88,0.88,1.0,0.56,0.026,195,0.0,0.128,2,8,0,0,0,233872
2026-09-13 13:39:00,"Sun, 13 Sep 2026 13:38:53 GMT",293,90,1.0,6.1,day,160.2,1418,3239,13.71,18,5,6,6,0.5,0.38,0.55,0.856,0.888,246,0.0,0.361,18,48,54,74,0,328127
2026-09-13 13:39:25,"Sun, 13 Sep 2026 13:39:09 GMT",293,91,0.6,6.0,day,159.5,1285,2875,13.67,6,5,3,4,0.5,0.16,0.27,0.866,0.873,252,0.17,0.436,15,38,60,75,0,326994
2026-09-13 13:40:07,"Sun, 13 Sep 2026 13:39:53 GMT",4,129,1.5,5.9,day,149.7,2645,8348,14.5,34,8,10,10,0.34,0.27,0.43,0.71,0.91,254,0.12,0.416,49,124,31,100,0,331857
2026-09-13 13:40:24,"Sun, 13 Sep 2026 13:40:06 GMT",118,129,1.7,8.2,day,118.7,374,2261,11.11,3,1,3,1,1.0,0.43,1.0,0.542,0.796,195,0.0,0.344,5,7,0,2,0,253044
2026-09-13 13:41:02,"Sun, 13 Sep 2026 13:40:51 GMT",195,63,2.4,11.7,day,119.9,208,3328,9.31,8,2,4,3,0.67,0.8,1.0,0.643,0.053,180,0.0,0.069,2,10,0,0,0,231024
2026-09-13 13:41:14,"Sun, 13 Sep 2026 13:41:07 GMT",130,12,5.1,11.9,day,154.9,16490,37405,8.69,429,94,59,29,0.25,0.38,0.43,0.177,0.166,255,0.29,0.439,161,1136,0,938,0,214585
2026-09-13 13:42:16,"Sun, 13 Sep 2026 13:42:07 GMT",267,92,1.3,5.7,day,153.8,2630,7521,14.07,9,6,5,3,0.6,0.13,0.24,0.9,0.391,236,0.0,0.425,35,69,127,185,0,322614
2026-09-13 13:43:06,"Sun, 13 Sep 2026 13:42:54 GMT",4,130,1.6,6.3,day,143.7,1915,5969,14.62,15,13,6,6,0.42,0.18,0.29,0.726,0.863,253,0.07,0.412,28,82,34,94,0,333731
2026-09-13 13:43:19,"Sun, 13 Sep 2026 13:43:09 GMT",118,130,2.1,9.6,day,113.2,394,2056,10.93,5,1,4,2,0.62,0.33,1.0,0.585,0.811,194,0.0,0.311,11,15,0,4,0,250873
2026-09-13 13:43:57,"Sun, 13 Sep 2026 13:43:52 GMT",195,64,3.7,12.4,day,114.7,508,5315,9.08,29,1,14,4,0.52,0.94,1.0,0.503,0.05,245,0.0,0.103,3,31,0,0,0,228085
2026-09-13 13:46:26,"Sun, 13 Sep 2026 13:46:05 GMT",118,131,3.5,11.5,day,108.4,325,3037,10.67,3,2,2,2,0.75,0.25,1.0,0.576,0.654,206,0.0,0.107,8,12,0,3,0,246967
2026-09-13 13:47:08,"Sun, 13 Sep 2026 13:46:51 GMT",195,65,6.4,14.3,day,110.7,958,12833,8.83,23,11,13,3,0.59,0.35,0.43,0.053,0.055,213,0.0,0.068,13,65,0,0,0,221924
2026-09-13 13:47:24,"Sun, 13 Sep 2026 13:47:07 GMT",3,607,1.9,8.2,day,133.0,3014,11156,12.56,49,26,19,7,0.37,0.34,0.48,0.391,0.41,254,0.45,0.188,37,144,11,50,0,312009
2026-09-13 13:48:01,"Sun, 13 Sep 2026 13:47:51 GMT",293,92,4.7,9.9,day,132.7,6860,13322,13.77,201,158,32,12,0.52,0.49,0.51,0.849,0.478,251,0.01,0.098,21,407,67,88,0,318832
2026-09-13 13:48:13,"Sun, 13 Sep 2026 13:48:08 GMT",26,185,3.4,5.6,day,131.0,13214,36413,14.18,240,68,44,14,0.39,0.32,0.38,0.433,0.904,250,0.0,0.311,133,748,33,284,0,320659
2026-09-13 13:48:55,"Sun, 13 Sep 2026 13:48:52 GMT",118,132,6.6,10.1,day,101.1,636,20803,10.16,13,7,6,5,0.43,0.46,0.65,0.603,0.664,224,0.0,0.104,7,28,0,2,0,240743
2026-09-13 13:49:32,"Sun, 13 Sep 2026 13:49:07 GMT",118,133,2.9,11.8,day,105.0,321,1942,10.45,3,3,2,2,0.75,0.27,0.5,0.632,0.691,206,0.0,0.1,6,11,0,5,0,243402
2026-09-13 13:50:05,"Sun, 13 Sep 2026 13:49:51 GMT",195,66,5.8,13.8,day,102.8,1422,14751,8.29,61,10,18,7,0.48,0.66,0.73,0.084,0.069,214,0.0,0.087,12,92,0,0,0,215740
2026-09-13 13:50:17,"Sun, 13 Sep 2026 13:50:07 GMT",3,608,2.9,8.5,day,117.4,5230,12713,11.91,193,32,48,10,0.4,0.61,0.67,0.539,0.413,253,0.19,0.191,34,318,15,75,0,287863
2026-09-13 13:50:58,"Sun, 13 Sep 2026 13:50:53 GMT",293,93,4.6,9.6,day,123.7,6605,12061,13.56,197,157,32,12,0.51,0.48,0.51,0.853,0.476,250,0.01,0.151,19,408,65,101,0,321365
2026-09-13 13:51:35,"Sun, 13 Sep 2026 13:51:09 GMT",26,186,4.3,7.6,day,122.5,8243,32215,13.69,191,34,38,11,0.46,0.45,0.54,0.426,0.905,237,0.0,0.368,79,423,45,269,0,315670
2026-09-13 13:52:16,"Sun, 13 Sep 2026 13:52:06 GMT",118,134,3.5,10.4,day,96.0,410,4454,9.8,2,1,1,2,1.0,0.22,0.0,0.625,0.676,217,0.0,0.193,8,9,0,2,0,233174
2026-09-13 13:52:57,"Sun, 13 Sep 2026 13:52:51 GMT",130,13,7.5,10.2,day,133.6,26237,47091,8.69,674,340,65,33,0.31,0.34,0.35,0.253,0.177,255,0.08,0.412,96,1983,0,1324,0,194162
2026-09-13 13:53:09,"Sun, 13 Sep 2026 13:53:07 GMT",3,609,3.6,7.2,day,108.5,5328,12928,11.42,198,32,48,6,0.69,0.58,0.61,0.554,0.419,253,0.24,0.231,26,344,20,111,0,279306
2026-09-13 13:53:25,"Sun, 13 Sep 2026 13:53:07 GMT",3,610,2.5,7.2,day,108.5,2862,8816,11.42,95,14,26,6,0.61,0.55,0.61,0.577,0.419,253,0.24,0.278,27,174,15,81,0,279306
2026-09-13 13:54:06,"Sun, 13 Sep 2026 13:53:53 GMT",26,187,5.3,6.1,day,115.9,7624,29241,13.51,190,143,34,13,0.43,0.39,0.42,0.806,0.419,253,0.04,0.26,44,492,55,303,0,310082
2026-09-13 13:54:30,"Sun, 13 Sep 2026 13:54:08 GMT",26,188,3.9,5.9,day,115.6,4291,20729,13.41,75,37,19,11,0.36,0.29,0.32,0.32,0.907,219,0.0,0.411,38,259,62,251,0,311477
2026-09-13 13:55:23,"Sun, 13 Sep 2026 13:55:06 GMT",118,135,3.8,9.1,day,97.8,719,6923,9.83,11,2,6,2,0.92,0.38,1.0,0.69,0.677,224,0.0,0.162,15,29,0,4,0,231728
2026-09-13 13:56:16,"Sun, 13 Sep 2026 13:56:06 GMT",3,611,2.7,6.2,day,104.3,3674,10581,11.28,80,22,21,6,0.63,0.36,0.42,0.683,0.415,253,0.01,0.262,38,222,17,125,0,279043
2026-09-13 13:56:57,"Sun, 13 Sep 2026 13:56:54 GMT",26,189,3.3,5.9,day,111.6,4911,16241,13.29,110,64,27,12,0.34,0.33,0.36,0.361,0.901,217,0.0,0.407,36,333,60,255,0,309279
2026-09-13 13:57:13,"Sun, 13 Sep 2026 13:57:07 GMT",26,190,2.8,5.9,day,111.1,4995,12353,13.23,174,23,37,11,0.43,0.53,0.56,0.396,0.915,225,0.0,0.39,35,331,70,254,0,308808
2026-09-13 13:57:58,"Sun, 13 Sep 2026 13:57:51 GMT",118,136,3.4,8.4,day,95.0,423,3270,9.7,7,4,5,3,0.47,0.39,0.64,0.729,0.683,226,0.0,0.157,8,18,0,1,0,229153
2026-09-13 13:58:10,"Sun, 13 Sep 2026 13:58:06 GMT",195,67,8.1,13.1,day,90.4,4819,31192,7.29,274,13,48,13,0.44,0.84,0.9,0.251,0.088,251,0.0,0.086,20,325,0,0,0,197118
2026-09-13 13:59:34,"Sun, 13 Sep 2026 13:59:09 GMT",3,612,2.2,6.1,day,100.3,3688,9183,11.15,159,18,45,8,0.44,0.65,0.73,0.546,0.408,253,0.26,0.308,30,243,16,150,0,274380
2026-09-13 13:59:58,"Sun, 13 Sep 2026 13:59:53 GMT",26,191,2.8,5.7,day,106.3,5244,13717,13.04,38,22,14,12,0.23,0.12,0.13,0.304,0.906,206,0.0,0.465,56,322,79,236,0,305930
2026-09-13 14:00:10,"Sun, 13 Sep 2026 14:00:07 GMT",114,65,9.9,10.1,day,94.6,19672,44868,12.12,681,114,93,24,0.31,0.57,0.64,0.396,0.307,246,0.0,0.212,137,1187,187,447,0,282172
2026-09-13 14:01:11,"Sun, 13 Sep 2026 14:01:06 GMT",195,68,5.6,12.1,day,89.2,2470,17598,7.37,117,29,27,10,0.43,0.66,0.7,0.359,0.082,240,0.0,0.112,14,177,0,0,0,199157
2026-09-13 14:02:03,"Sun, 13 Sep 2026 14:01:52 GMT",3,613,2.5,5.7,day,96.6,3257,9285,10.85,132,6,35,8,0.47,0.64,0.8,0.606,0.411,253,0.2,0.322,39,206,19,144,0,270665
2026-09-13 14:02:19,"Sun, 13 Sep 2026 14:02:05 GMT",171,10,5.6,8.7,day,100.9,12854,34741,4.1,325,39,53,11,0.56,0.39,0.49,0.741,0.436,251,0.01,0.345,182,835,0,465,0,130197
2026-09-13 14:02:55,"Sun, 13 Sep 2026 14:02:52 GMT",26,192,3.4,5.3,day,102.6,6324,14459,13.0,57,37,18,10,0.32,0.14,0.15,0.316,0.917,199,0.0,0.379,49,415,93,267,0,305610
2026-09-13 14:03:19,"Sun, 13 Sep 2026 14:03:07 GMT",114,66,6.2,11.2,day,91.9,9273,31942,11.86,68,52,24,9,0.31,0.16,0.19,0.41,0.432,247,0.0,0.44,73,417,172,370,0,273267
2026-09-13 14:04:08,"Sun, 13 Sep 2026 14:04:06 GMT",195,69,5.0,11.7,day,91.3,2464,12574,7.54,57,22,15,7,0.54,0.34,0.37,0.479,0.063,254,0.09,0.137,20,169,0,0,1,201383
2026-09-13 14:04:20,"Sun, 13 Sep 2026 14:04:06 GMT",195,70,3.5,11.7,day,91.3,711,6610,7.54,26,7,11,4,0.59,0.58,0.62,0.47,0.086,254,0.15,0.193,8,45,0,0,0,201383
2026-09-13 14:04:56,"Sun, 13 Sep 2026 14:04:52 GMT",3,614,1.8,5.8,day,97.0,2132,7289,10.96,34,17,13,5,0.52,0.3,0.38,0.648,0.407,252,0.03,0.362,29,115,11,92,0,274495
2026-09-13 14:05:21,"Sun, 13 Sep 2026 14:05:06 GMT",293,94,5.3,6.7,day,98.9,6714,14740,12.03,366,11,54,12,0.56,0.89,0.93,0.733,0.448,252,0.02,0.192,18,411,46,71,0,304620
2026-09-13 14:05:57,"Sun, 13 Sep 2026 14:05:53 GMT",26,193,3.3,5.3,day,107.0,6270,12125,13.09,86,39,23,14,0.27,0.22,0.24,0.861,0.333,253,0.02,0.321,46,386,105,295,0,308572
2026-09-13 14:06:09,"Sun, 13 Sep 2026 14:06:08 GMT",114,67,4.5,11.5,day,94.0,7068,24433,12.07,33,29,11,6,0.5,0.1,0.11,0.045,0.397,248,0.0,0.365,63,332,189,380,0,284639
2026-09-13 14:06:34,"Sun, 13 Sep 2026 14:06:08 GMT",114,68,3.1,11.5,day,94.0,4108,15045,12.07,14,11,8,6,0.29,0.1,0.15,0.805,0.921,192,0.0,0.455,56,140,148,238,0,284639
2026-09-13 14:06:57,"Sun, 13 Sep 2026 14:06:51 GMT",195,71,10.7,11.8,day,108.0,25271,47761,5.95,858,222,58,30,0.49,0.45,0.47,0.638,0.223,255,0.15,0.079,100,1898,0,3,0,153839
2026-09-13 14:07:22,"Sun, 13 Sep 2026 14:07:07 GMT",195,72,3.4,10.6,day,91.0,3089,11620,7.55,92,30,17,15,0.36,0.43,0.5,0.547,0.171,254,0.25,0.138,33,215,0,4,0,201401
2026-09-13 14:08:02,"Sun, 13 Sep 2026 14:07:52 GMT",3,615,1.2,6.4,day,103.4,1739,5890,11.28,20,15,9,6,0.37,0.22,0.29,0.638,0.397,253,0.15,0.414,29,93,17,74,0,279403
2026-09-13 14:08:14,"Sun, 13 Sep 2026 14:08:07 GMT",293,95,3.6,8.5,day,109.9,5320,9563,12.12,185,58,32,12,0.48,0.57,0.58,0.854,0.474,252,0.03,0.247,13,327,57,88,0,290959
2026-09-13 14:09:07,"Sun, 13 Sep 2026 14:08:51 GMT",26,194,4.4,7.9,day,108.9,9210,21285,10.09,98,92,17,12,0.48,0.21,0.25,0.521,0.405,236,0.0,0.172,101,478,88,238,0,227938
2026-09-13 14:09:19,"Sun, 13 Sep 2026 14:09:08 GMT",114,69,4.0,10.2,day,100.7,4898,17198,12.46,26,12,8,8,0.41,0.12,0.14,0.8,0.919,193,0.0,0.394,46,213,152,295,0,289207
2026-09-13 14:09:55,"Sun, 13 Sep 2026 14:09:51 GMT",195,73,3.9,9.2,day,90.9,3416,12853,7.59,53,45,9,14,0.42,0.22,0.23,0.589,0.1,254,0.11,0.176,24,245,0,3,1,202869
2026-09-13 14:10:11,"Sun, 13 Sep 2026 14:10:06 GMT",195,74,3.0,9.0,day,90.9,1341,9221,7.57,27,14,12,4,0.56,0.3,0.38,0.244,0.019,208,0.0,0.194,18,89,0,11,0,203189
2026-09-13 14:11:04,"Sun, 13 Sep 2026 14:10:54 GMT",3,616,2.0,7.4,day,109.0,2145,7088,11.57,17,16,8,4,0.53,0.15,0.19,0.216,0.416,233,0.0,0.286,29,111,11,60,0,282722
2026-09-13 14:11:16,"Sun, 13 Sep 2026 14:11:08 GMT",293,96,2.3,10.3,day,116.4,1969,6818,12.58,18,15,6,5,0.6,0.23,0.33,0.449,0.401,236,0.0,0.16,25,78,59,82,0,296369
2026-09-13 14:19:06,"Sun, 13 Sep 2026 14:18:51 GMT",195,75,6.9,11.7,day,102.5,6938,24898,8.44,176,166,40,10,0.44,0.39,0.41,0.728,0.052,250,0.01,0.127,24,449,0,12,0,213718
2026-09-13 14:19:23,"Sun, 13 Sep 2026 14:19:06 GMT",195,76,5.0,11.7,day,102.3,4009,17540,8.37,84,51,29,7,0.41,0.34,0.38,0.262,0.096,209,0.0,0.227,31,246,0,18,0,212048
2026-09-13 14:20:12,"Sun, 13 Sep 2026 14:20:07 GMT",293,97,5.7,6.4,day,139.3,8265,16624,11.88,187,151,32,12,0.49,0.39,0.42,0.854,0.473,245,0.0,0.275,44,484,53,109,0,302673
2026-09-13 14:20:54,"Sun, 13 Sep 2026 14:20:52 GMT",4,131,3.5,7.0,day,130.6,6883,17937,12.87,124,73,32,14,0.28,0.3,0.33,0.391,0.326,244,0.0,0.311,58,419,35,157,0,308208
2026-09-13 14:21:07,"Sun, 13 Sep 2026 14:20:52 GMT",4,132,2.5,7.0,day,130.6,4119,12371,12.87,27,25,14,5,0.39,0.13,0.16,0.315,0.254,244,0.0,0.236,47,204,31,103,0,308208
2026-09-13 14:21:24,"Sun, 13 Sep 2026 14:21:07 GMT",118,137,3.9,12.0,day,110.4,2180,11170,10.83,30,18,17,4,0.44,0.25,0.33,0.505,0.678,217,0.0,0.111,35,119,0,3,0,243455
2026-09-13 14:21:53,"Sun, 13 Sep 2026 14:21:51 GMT",195,77,6.0,12.5,day,110.2,5390,23213,8.92,265,19,49,15,0.36,0.73,0.77,0.268,0.09,255,0.0,0.197,26,364,0,31,0,221441
2026-09-13 14:22:05,"Sun, 13 Sep 2026 14:21:51 GMT",195,78,4.2,12.5,day,110.2,2186,13830,8.92,36,34,21,6,0.29,0.25,0.28,0.326,0.043,187,0.0,0.218,17,144,0,31,0,221441
2026-09-13 14:22:18,"Sun, 13 Sep 2026 14:22:06 GMT",45,13,8.2,8.7,day,96.7,15849,41554,8.29,557,85,93,14,0.43,0.5,0.54,0.442,0.105,255,0.07,0.305,108,1113,0,419,0,197817
2026-09-13 14:23:04,"Sun, 13 Sep 2026 14:22:53 GMT",293,98,4.7,5.1,day,145.9,6944,14260,11.94,190,140,32,12,0.49,0.44,0.46,0.857,0.474,250,0.01,0.315,28,427,45,294,0,304389
2026-09-13 14:23:17,"Sun, 13 Sep 2026 14:23:07 GMT",267,93,4.1,10.5,day,142.0,6419,23170,11.75,100,17,21,15,0.32,0.37,0.46,0.886,0.328,228,0.0,0.31,58,272,132,235,0,293517
2026-09-13 14:23:55,"Sun, 13 Sep 2026 14:23:53 GMT",4,133,3.6,4.8,day,138.3,5077,15513,12.7,100,44,26,15,0.26,0.29,0.32,0.42,0.366,252,0.02,0.284,46,342,31,157,0,307780
2026-09-13 14:24:07,"Sun, 13 Sep 2026 14:23:53 GMT",4,134,2.5,4.8,day,138.3,3113,10744,12.7,20,18,6,8,0.42,0.12,0.14,0.281,0.294,234,0.0,0.33,44,169,18,91,0,307780
2026-09-13 14:24:24,"Sun, 13 Sep 2026 14:24:09 GMT",118,138,5.6,9.3,day,114.0,2709,15625,10.94,73,22,26,5,0.56,0.44,0.51,0.624,0.68,219,0.0,0.154,27,165,0,7,0,245196
2026-09-13 14:25:02,"Sun, 13 Sep 2026 14:24:51 GMT",195,79,7.2,11.0,day,116.1,6092,23980,9.22,180,127,32,14,0.4,0.45,0.48,0.439,0.077,253,0.02,0.22,35,400,0,54,0,228482
2026-09-13 14:25:15,"Sun, 13 Sep 2026 14:25:06 GMT",38,136,7.3,7.6,day,148.3,17263,42408,10.52,199,134,52,11,0.35,0.19,0.22,0.729,0.379,254,0.01,0.175,197,1068,24,160,0,275740
2026-09-13 14:26:05,"Sun, 13 Sep 2026 14:25:52 GMT",28,289,4.2,5.9,day,148.0,13130,36579,11.97,73,71,22,9,0.37,0.1,0.12,0.761,0.427,226,0.0,0.075,172,732,34,87,0,302508
2026-09-13 14:26:18,"Sun, 13 Sep 2026 14:26:07 GMT",267,94,7.3,9.1,day,147.1,9379,30671,12.41,322,42,62,17,0.31,0.57,0.62,0.764,0.402,254,0.02,0.2,54,560,140,244,0,301214
2026-09-13 14:26:55,"Sun, 13 Sep 2026 14:26:51 GMT",88,26,5.2,6.1,day,144.3,16342,40997,7.16,97,57,35,12,0.23,0.12,0.15,0.171,0.8,232,0.0,0.435,212,820,310,1014,0,183595
2026-09-13 14:27:08,"Sun, 13 Sep 2026 14:27:06 GMT",118,139,6.1,7.9,day,119.8,2937,18174,11.23,66,25,26,4,0.63,0.4,0.48,0.63,0.681,231,0.0,0.193,36,167,0,7,0,249861
2026-09-13 14:27:21,"Sun, 13 Sep 2026 14:27:06 GMT",118,140,4.2,7.9,day,119.8,1030,10712,11.23,9,8,5,3,0.6,0.19,0.27,0.727,0.681,199,0.0,0.262,18,47,0,3,0,249861
2026-09-13 14:27:59,"Sun, 13 Sep 2026 14:27:51 GMT",195,80,8.1,10.4,day,118.4,7787,26487,9.36,318,68,60,15,0.35,0.63,0.66,0.493,0.084,255,0.02,0.223,26,505,0,72,0,230621
2026-09-13 14:28:11,"Sun, 13 Sep 2026 14:28:08 GMT",38,137,6.1,8.0,day,144.8,11551,34348,10.18,94,89,29,11,0.29,0.15,0.18,0.831,0.385,241,0.0,0.225,151,645,33,160,0,274209
2026-09-13 14:29:02,"Sun, 13 Sep 2026 14:28:53 GMT",28,290,2.7,5.3,day,146.0,7393,26697,11.53,26,20,9,6,0.48,0.09,0.15,0.8,0.951,222,0.0,0.183,125,282,34,77,0,300884
2026-09-13 14:29:15,"Sun, 13 Sep 2026 14:29:08 GMT",267,95,5.7,8.4,day,145.0,12249,23999,11.71,635,33,92,16,0.43,0.82,0.85,0.484,0.416,253,0.01,0.161,36,776,113,209,0,291652
2026-09-13 14:30:05,"Sun, 13 Sep 2026 14:29:52 GMT",118,141,3.2,8.3,day,114.4,1331,9990,10.88,16,6,11,3,0.48,0.25,0.39,0.543,0.681,229,0.0,0.269,27,63,0,13,0,246290
2026-09-13 14:30:18,"Sun, 13 Sep 2026 14:30:07 GMT",118,142,2.6,8.3,day,121.4,984,5946,11.47,3,3,1,3,1.0,0.1,0.2,0.375,0.648,204,0.0,0.221,20,31,0,5,0,250946
2026-09-13 14:30:59,"Sun, 13 Sep 2026 14:30:52 GMT",195,81,7.4,10.2,day,119.5,6775,25667,9.18,296,23,50,13,0.46,0.71,0.8,0.581,0.075,254,0.04,0.241,45,419,0,90,0,226299
2026-09-13 14:35:18,"Sun, 13 Sep 2026 14:35:07 GMT",267,96,4.9,7.6,day,142.8,8840,21815,12.19,182,156,27,12,0.56,0.35,0.39,0.444,0.401,253,0.03,0.195,59,522,126,221,0,299887
2026-09-13 14:35:57,"Sun, 13 Sep 2026 14:35:52 GMT",118,143,2.0,8.2,day,120.5,998,4711,11.33,5,4,4,3,0.42,0.14,0.33,0.158,0.793,190,0.0,0.095,22,37,0,7,0,249857
2026-09-13 14:36:09,"Sun, 13 Sep 2026 14:36:06 GMT",118,144,2.4,8.7,day,120.8,19247,33854,8.35,486,293,47,54,0.19,0.32,0.34,0.192,0.578,222,0.0,0.072,94,1511,0,15,0,182965
2026-09-13 14:37:03,"Sun, 13 Sep 2026 14:36:55 GMT",38,138,4.4,8.3,day,146.2,6444,25750,10.19,32,19,14,5,0.46,0.11,0.14,0.769,0.715,240,0.0,0.2,89,303,21,128,0,276838
2026-09-13 14:37:15,"Sun, 13 Sep 2026 14:37:06 GMT",38,139,3.2,8.1,day,146.4,3662,18495,10.38,53,10,23,9,0.26,0.31,0.43,0.374,0.676,252,0.02,0.268,54,169,20,83,0,276592
2026-09-13 14:38:25,"Sun, 13 Sep 2026 14:38:07 GMT",267,97,2.6,8.3,day,145.9,3610,14751,12.06,22,20,8,8,0.34,0.17,0.28,0.245,0.908,236,0.0,0.316,48,129,122,205,0,298110
2026-09-13 14:38:54,"Sun, 13 Sep 2026 14:38:52 GMT",118,145,2.3,7.7,day,123.6,3397,13893,11.42,16,11,4,8,0.5,0.09,0.12,0.178,0.078,235,0.0,0.149,57,172,0,6,0,250509
2026-09-13 14:39:11,"Sun, 13 Sep 2026 14:39:06 GMT",195,82,5.4,11.0,day,140.4,4975,21883,9.86,248,8,49,14,0.36,0.87,0.95,0.75,0.083,252,0.0,0.195,21,286,0,26,0,232441
2026-09-13 14:40:01,"Sun, 13 Sep 2026 14:39:52 GMT",38,140,1.7,7.8,day,144.0,2606,12432,10.75,7,6,5,3,0.47,0.06,0.1,0.524,0.738,240,0.0,0.336,47,117,18,64,0,282154
2026-09-13 14:40:14,"Sun, 13 Sep 2026 14:40:07 GMT",38,141,1.5,7.9,day,143.3,2544,9803,10.89,20,15,12,6,0.28,0.16,0.3,0.486,0.671,243,0.0,0.403,53,125,17,63,0,285208
2026-09-13 14:40:56,"Sun, 13 Sep 2026 14:40:52 GMT",267,98,5.7,8.2,day,142.0,7938,16711,12.43,163,49,32,12,0.42,0.35,0.37,0.71,0.294,250,0.01,0.18,54,470,116,214,0,297515
2026-09-13 14:41:09,"Sun, 13 Sep 2026 14:41:06 GMT",191,76,6.5,8.1,day,138.9,16714,39499,12.75,532,90,96,16,0.35,0.55,0.64,0.43,0.306,254,0.01,0.164,131,962,42,137,0,305332
2026-09-13 14:41:21,"Sun, 13 Sep 2026 14:41:06 GMT",191,77,4.6,8.1,day,138.9,10089,29590,12.75,241,97,42,12,0.48,0.42,0.47,0.44,0.3,254,0.01,0.241,61,569,25,113,0,305332
2026-09-13 14:42:03,"Sun, 13 Sep 2026 14:41:51 GMT",118,146,2.2,8.0,day,121.4,2703,11721,11.6,16,15,10,4,0.4,0.11,0.16,0.615,0.652,209,0.0,0.176,51,146,0,15,0,251520
2026-09-13 14:42:16,"Sun, 13 Sep 2026 14:42:06 GMT",195,83,6.8,10.4,day,141.0,6324,25688,10.1,281,8,51,12,0.46,0.78,0.86,0.758,0.082,249,0.0,0.231,44,361,0,48,0,234884
2026-09-13 14:42:58,"Sun, 13 Sep 2026 14:42:52 GMT",38,142,1.9,8.0,day,144.5,3493,10178,10.87,45,28,16,5,0.56,0.21,0.26,0.687,0.367,237,0.0,0.221,53,213,17,63,0,281926
2026-09-13 14:43:10,"Sun, 13 Sep 2026 14:43:06 GMT",28,291,4.0,6.0,day,146.3,27324,50233,7.22,1390,221,96,43,0.34,0.64,0.66,0.586,0.684,253,0.0,0.13,95,2175,26,96,0,183483
2026-09-13 14:44:00,"Sun, 13 Sep 2026 14:43:56 GMT",267,99,3.8,9.5,day,142.9,7685,18667,12.31,114,54,14,19,0.43,0.26,0.28,0.668,0.307,249,0.0,0.159,61,443,112,222,0,297056
2026-09-13 14:44:13,"Sun, 13 Sep 2026 14:44:07 GMT",191,78,2.9,6.6,day,140.9,7816,24064,12.29,171,120,41,13,0.32,0.37,0.39,0.404,0.294,251,0.01,0.287,41,467,21,122,0,296985
2026-09-13 14:45:04,"Sun, 13 Sep 2026 14:44:52 GMT",118,147,2.5,7.8,day,126.7,1398,11198,11.8,4,3,2,3,0.67,0.12,0.31,0.109,0.778,187,0.0,0.261,20,32,0,9,0,256924
2026-09-13 14:45:16,"Sun, 13 Sep 2026 14:45:06 GMT",195,84,5.9,10.0,day,144.4,4528,19865,10.42,213,4,31,10,0.69,0.86,0.97,0.838,0.09,235,0.0,0.229,26,247,0,39,0,243299
2026-09-13 14:46:07,"Sun, 13 Sep 2026 14:45:52 GMT",38,143,1.5,7.6,day,147.1,2876,10136,11.28,16,7,8,5,0.4,0.12,0.21,0.525,0.372,253,0.06,0.273,57,130,17,65,0,293986
2026-09-13 14:46:19,"Sun, 13 Sep 2026 14:46:07 GMT",28,292,2.1,5.1,day,146.0,4432,20248,11.85,43,6,18,6,0.4,0.28,0.46,0.818,0.942,235,0.0,0.299,62,155,42,81,0,304350
2026-09-13 14:48:18,"Sun, 13 Sep 2026 14:48:06 GMT",195,85,5.7,9.8,day,144.8,4096,20069,10.29,180,8,26,10,0.69,0.82,0.89,0.866,0.115,244,0.0,0.221,22,220,0,59,1,241046
2026-09-13 14:48:56,"Sun, 13 Sep 2026 14:48:52 GMT",38,144,2.0,7.1,day,151.1,1998,8852,10.96,9,6,4,4,0.56,0.1,0.19,0.615,0.36,247,0.0,0.244,42,86,14,54,0,287543
2026-09-13 14:49:20,"Sun, 13 Sep 2026 14:49:08 GMT",28,293,1.9,4.9,day,147.2,2451,15269,11.99,21,16,7,6,0.5,0.22,0.29,0.798,0.933,222,0.0,0.219,29,97,31,65,0,306290
2026-09-13 14:50:01,"Sun, 13 Sep 2026 14:49:53 GMT",191,79,3.1,5.5,day,142.5,4529,18937,12.65,53,16,15,9,0.39,0.2,0.25,0.624,0.908,253,0.02,0.258,59,262,13,94,0,308245
2026-09-13 14:50:17,"Sun, 13 Sep 2026 14:50:07 GMT",191,80,2.6,5.4,day,142.1,2975,12862,12.51,39,39,12,9,0.36,0.21,0.24,0.313,0.295,247,0.0,0.357,37,189,18,113,0,307308
2026-09-13 14:51:02,"Sun, 13 Sep 2026 14:50:52 GMT",195,86,6.1,9.3,day,137.1,3833,23783,9.96,132,45,24,11,0.5,0.54,0.59,0.901,0.114,218,0.0,0.237,24,245,0,76,0,234977
2026-09-13 14:51:14,"Sun, 13 Sep 2026 14:51:06 GMT",195,87,4.6,9.2,day,137.7,1022,16908,10.03,20,6,10,3,0.67,0.54,0.77,0.948,0.126,167,0.0,0.224,12,37,0,10,0,235645
2026-09-13 14:52:03,"Sun, 13 Sep 2026 14:51:52 GMT",38,145,2.8,6.5,day,152.3,1954,11156,11.13,12,5,7,6,0.29,0.17,0.36,0.774,0.651,253,0.17,0.242,39,71,13,51,0,289838
2026-09-13 14:52:28,"Sun, 13 Sep 2026 14:52:07 GMT",28,294,2.0,4.8,day,145.0,1950,12285,12.4,31,8,15,6,0.34,0.42,0.62,0.807,0.946,238,0.0,0.33,23,73,37,68,0,308042
2026-09-13 14:53:05,"Sun, 13 Sep 2026 14:52:52 GMT",191,81,3.3,4.4,day,145.5,2914,16858,12.86,46,26,12,9,0.43,0.26,0.31,0.601,0.9,254,0.04,0.294,37,177,9,72,0,309709
2026-09-13 14:53:17,"Sun, 13 Sep 2026 14:53:08 GMT",191,82,2.6,4.3,day,147.3,1780,12737,12.83,57,6,19,8,0.38,0.52,0.68,0.608,0.909,254,0.04,0.292,27,109,6,64,0,309356
2026-09-13 14:53:54,"Sun, 13 Sep 2026 14:53:52 GMT",195,88,6.0,9.6,day,138.9,3076,22817,10.04,124,23,21,11,0.54,0.69,0.73,0.923,0.172,198,0.0,0.171,13,179,0,16,1,236438
2026-09-13 14:54:56,"Sun, 13 Sep 2026 14:54:52 GMT",28,295,2.9,4.8,day,145.0,3395,21603,14.24,28,12,9,6,0.52,0.18,0.25,0.82,0.938,239,0.0,0.349,45,153,30,76,0,311961
2026-09-13 14:55:20,"Sun, 13 Sep 2026 14:55:07 GMT",28,296,2.3,4.5,day,147.1,2415,15779,14.27,51,11,17,7,0.43,0.44,0.57,0.814,0.938,251,0.02,0.329,32,116,35,86,0,315389
2026-09-13 14:56:01,"Sun, 13 Sep 2026 14:55:51 GMT",270,72,4.3,4.4,day,145.6,18917,41046,15.09,218,129,40,18,0.3,0.17,0.2,0.545,0.874,255,0.2,0.157,199,1290,9,88,0,320560
2026-09-13 14:56:13,"Sun, 13 Sep 2026 14:56:07 GMT",270,73,2.9,4.4,day,148.7,10381,31492,14.49,76,38,20,9,0.42,0.17,0.25,0.599,0.914,255,0.11,0.197,145,444,11,65,0,300445
2026-09-13 14:57:14,"Sun, 13 Sep 2026 14:57:06 GMT",302,2,1.0,11.5,day,148.6,1219,4467,10.19,4,2,3,2,0.67,0.11,1.0,0.674,0.838,215,0.0,0.06,30,38,0,0,0,240433
2026-09-13 14:58:03,"Sun, 13 Sep 2026 14:57:53 GMT",234,129,4.8,4.8,day,151.6,20470,43432,14.76,389,338,43,25,0.36,0.3,0.34,0.211,0.705,255,0.1,0.269,164,1315,121,409,0,324646
2026-09-13 14:58:15,"Sun, 13 Sep 2026 14:58:07 GMT",234,130,3.7,5.1,day,155.7,13308,35513,15.04,73,69,18,9,0.45,0.11,0.13,0.799,0.928,254,0.15,0.186,142,681,102,344,0,328581
2026-09-13 14:59:04,"Sun, 13 Sep 2026 14:58:52 GMT",270,74,4.7,5.0,day,158.3,9288,35301,15.52,90,45,22,10,0.41,0.2,0.26,0.75,0.325,255,0.09,0.172,115,446,9,50,0,327624
2026-09-13 14:59:20,"Sun, 13 Sep 2026 14:59:06 GMT",197,137,5.5,8.6,day,164.7,11923,35864,11.91,247,31,59,11,0.38,0.36,0.43,0.73,0.054,251,0.02,0.073,140,688,3,43,0,259643
2026-09-13 15:01:29,"Sun, 13 Sep 2026 15:01:07 GMT",234,131,3.6,4.7,day,158.7,12659,33813,17.17,222,65,51,15,0.29,0.33,0.38,0.793,0.483,255,0.18,0.163,98,681,92,303,0,369562
2026-09-13 15:02:05,"Sun, 13 Sep 2026 15:01:53 GMT",270,75,5.2,5.8,day,152.9,10547,32473,16.51,259,60,34,13,0.59,0.47,0.53,0.159,0.415,246,0.0,0.09,71,556,5,44,0,355853
2026-09-13 15:02:17,"Sun, 13 Sep 2026 15:02:07 GMT",197,138,5.5,10.9,day,163.2,9260,30508,12.86,252,41,39,11,0.59,0.46,0.58,0.687,0.068,254,0.04,0.106,120,546,3,28,0,281087
2026-09-13 15:03:21,"Sun, 13 Sep 2026 15:03:10 GMT",176,9,5.1,12.7,day,170.8,16995,40211,11.84,444,80,67,31,0.21,0.38,0.43,0.223,0.179,253,0.22,0.324,161,1158,0,626,0,287743
2026-09-13 15:04:03,"Sun, 13 Sep 2026 15:03:53 GMT",234,132,1.9,4.6,day,156.1,4674,19723,16.19,26,18,10,6,0.43,0.15,0.19,0.802,0.944,254,0.35,0.238,49,174,64,166,0,359302
2026-09-13 15:04:15,"Sun, 13 Sep 2026 15:04:06 GMT",202,139,5.5,5.6,day,155.1,20968,46034,15.77,344,115,56,18,0.34,0.27,0.31,0.588,0.376,254,0.06,0.125,170,1253,150,438,0,347937
2026-09-13 15:04:59,"Sun, 13 Sep 2026 15:04:52 GMT",270,76,2.0,5.5,day,157.6,2740,15131,15.74,31,12,8,8,0.48,0.24,0.31,0.654,0.899,255,0.84,0.277,35,129,5,36,0,347646
2026-09-13 15:05:16,"Sun, 13 Sep 2026 15:05:09 GMT",197,139,3.5,9.7,day,164.9,4644,20686,12.44,19,10,9,7,0.3,0.11,0.18,0.809,0.042,251,0.05,0.182,77,180,3,30,0,274180
2026-09-13 15:05:56,"Sun, 13 Sep 2026 15:05:52 GMT",302,3,9.4,9.5,day,157.3,7467,30542,9.85,127,89,30,7,0.6,0.28,0.33,0.387,0.036,191,0.0,0.06,72,451,0,0,0,237106
2026-09-13 15:06:12,"Sun, 13 Sep 2026 15:06:07 GMT",190,164,4.4,4.6,day,160.7,11541,34319,12.98,74,55,26,11,0.26,0.14,0.19,0.447,0.681,253,0.42,0.215,160,547,40,147,0,321248
2026-09-13 15:07:05,"Sun, 13 Sep 2026 15:06:52 GMT",234,133,2.0,4.7,day,162.5,3698,15487,15.68,34,14,12,6,0.47,0.25,0.29,0.805,0.936,255,0.53,0.245,32,136,56,123,0,354555
2026-09-13 15:07:17,"Sun, 13 Sep 2026 15:07:08 GMT",202,140,3.4,4.1,day,153.5,12513,33267,14.96,23,22,5,8,0.57,0.04,0.06,0.626,0.65,252,0.22,0.214,167,535,146,386,0,337172
2026-09-13 15:07:58,"Sun, 13 Sep 2026 15:07:55 GMT",47,16,8.7,8.7,day,156.6,25075,48540,10.07,369,268,54,19,0.36,0.21,0.22,0.674,0.136,255,0.01,0.398,144,1796,21,1398,0,254456
2026-09-13 15:08:10,"Sun, 13 Sep 2026 15:08:07 GMT",197,140,2.6,10.0,day,166.4,3105,14005,12.65,23,8,10,7,0.33,0.2,0.31,0.803,0.048,248,0.0,0.212,45,117,3,28,0,273869
2026-09-13 15:08:58,"Sun, 13 Sep 2026 15:08:51 GMT",303,2,5.7,8.2,day,151.7,5953,22885,9.55,97,84,22,6,0.73,0.28,0.33,0.112,0.039,203,0.0,0.06,53,346,0,0,0,219664
2026-09-13 15:09:10,"Sun, 13 Sep 2026 15:09:08 GMT",190,165,2.7,3.3,day,161.4,7183,25226,13.89,42,16,16,7,0.38,0.14,0.19,0.387,0.676,252,0.81,0.213,90,298,43,132,0,335530
2026-09-13 15:09:59,"Sun, 13 Sep 2026 15:09:52 GMT",234,134,2.8,3.9,day,154.7,4038,16812,16.42,35,33,14,8,0.31,0.21,0.3,0.574,0.933,253,0.2,0.273,56,168,41,111,0,357988
2026-09-13 15:10:15,"Sun, 13 Sep 2026 15:10:08 GMT",202,141,2.0,3.6,day,157.0,7300,23616,15.93,16,16,6,9,0.3,0.07,0.12,0.367,0.767,253,1.0,0.411,97,223,115,243,0,348192
2026-09-13 15:11:03,"Sun, 13 Sep 2026 15:10:53 GMT",197,141,1.6,7.4,day,169.3,1830,9466,13.09,4,3,4,2,0.5,0.08,0.4,0.099,0.769,229,0.0,0.189,38,49,2,19,0,282769
2026-09-13 15:11:15,"Sun, 13 Sep 2026 15:11:07 GMT",197,142,1.1,7.6,day,171.3,969,5903,13.13,3,1,3,2,0.5,0.25,1.0,0.49,0.969,248,0.0,0.489,10,12,0,8,0,282544
2026-09-13 15:12:16,"Sun, 13 Sep 2026 15:12:08 GMT",190,166,2.1,3.2,day,163.3,4782,19203,13.85,25,11,15,5,0.33,0.12,0.22,0.395,0.662,252,0.88,0.289,86,200,38,120,0,334192
2026-09-13 15:12:57,"Sun, 13 Sep 2026 15:12:53 GMT",202,142,3.0,3.6,day,153.2,5672,19998,16.16,21,19,7,6,0.5,0.12,0.17,0.242,0.883,253,0.57,0.309,64,180,108,212,0,346470
2026-09-13 15:13:21,"Sun, 13 Sep 2026 15:13:07 GMT",202,143,2.2,3.6,day,153.8,3818,14548,16.27,18,15,5,7,0.51,0.15,0.3,0.247,0.891,254,0.78,0.335,56,118,96,175,0,348909
2026-09-13 15:20:03,"Sun, 13 Sep 2026 15:19:52 GMT",197,143,2.7,9.5,day,167.7,1671,9114,13.1,5,4,4,2,0.62,0.1,0.2,0.892,0.007,219,0.0,0.249,31,52,1,16,0,281554
2026-09-13 15:21:18,"Sun, 13 Sep 2026 15:21:08 GMT",190,167,2.9,3.2,day,160.4,8031,23559,14.77,45,43,14,11,0.29,0.09,0.11,0.407,0.897,255,0.38,0.278,98,499,39,154,0,348178
2026-09-13 15:21:56,"Sun, 13 Sep 2026 15:21:53 GMT",202,144,3.2,4.2,day,156.7,6688,20888,17.16,21,19,6,8,0.44,0.07,0.09,0.75,0.28,254,0.14,0.175,84,298,119,263,0,360633
2026-09-13 15:22:09,"Sun, 13 Sep 2026 15:22:07 GMT",270,77,3.7,3.8,day,159.5,8072,27042,16.89,168,34,61,10,0.28,0.38,0.45,0.323,0.26,255,0.24,0.121,90,445,6,59,0,357500
2026-09-13 15:22:22,"Sun, 13 Sep 2026 15:22:07 GMT",270,78,2.6,3.8,day,159.5,4010,17969,16.89,42,23,16,7,0.38,0.21,0.27,0.268,0.276,254,0.31,0.188,54,201,5,48,0,357500
2026-09-13 15:23:04,"Sun, 13 Sep 2026 15:22:54 GMT",197,144,4.9,5.1,day,165.0,1211,18514,12.55,4,2,2,2,1.0,0.17,1.0,0.495,0.972,234,0.0,0.335,18,23,0,9,0,276069
2026-09-13 15:23:17,"Sun, 13 Sep 2026 15:23:07 GMT",195,89,6.1,8.8,day,144.2,6041,28031,9.78,134,82,14,14,0.68,0.39,0.43,0.053,0.233,194,0.0,0.092,37,346,0,0,0,235261
2026-09-13 15:24:04,"Sun, 13 Sep 2026 15:23:52 GMT",38,146,3.1,5.0,day,156.6,3111,16841,12.5,11,7,5,5,0.44,0.09,0.14,0.542,0.384,250,0.09,0.26,51,121,16,62,0,312920
2026-09-13 15:24:20,"Sun, 13 Sep 2026 15:24:07 GMT",28,297,1.8,4.5,day,158.1,2372,12236,14.35,15,5,9,6,0.28,0.21,0.35,0.819,0.932,251,0.13,0.382,32,70,29,61,0,334456
2026-09-13 15:24:58,"Sun, 13 Sep 2026 15:24:53 GMT",267,100,3.7,7.1,day,162.5,5539,23005,13.95,25,18,8,8,0.39,0.11,0.15,0.25,0.906,253,0.68,0.359,66,223,109,207,0,325361
2026-09-13 15:25:15,"Sun, 13 Sep 2026 15:25:08 GMT",191,83,2.5,5.9,day,160.0,3187,13753,14.5,49,18,18,8,0.34,0.28,0.34,0.593,0.907,254,0.55,0.335,38,172,14,112,0,335103
2026-09-13 15:26:10,"Sun, 13 Sep 2026 15:26:07 GMT",195,90,5.0,8.6,day,131.0,1879,15418,9.11,17,7,4,6,0.71,0.2,0.33,0.011,0.314,173,0.0,0.133,38,86,0,1,0,211843
2026-09-13 15:27:04,"Sun, 13 Sep 2026 15:26:54 GMT",38,147,1.9,7.0,day,156.6,2665,10510,12.12,11,9,8,5,0.28,0.09,0.15,0.41,0.662,251,0.27,0.418,50,119,17,74,0,305641
2026-09-13 15:27:17,"Sun, 13 Sep 2026 15:27:09 GMT",28,298,2.5,5.7,day,158.7,2304,12874,13.48,16,9,6,5,0.53,0.17,0.27,0.809,0.947,251,0.12,0.359,33,93,34,71,0,328086
2026-09-13 15:28:00,"Sun, 13 Sep 2026 15:27:53 GMT",267,101,3.0,9.5,day,155.6,4686,14942,14.13,50,24,21,8,0.3,0.23,0.29,0.874,0.309,254,0.06,0.401,60,218,114,233,0,321335
2026-09-13 15:28:12,"Sun, 13 Sep 2026 15:28:09 GMT",191,84,3.4,4.2,day,157.2,4239,15373,14.33,85,50,20,11,0.39,0.32,0.37,0.363,0.303,254,0.15,0.373,49,265,11,134,0,332228
2026-09-13 15:29:07,"Sun, 13 Sep 2026 15:28:53 GMT",195,91,4.6,8.9,day,125.6,1832,13133,9.05,36,16,19,4,0.47,0.37,0.47,0.665,0.02,231,0.0,0.203,21,97,0,10,0,212967
2026-09-13 15:29:24,"Sun, 13 Sep 2026 15:29:07 GMT",195,92,3.3,8.5,day,124.7,1698,11094,8.58,10,10,7,2,0.71,0.14,0.21,0.704,0.006,221,0.0,0.205,25,70,0,6,0,204059
2026-09-13 15:30:14,"Sun, 13 Sep 2026 15:30:08 GMT",28,299,2.3,5.5,day,160.7,2966,11631,13.32,47,42,18,7,0.37,0.3,0.33,0.912,0.516,239,0.0,0.099,24,158,35,76,0,324693
2026-09-13 15:31:05,"Sun, 13 Sep 2026 15:30:53 GMT",4,135,3.5,4.0,day,149.7,6766,24089,12.65,97,90,22,13,0.34,0.26,0.29,0.552,0.334,254,0.03,0.222,50,374,29,180,0,279565
2026-09-13 15:31:17,"Sun, 13 Sep 2026 15:31:08 GMT",4,136,2.7,3.7,day,148.4,4354,17601,13.44,39,31,10,8,0.49,0.18,0.21,0.6,0.915,250,0.05,0.354,44,218,15,128,0,306647
2026-09-13 15:31:56,"Sun, 13 Sep 2026 15:31:53 GMT",195,93,4.6,9.2,day,118.4,1605,10259,8.51,48,14,16,5,0.6,0.53,0.59,0.799,0.029,234,0.0,0.221,13,91,0,13,0,204550
2026-09-13 15:35:26,"Sun, 13 Sep 2026 15:35:07 GMT",195,94,5.9,9.9,day,126.3,2205,13018,9.53,84,13,21,6,0.67,0.7,0.74,0.904,0.042,254,0.02,0.241,11,120,0,16,1,229545
2026-09-13 15:36:07,"Sun, 13 Sep 2026 15:35:54 GMT",28,300,3.0,4.1,day,152.3,5082,10429,12.82,128,119,32,8,0.5,0.39,0.42,0.842,0.501,250,0.01,0.124,25,330,37,80,0,299697
2026-09-13 15:36:20,"Sun, 13 Sep 2026 15:36:07 GMT",28,301,2.2,4.2,day,150.9,2087,8898,12.77,19,12,15,3,0.42,0.19,0.22,0.877,0.534,228,0.0,0.2,27,99,34,60,0,301769
2026-09-13 15:37:01,"Sun, 13 Sep 2026 15:36:52 GMT",4,137,2.6,3.3,day,143.4,3933,15119,14.17,43,20,12,8,0.45,0.18,0.21,0.615,0.902,254,0.02,0.381,45,234,23,153,0,310869
2026-09-13 15:37:17,"Sun, 13 Sep 2026 15:37:05 GMT",88,27,8.5,8.6,day,145.4,26856,50059,7.57,287,150,59,20,0.24,0.18,0.19,0.348,0.413,246,0.0,0.493,158,1626,400,1773,0,168849
2026-09-13 15:37:54,"Sun, 13 Sep 2026 15:37:50 GMT",195,95,6.7,11.1,day,121.8,2598,18784,9.29,85,16,21,9,0.45,0.57,0.62,0.904,0.077,246,0.0,0.237,18,150,0,24,0,226216
2026-09-13 15:38:11,"Sun, 13 Sep 2026 15:38:06 GMT",195,96,4.5,10.9,day,121.9,992,9869,9.29,20,15,10,4,0.5,0.38,0.44,0.861,0.1,242,0.0,0.266,11,53,0,15,0,225824
2026-09-13 15:39:05,"Sun, 13 Sep 2026 15:38:53 GMT",28,302,2.7,5.1,day,149.1,3146,13571,13.9,26,23,13,5,0.4,0.14,0.16,0.823,0.283,253,0.08,0.1,36,184,28,60,0,310770
2026-09-13 15:39:17,"Sun, 13 Sep 2026 15:39:07 GMT",28,303,2.0,5.3,day,151.2,2383,12340,14.21,26,11,11,4,0.59,0.21,0.28,0.776,0.959,225,0.0,0.409,35,122,26,65,0,314150
2026-09-13 15:39:55,"Sun, 13 Sep 2026 15:39:52 GMT",123,92,3.8,5.2,day,150.0,23744,47026,14.86,646,373,69,34,0.28,0.35,0.36,0.31,0.757,255,0.15,0.157,119,1859,38,278,0,316359
2026-09-13 15:40:11,"Sun, 13 Sep 2026 15:40:06 GMT",243,129,8.3,8.5,day,155.6,15760,39096,13.02,259,251,44,11,0.54,0.24,0.25,0.772,0.905,245,0.0,0.101,89,1094,6,46,0,275741
2026-09-13 15:41:01,"Sun, 13 Sep 2026 15:40:52 GMT",147,196,10.4,11.3,day,135.1,17864,43492,9.58,569,99,96,25,0.24,0.45,0.48,0.593,0.471,243,0.0,0.116,104,1267,0,5,0,233300
2026-09-13 15:41:13,"Sun, 13 Sep 2026 15:41:07 GMT",147,197,7.1,11.2,day,134.3,7909,33518,9.51,106,48,23,11,0.42,0.25,0.3,0.897,0.484,237,0.0,0.167,93,427,0,24,0,232356
2026-09-13 15:42:03,"Sun, 13 Sep 2026 15:41:52 GMT",28,304,4.2,5.9,day,145.8,8100,32492,16.07,26,24,11,3,0.79,0.07,0.08,0.44,0.504,245,0.0,0.094,117,397,36,78,0,332429
2026-09-13 15:42:16,"Sun, 13 Sep 2026 15:42:07 GMT",267,102,6.1,6.9,day,143.0,14042,38055,15.05,100,47,33,14,0.22,0.14,0.18,0.416,0.234,255,0.11,0.108,204,737,119,239,0,309567
2026-09-13 15:43:06,"Sun, 13 Sep 2026 15:42:52 GMT",123,93,3.8,6.3,day,144.9,17126,41076,15.6,126,114,22,13,0.44,0.13,0.16,0.097,0.3,254,0.08,0.3,215,964,47,332,0,325354
2026-09-13 15:43:18,"Sun, 13 Sep 2026 15:43:07 GMT",243,130,4.3,8.3,day,142.0,6294,25091,12.79,76,15,32,5,0.47,0.22,0.27,0.649,0.673,232,0.0,0.16,90,350,6,45,0,271740
2026-09-13 15:44:04,"Sun, 13 Sep 2026 15:43:51 GMT",195,97,5.8,8.6,day,125.5,1584,16804,9.53,37,8,16,5,0.46,0.51,0.69,0.702,0.074,253,0.05,0.231,17,72,0,3,0,230289
2026-09-13 15:44:16,"Sun, 13 Sep 2026 15:44:06 GMT",6,29,8.5,8.6,day,159.8,23355,46741,6.98,189,135,49,19,0.2,0.13,0.14,0.456,0.408,255,0.05,0.424,180,1476,255,1235,0,157766
2026-09-13 15:45:05,"Sun, 13 Sep 2026 15:44:53 GMT",28,305,1.8,5.4,day,148.6,2406,9198,14.33,23,17,12,4,0.48,0.19,0.24,0.778,0.965,237,0.0,0.438,34,122,25,70,0,318538
2026-09-13 15:45:18,"Sun, 13 Sep 2026 15:45:06 GMT",267,103,3.9,9.8,day,144.6,6151,25384,14.58,58,45,19,11,0.28,0.17,0.21,0.632,0.317,243,0.0,0.257,66,334,111,243,0,308062
2026-09-13 15:45:55,"Sun, 13 Sep 2026 15:45:53 GMT",123,94,3.5,5.4,day,146.5,9628,30687,15.11,58,37,18,10,0.32,0.15,0.19,0.611,0.916,254,0.05,0.398,106,399,54,264,0,320941
2026-09-13 15:46:07,"Sun, 13 Sep 2026 15:45:53 GMT",123,95,2.5,5.4,day,146.5,4583,21066,15.11,18,9,5,5,0.72,0.13,0.21,0.105,0.478,253,0.06,0.139,66,143,38,126,0,320941
2026-09-13 15:46:20,"Sun, 13 Sep 2026 15:46:07 GMT",243,131,3.2,8.0,day,142.8,3411,17305,12.62,16,8,8,4,0.5,0.11,0.2,0.633,0.678,227,0.0,0.241,71,149,5,39,0,270022
2026-09-13 15:46:57,"Sun, 13 Sep 2026 15:46:52 GMT",195,98,5.9,6.3,day,125.4,1278,17455,9.38,16,16,9,10,0.18,0.3,0.38,0.733,0.397,224,0.0,0.074,15,53,0,3,0,228703
2026-09-13 15:47:10,"Sun, 13 Sep 2026 15:47:07 GMT",163,13,8.2,9.8,day,150.5,17422,41869,13.65,739,72,76,23,0.42,0.6,0.64,0.408,0.335,255,0.23,0.164,96,1236,0,187,0,308879
2026-09-13 15:49:52,"Sun, 13 Sep 2026 15:49:06 GMT",243,132,3.2,7.4,day,144.7,1974,13136,12.72,7,7,3,3,0.78,0.09,0.14,0.981,0.754,174,0.0,0.073,40,82,4,36,0,271864
2026-09-13 15:50:04,"Sun, 13 Sep 2026 15:49:51 GMT",195,99,2.5,8.5,day,121.3,335,7090,9.24,5,2,4,2,0.62,0.5,1.0,0.602,0.004,226,0.0,0.164,5,10,0,0,0,226286
2026-09-13 15:50:16,"Sun, 13 Sep 2026 15:50:07 GMT",38,148,4.5,6.9,day,148.8,4828,18811,12.6,85,41,23,8,0.46,0.31,0.37,0.545,0.407,250,0.01,0.217,58,274,18,99,0,294872
2026-09-13 15:51:08,"Sun, 13 Sep 2026 15:50:53 GMT",28,306,1.9,6.0,day,149.2,2679,6850,14.26,26,11,10,6,0.43,0.17,0.21,0.795,0.957,234,0.0,0.455,36,150,35,87,0,316905
2026-09-13 15:51:20,"Sun, 13 Sep 2026 15:51:07 GMT",267,104,2.6,9.2,day,146.0,4395,12134,13.93,30,23,13,4,0.58,0.14,0.16,0.665,0.251,254,0.1,0.292,48,222,81,203,0,307637
2026-09-13 15:51:57,"Sun, 13 Sep 2026 15:51:50 GMT",243,133,4.6,5.9,day,140.0,2645,15349,12.08,19,5,9,3,0.7,0.16,0.32,0.76,0.671,225,0.0,0.137,58,116,5,30,0,262450
2026-09-13 15:52:09,"Sun, 13 Sep 2026 15:52:07 GMT",243,134,3.3,6.3,day,140.2,1116,9171,12.12,6,3,4,3,0.5,0.17,0.5,0.094,0.778,208,0.0,0.239,22,35,3,16,0,263068
2026-09-13 15:52:25,"Sun, 13 Sep 2026 15:52:07 GMT",243,135,2.3,6.3,day,140.2,370,4273,12.12,1,1,1,1,1.0,0.17,0.0,0.417,0.5,225,0.0,0.116,6,6,0,2,0,263068
2026-09-13 15:53:01,"Sun, 13 Sep 2026 15:52:52 GMT",195,100,2.9,8.5,day,116.2,509,4993,8.84,4,2,4,1,1.0,0.29,1.0,0.724,0.0,221,0.0,0.169,9,14,0,0,0,219676
2026-09-13 15:53:13,"Sun, 13 Sep 2026 15:53:08 GMT",38,149,1.8,6.5,day,152.1,2062,8876,11.14,12,9,4,6,0.5,0.14,0.24,0.577,0.733,232,0.0,0.282,36,83,16,55,0,290932
2026-09-13 15:54:02,"Sun, 13 Sep 2026 15:53:53 GMT",267,105,1.9,8.7,day,148.4,3463,8938,12.65,19,14,7,8,0.34,0.12,0.16,0.243,0.888,230,0.0,0.361,55,163,77,157,0,303711
2026-09-13 15:54:14,"Sun, 13 Sep 2026 15:54:07 GMT",267,106,1.7,8.8,day,147.8,3453,8426,12.73,25,22,10,8,0.31,0.15,0.19,0.93,0.333,201,0.0,0.446,44,170,77,175,0,300738
2026-09-13 15:55:03,"Sun, 13 Sep 2026 15:54:51 GMT",243,136,3.0,5.4,day,139.6,843,6711,11.37,5,4,4,2,0.62,0.17,0.33,0.556,0.807,213,0.0,0.366,16,30,0,5,0,241622
2026-09-13 15:55:15,"Sun, 13 Sep 2026 15:55:07 GMT",243,137,2.1,5.5,day,138.6,575,3485,11.4,4,4,2,3,0.67,0.18,0.36,0.503,0.644,214,0.0,0.087,10,22,0,4,0,242401
2026-09-13 15:56:03,"Sun, 13 Sep 2026 15:55:52 GMT",38,150,1.1,6.4,day,151.4,1637,6392,10.5,6,6,4,2,0.75,0.09,0.18,0.627,0.358,248,0.0,0.379,37,68,8,42,0,277316
2026-09-13 15:56:15,"Sun, 13 Sep 2026 15:56:07 GMT",38,151,1.2,6.6,day,147.6,1994,7150,10.77,10,10,5,4,0.5,0.11,0.21,0.328,0.674,245,0.0,0.224,41,92,13,53,0,285125
2026-09-13 15:57:04,"Sun, 13 Sep 2026 15:56:52 GMT",267,107,2.2,8.8,day,144.3,3556,7759,12.46,37,13,9,8,0.51,0.22,0.3,0.812,0.287,238,0.0,0.298,54,166,91,186,0,299412
2026-09-13 15:58:24,"Sun, 13 Sep 2026 15:58:05 GMT",301,2,10.2,11.1,day,134.2,20993,40867,7.5,858,307,66,20,0.65,0.6,0.64,0.71,0.141,253,0.04,0.06,99,1421,0,0,0,177901
2026-09-13 15:59:04,"Sun, 13 Sep 2026 15:58:51 GMT",38,152,1.4,6.5,day,147.5,1798,6376,10.82,7,7,5,2,0.7,0.1,0.26,0.516,0.341,253,0.14,0.211,40,70,13,48,0,285515
2026-09-13 15:59:16,"Sun, 13 Sep 2026 15:59:08 GMT",38,153,1.0,6.6,day,146.5,1340,5438,10.78,4,4,2,2,1.0,0.09,0.22,0.505,0.343,245,0.0,0.203,27,47,7,33,0,285220
2026-09-13 16:00:04,"Sun, 13 Sep 2026 15:59:52 GMT",267,108,1.9,9.0,night,141.9,3286,8150,12.37,18,17,11,3,0.55,0.11,0.15,0.61,0.338,211,0.0,0.34,48,164,74,166,0,297417
2026-09-13 16:00:17,"Sun, 13 Sep 2026 16:00:07 GMT",191,85,3.4,3.5,night,135.6,2528,13941,12.06,32,15,12,6,0.44,0.25,0.34,0.627,0.886,240,0.0,0.33,40,128,14,76,0,284734
2026-09-13 16:02:56,"Sun, 13 Sep 2026 16:02:08 GMT",38,154,1.3,6.4,night,143.4,1495,5617,10.82,7,6,5,3,0.47,0.11,0.21,0.345,0.646,248,0.0,0.322,30,64,4,33,0,286145
2026-09-13 16:03:08,"Sun, 13 Sep 2026 16:02:55 GMT",267,109,1.9,8.6,night,141.2,3601,8221,12.53,36,15,13,8,0.35,0.2,0.25,0.588,0.295,254,0.06,0.322,47,179,83,170,0,299521
2026-09-13 16:03:20,"Sun, 13 Sep 2026 16:03:08 GMT",191,86,1.7,3.8,night,141.3,2137,7874,11.61,32,20,10,8,0.4,0.25,0.32,0.158,0.274,230,0.0,0.296,31,127,11,82,0,303446
2026-09-13 16:03:57,"Sun, 13 Sep 2026 16:03:51 GMT",243,138,3.3,7.5,night,136.5,751,5466,11.4,4,2,3,2,0.67,0.21,1.0,0.56,0.806,213,0.0,0.402,15,19,0,8,0,244577
2026-09-13 16:04:09,"Sun, 13 Sep 2026 16:04:06 GMT",195,101,4.9,10.7,night,121.4,1337,12081,9.22,30,26,16,3,0.62,0.38,0.4,0.18,0.072,178,0.0,0.165,9,78,0,0,0,225683
2026-09-13 16:04:58,"Sun, 13 Sep 2026 16:04:52 GMT",38,155,1.3,6.3,night,144.8,1666,6459,10.59,8,5,4,3,0.67,0.11,0.17,0.422,0.683,246,0.0,0.364,34,75,7,37,0,283198
2026-09-13 16:05:14,"Sun, 13 Sep 2026 16:05:07 GMT",28,307,3.5,5.0,night,143.9,2970,16773,12.1,17,14,3,9,0.63,0.12,0.15,0.743,0.329,234,0.0,0.114,38,141,36,78,0,304657
2026-09-13 16:06:02,"Sun, 13 Sep 2026 16:05:52 GMT",267,110,3.5,7.4,night,137.4,3319,14852,11.24,12,10,11,4,0.27,0.07,0.1,0.609,0.247,253,0.17,0.357,47,163,62,128,0,294660
2026-09-13 16:06:15,"Sun, 13 Sep 2026 16:06:08 GMT",191,87,1.8,5.3,night,136.9,2252,6138,11.62,18,11,8,7,0.32,0.16,0.21,0.608,0.889,234,0.0,0.399,35,115,10,65,0,303471
2026-09-13 16:06:55,"Sun, 13 Sep 2026 16:06:51 GMT",239,3,8.9,12.6,night,142.6,30794,52131,8.58,2291,162,96,54,0.44,0.91,0.91,0.616,0.482,253,0.0,0.105,29,2528,0,0,0,179742
2026-09-13 16:07:19,"Sun, 13 Sep 2026 16:07:07 GMT",195,102,4.2,10.6,night,129.0,369,9100,9.62,6,3,4,2,0.75,0.55,0.67,0.064,0.21,203,0.0,0.125,3,11,0,0,1,232673
2026-09-13 16:07:55,"Sun, 13 Sep 2026 16:07:53 GMT",38,156,2.2,5.4,night,141.2,2518,7481,9.77,103,5,33,7,0.45,0.7,0.84,0.486,0.425,251,0.01,0.17,28,147,7,32,0,282535
2026-09-13 16:08:11,"Sun, 13 Sep 2026 16:08:06 GMT",28,308,3.3,4.4,night,140.7,4273,15110,11.1,75,54,19,9,0.44,0.29,0.32,0.542,0.441,248,0.0,0.145,35,256,29,54,0,302614
2026-09-13 16:08:59,"Sun, 13 Sep 2026 16:08:51 GMT",267,111,4.7,6.1,night,135.6,3896,16368,11.26,58,12,24,7,0.35,0.28,0.34,0.486,0.475,249,0.0,0.14,49,207,75,139,0,296743
2026-09-13 16:09:11,"Sun, 13 Sep 2026 16:09:07 GMT",191,88,2.5,4.7,night,135.5,1631,8098,11.63,15,12,8,4,0.47,0.18,0.28,0.124,0.249,234,0.0,0.298,32,85,7,64,0,305911
2026-09-13 16:10:00,"Sun, 13 Sep 2026 16:09:50 GMT",195,103,5.4,11.6,night,135.3,926,13848,9.79,12,12,7,2,0.86,0.27,0.29,0.338,0.008,198,0.0,0.147,8,44,0,0,0,236150
2026-09-13 16:10:12,"Sun, 13 Sep 2026 16:10:07 GMT",195,104,4.1,11.6,night,134.9,297,8062,9.89,1,0,1,1,1.0,1.0,0.0,0.906,0.167,203,0.0,0.101,1,1,0,0,0,237616
2026-09-13 16:11:01,"Sun, 13 Sep 2026 16:10:53 GMT",38,157,1.8,6.0,night,141.3,1081,6511,9.69,3,3,3,2,0.5,0.07,0.2,0.396,0.086,219,0.0,0.065,24,41,6,22,0,282058
2026-09-13 16:11:13,"Sun, 13 Sep 2026 16:11:08 GMT",28,309,2.5,4.3,night,140.3,1581,11587,10.96,10,8,5,4,0.5,0.15,0.29,0.9,0.291,220,0.0,0.164,30,66,27,52,0,302340
2026-09-13 16:12:01,"Sun, 13 Sep 2026 16:11:52 GMT",191,89,2.0,5.0,night,133.0,1544,5090,11.43,19,12,9,8,0.26,0.24,0.37,0.632,0.904,233,0.0,0.407,28,80,9,65,0,305174
2026-09-13 16:12:17,"Sun, 13 Sep 2026 16:12:08 GMT",191,90,1.7,5.5,night,130.8,1752,4399,11.56,16,12,10,3,0.53,0.14,0.16,0.579,0.889,237,0.0,0.444,29,115,6,58,0,305642
2026-09-13 16:13:06,"Sun, 13 Sep 2026 16:12:52 GMT",195,105,3.2,11.5,night,125.6,900,8276,9.0,7,5,5,2,0.7,0.16,0.32,0.022,0.175,207,0.0,0.116,20,44,0,0,0,213141
2026-09-13 16:13:30,"Sun, 13 Sep 2026 16:13:06 GMT",195,106,2.3,11.5,night,124.3,548,5415,8.92,4,4,3,2,0.67,0.21,0.36,0.823,0.819,186,0.0,0.152,10,19,0,0,0,211225
2026-09-13 16:13:54,"Sun, 13 Sep 2026 16:13:51 GMT",28,310,1.9,4.4,night,138.5,3217,21083,8.32,10,5,6,3,0.56,0.18,0.4,0.054,0.878,210,0.0,0.314,32,57,30,55,0,215791
2026-09-13 16:14:18,"Sun, 13 Sep 2026 16:14:08 GMT",28,311,1.7,4.3,night,136.5,979,4013,10.61,9,6,3,6,0.5,0.27,0.5,0.803,0.93,229,0.0,0.424,14,33,31,57,0,300108
2026-09-13 16:22:23,"Sun, 13 Sep 2026 16:22:06 GMT",195,107,6.2,12.4,night,106.1,2598,17847,8.16,64,59,14,9,0.51,0.37,0.38,0.069,0.067,220,0.0,0.12,14,175,0,0,0,203076
2026-09-13 16:23:00,"Sun, 13 Sep 2026 16:22:52 GMT",28,312,3.8,5.9,night,110.8,1243,11315,9.51,9,8,6,4,0.38,0.2,0.27,0.816,0.942,177,0.0,0.449,16,45,21,45,0,265858
2026-09-13 16:23:16,"Sun, 13 Sep 2026 16:23:07 GMT",267,112,3.7,9.4,night,100.1,2036,12373,9.18,6,4,4,4,0.38,0.11,0.3,0.625,0.265,171,0.0,0.352,33,54,58,93,0,244575
2026-09-13 16:23:56,"Sun, 13 Sep 2026 16:23:51 GMT",4,138,3.5,3.6,night,107.2,3194,18779,10.19,27,20,8,8,0.42,0.15,0.18,0.652,0.918,202,0.0,0.391,37,177,16,112,0,270429
2026-09-13 16:24:08,"Sun, 13 Sep 2026 16:24:06 GMT",243,139,4.9,5.1,night,111.2,2446,20475,8.78,62,4,22,4,0.7,0.54,0.85,0.267,0.71,244,0.0,0.137,38,114,0,12,0,232116
2026-09-13 16:24:20,"Sun, 13 Sep 2026 16:24:06 GMT",243,140,3.4,5.1,night,111.2,690,10749,8.78,32,2,18,4,0.44,0.89,1.0,0.266,0.712,244,0.0,0.164,4,36,0,4,0,232116
2026-09-13 16:24:57,"Sun, 13 Sep 2026 16:24:53 GMT",195,108,4.4,12.7,night,103.2,1519,13094,7.38,61,28,19,4,0.8,0.59,0.61,0.086,0.026,215,0.0,0.156,6,103,0,0,0,199689
2026-09-13 16:25:21,"Sun, 13 Sep 2026 16:25:10 GMT",126,14,7.2,10.6,night,116.3,12895,37914,5.62,222,120,73,14,0.22,0.25,0.29,0.356,0.431,244,0.0,0.357,127,875,0,566,0,175666
2026-09-13 16:26:20,"Sun, 13 Sep 2026 16:26:08 GMT",267,113,4.1,10.5,night,105.5,2258,11093,10.62,20,5,8,5,0.5,0.25,0.43,0.25,0.883,202,0.0,0.434,33,81,71,134,0,277912
2026-09-13 16:26:57,"Sun, 13 Sep 2026 16:26:52 GMT",41,78,7.2,8.2,night,127.9,21462,45321,8.43,596,128,65,22,0.42,0.4,0.44,0.701,0.395,212,0.0,0.287,143,1484,4,438,0,226565
2026-09-13 16:27:09,"Sun, 13 Sep 2026 16:27:06 GMT",109,159,6.6,7.3,night,117.1,2956,21880,7.55,34,21,15,3,0.76,0.23,0.31,0.333,0.014,177,0.0,0.129,40,148,0,26,0,203824
2026-09-13 16:27:57,"Sun, 13 Sep 2026 16:27:51 GMT",195,109,8.5,10.7,night,92.1,10154,36229,6.16,331,64,83,13,0.31,0.47,0.51,0.551,0.061,203,0.0,0.147,56,698,0,1,0,165003
2026-09-13 16:28:13,"Sun, 13 Sep 2026 16:28:07 GMT",38,158,5.6,6.4,night,128.1,4373,24763,7.77,78,29,24,11,0.3,0.33,0.41,0.774,0.394,198,0.0,0.124,49,237,2,20,0,251681
2026-09-13 16:29:05,"Sun, 13 Sep 2026 16:28:52 GMT",10,39,6.9,8.1,night,121.3,10914,35388,8.2,146,52,54,9,0.3,0.23,0.26,0.392,0.422,214,0.0,0.403,97,635,29,354,0,259258
2026-09-13 16:29:18,"Sun, 13 Sep 2026 16:29:08 GMT",41,79,4.9,8.2,night,122.4,5647,28759,8.4,43,23,16,7,0.38,0.17,0.21,0.353,0.925,217,0.0,0.36,66,258,1,170,0,258390
2026-09-13 16:29:54,"Sun, 13 Sep 2026 16:29:52 GMT",30,31,6.6,8.5,night,119.9,12516,36837,7.83,175,134,30,22,0.27,0.22,0.25,0.762,0.246,181,0.0,0.195,116,804,44,357,0,239778
2026-09-13 16:30:06,"Sun, 13 Sep 2026 16:29:52 GMT",30,32,4.6,8.5,night,119.9,5218,26700,7.83,41,26,13,9,0.35,0.15,0.19,0.841,0.276,146,0.0,0.221,69,278,25,192,0,239778
2026-09-13 16:30:18,"Sun, 13 Sep 2026 16:30:07 GMT",109,160,5.2,7.0,night,115.5,845,14910,7.49,11,7,7,2,0.79,0.27,0.33,0.491,0.007,180,0.0,0.137,13,41,0,3,0,207352
2026-09-13 16:30:54,"Sun, 13 Sep 2026 16:30:50 GMT",195,110,6.5,10.9,night,90.3,6482,28018,6.03,229,38,44,9,0.58,0.51,0.54,0.771,0.053,159,0.0,0.202,36,453,0,10,0,166852
2026-09-13 16:31:18,"Sun, 13 Sep 2026 16:31:07 GMT",38,159,4.6,5.8,night,122.6,1333,16314,7.14,9,3,3,4,0.75,0.21,0.5,0.262,0.881,157,0.0,0.221,24,43,3,13,0,215794
2026-09-13 16:31:59,"Sun, 13 Sep 2026 16:31:52 GMT",10,40,4.6,9.2,night,118.3,5430,23702,7.9,61,28,22,9,0.31,0.2,0.24,0.454,0.426,234,0.0,0.477,62,310,40,245,0,257314
2026-09-13 16:32:11,"Sun, 13 Sep 2026 16:32:07 GMT",41,80,2.9,8.9,night,116.2,1953,14700,7.75,20,12,10,3,0.67,0.21,0.29,0.132,0.354,161,0.0,0.335,31,95,0,63,0,219262
2026-09-13 16:32:59,"Sun, 13 Sep 2026 16:32:51 GMT",109,161,3.7,7.2,night,111.9,248,6910,7.67,4,2,3,2,0.67,0.44,1.0,0.419,0.639,204,0.0,0.078,5,9,0,3,0,213495
2026-09-13 16:33:11,"Sun, 13 Sep 2026 16:33:06 GMT",109,162,2.4,7.5,night,110.0,83,1904,7.62,2,0,2,2,0.5,1.0,0.0,0.422,0.639,189,0.0,0.13,1,2,0,0,0,212952
2026-09-13 16:34:00,"Sun, 13 Sep 2026 16:33:51 GMT",156,23,8.7,13.2,night,84.3,12239,38565,3.91,276,74,42,27,0.24,0.38,0.42,0.751,0.3,153,0.0,0.351,94,725,171,606,0,122656
2026-09-13 16:34:12,"Sun, 13 Sep 2026 16:34:07 GMT",119,93,4.7,4.8,night,115.5,4257,20614,6.77,92,43,30,6,0.51,0.41,0.46,0.456,0.414,229,0.0,0.239,31,223,0,0,0,213338
