utc,last_modified,preset,n,dist,dist2,mode,bright,px,pxlo,edge,blob,blob2,bw,bh,fill,dom,dom2,cx,cy,bpk,bsat,bact,nblobs,blocks,vetoed,veto30,hit,bytes
2026-09-27 00:00:20,"Sun, 27 Sep 2026 00:00:04 GMT",196,822,5.0,10.6,night,57.1,2662,10613,2.26,137,28,52,4,0.66,0.71,0.74,0.289,0.566,243,0.0,0.066,12,193,0,0,0,71614
2026-09-27 00:00:55,"Sun, 27 Sep 2026 00:00:50 GMT",18,2791,0.8,5.0,night,47.8,190,2350,4.66,1,1,1,1,1.0,0.5,0.0,0.542,0.741,152,0.0,0.102,2,2,0,0,0,111553
2026-09-27 00:01:07,"Sun, 27 Sep 2026 00:01:05 GMT",18,2792,0.6,5.0,night,47.7,62,1130,4.54,0,0,1,1,0.0,0.0,0.0,0.0,0.0,0,0.0,0.0,0,0,0,0,0,109916
2026-09-27 00:01:54,"Sun, 27 Sep 2026 00:01:50 GMT",77,1449,1.6,10.2,night,68.5,814,3158,6.92,6,5,4,3,0.5,0.18,0.3,0.448,0.917,189,0.0,0.261,16,33,0,7,0,144287
2026-09-27 00:02:18,"Sun, 27 Sep 2026 00:02:06 GMT",15,3373,1.7,10.0,night,69.2,867,3358,5.35,20,3,6,6,0.56,0.45,0.62,0.346,0.376,130,0.0,0.323,14,44,0,13,0,126208
2026-09-27 00:02:53,"Sun, 27 Sep 2026 00:02:50 GMT",11,3273,0.5,9.1,night,25.3,28,157,2.81,1,0,1,1,1.0,1.0,0.0,0.406,0.519,140,0.0,0.06,1,1,0,0,0,79949
2026-09-27 00:03:16,"Sun, 27 Sep 2026 00:03:04 GMT",196,823,1.5,9.3,night,62.2,479,1068,2.64,21,18,13,2,0.81,0.49,0.49,0.415,0.565,238,0.0,0.129,3,43,0,0,0,76899
2026-09-27 00:03:52,"Sun, 27 Sep 2026 00:03:50 GMT",18,2793,0.4,4.9,night,48.0,51,866,4.64,0,0,1,1,0.0,0.0,0.0,0.0,0.0,0,0.0,0.0,0,0,0,0,0,111261
2026-09-27 00:04:16,"Sun, 27 Sep 2026 00:04:05 GMT",18,2794,0.3,4.9,night,48.0,45,663,4.55,0,0,1,1,0.0,0.0,0.0,0.0,0.0,0,0.0,0.0,0,0,0,0,0,109688
2026-09-27 00:05:03,"Sun, 27 Sep 2026 00:04:51 GMT",77,1450,0.7,10.0,night,73.3,1210,3811,7.04,13,5,5,5,0.52,0.23,0.32,0.428,0.933,208,0.0,0.272,21,56,0,8,0,153749
2026-09-27 00:05:15,"Sun, 27 Sep 2026 00:05:06 GMT",15,3374,0.7,9.6,night,74.0,502,2540,6.35,3,1,2,2,0.75,0.25,1.0,0.622,0.846,173,0.0,0.133,10,12,1,2,0,140304
2026-09-27 00:06:02,"Sun, 27 Sep 2026 00:05:50 GMT",11,3274,0.3,9.2,night,25.6,0,41,2.8,0,0,1,1,0.0,0.0,0.0,0.0,0.0,0,0.0,0.0,0,0,0,0,0,80161
2026-09-27 00:06:14,"Sun, 27 Sep 2026 00:06:04 GMT",196,824,1.2,9.6,night,63.9,250,788,2.67,13,4,8,2,0.81,0.65,0.76,0.407,0.563,237,0.0,0.183,4,20,0,0,0,78524
2026-09-27 00:07:00,"Sun, 27 Sep 2026 00:06:51 GMT",18,2795,0.6,4.6,night,48.2,73,866,4.7,0,0,1,1,0.0,0.0,0.0,0.0,0.0,0,0.0,0.0,0,0,0,0,0,113390
2026-09-27 00:07:12,"Sun, 27 Sep 2026 00:07:07 GMT",8,3496,1.2,9.1,night,76.3,137,1735,5.83,0,0,1,1,0.0,0.0,0.0,0.0,0.0,0,0.0,0.0,0,0,0,0,0,137275
2026-09-27 00:08:11,"Sun, 27 Sep 2026 00:08:06 GMT",15,3375,0.5,9.7,night,73.9,439,2257,6.32,3,2,2,2,0.75,0.23,1.0,0.611,0.846,155,0.0,0.154,10,13,0,1,0,139637
2026-09-27 00:08:58,"Sun, 27 Sep 2026 00:08:50 GMT",11,3275,0.9,9.1,night,22.9,3,41,2.53,0,0,1,1,0.0,0.0,0.0,0.0,0.0,0,0.0,0.0,0,0,0,0,0,65781
2026-09-27 00:09:10,"Sun, 27 Sep 2026 00:09:04 GMT",196,825,0.8,9.3,night,62.2,82,582,2.62,4,0,3,2,0.67,1.0,1.0,0.417,0.569,194,0.0,0.25,1,4,0,0,0,76079
2026-09-27 00:09:56,"Sun, 27 Sep 2026 00:09:49 GMT",18,2796,0.4,4.8,night,48.1,226,1734,4.6,1,1,1,1,1.0,0.2,0.0,0.271,0.667,108,0.0,0.071,5,5,0,0,0,110236
2026-09-27 00:10:20,"Sun, 27 Sep 2026 00:10:06 GMT",8,3497,0.6,8.8,night,74.9,198,1490,6.16,4,1,1,4,1.0,0.67,1.0,0.958,0.898,123,0.0,0.063,3,6,0,0,0,144823
2026-09-27 00:10:55,"Sun, 27 Sep 2026 00:10:51 GMT",77,1451,0.6,10.1,night,73.4,1091,3471,7.13,16,5,5,9,0.36,0.29,0.52,0.277,0.892,173,0.0,0.144,23,55,0,5,0,153208
2026-09-27 00:11:07,"Sun, 27 Sep 2026 00:11:05 GMT",15,3376,0.4,9.6,night,73.9,378,1809,6.26,3,2,2,2,0.75,0.27,1.0,0.715,0.883,162,0.0,0.177,8,11,0,2,0,139499
2026-09-27 00:11:19,"Sun, 27 Sep 2026 00:11:05 GMT",15,3377,0.3,9.6,night,73.9,123,1089,6.26,0,0,1,1,0.0,0.0,0.0,0.0,0.0,0,0.0,0.0,0,0,0,0,0,139499
2026-09-27 00:11:54,"Sun, 27 Sep 2026 00:11:50 GMT",196,826,0.7,9.6,night,64.0,3,326,2.67,0,0,1,1,0.0,0.0,0.0,0.0,0.0,0,0.0,0.0,0,0,0,0,0,78341
2026-09-27 00:31:15,"Sun, 27 Sep 2026 00:31:05 GMT",77,1452,1.3,10.2,night,67.8,1000,3733,7.04,4,3,3,3,0.44,0.12,0.4,0.281,0.856,169,0.0,0.195,21,34,0,3,0,145780
2026-09-27 00:31:51,"Sun, 27 Sep 2026 00:31:49 GMT",13,622,6.3,8.2,night,36.0,4243,11652,2.25,73,40,32,5,0.46,0.31,0.33,0.158,0.393,197,0.0,0.49,21,233,74,213,0,71659
2026-09-27 00:32:15,"Sun, 27 Sep 2026 00:32:05 GMT",11,3276,0.5,9.2,night,26.3,1,20,2.86,0,0,1,1,0.0,0.0,0.0,0.0,0.0,0,0.0,0.0,0,0,0,0,0,82413
2026-09-27 00:32:51,"Sun, 27 Sep 2026 00:32:50 GMT",196,827,0.6,9.2,night,62.0,0,210,2.62,0,0,1,1,0.0,0.0,0.0,0.0,0.0,0,0.0,0.0,0,0,0,0,0,76398
2026-09-27 00:33:03,"Sun, 27 Sep 2026 00:32:50 GMT",196,828,0.4,9.2,night,62.0,0,45,2.62,0,0,1,1,0.0,0.0,0.0,0.0,0.0,0,0.0,0.0,0,0,0,0,0,76398
2026-09-27 00:33:15,"Sun, 27 Sep 2026 00:33:05 GMT",18,2797,0.5,4.7,night,48.0,108,1539,4.66,1,0,1,1,1.0,1.0,0.0,0.271,0.685,106,0.0,0.092,1,1,0,0,0,112452
2026-09-27 00:33:53,"Sun, 27 Sep 2026 00:33:51 GMT",8,3498,0.7,8.4,night,72.7,281,1593,6.1,1,1,1,1,1.0,0.17,0.0,0.833,0.87,122,0.0,0.132,6,6,0,0,0,143044
2026-09-27 00:34:05,"Sun, 27 Sep 2026 00:33:51 GMT",8,3499,0.5,8.4,night,72.7,77,912,6.1,1,0,1,1,1.0,1.0,0.0,0.438,0.944,186,0.0,0.116,1,1,0,0,0,143044
2026-09-27 00:34:18,"Sun, 27 Sep 2026 00:34:06 GMT",77,1453,0.9,10.2,night,68.2,1196,3870,7.13,13,6,5,7,0.37,0.22,0.34,0.462,0.927,201,0.0,0.21,21,59,0,5,0,146451
2026-09-27 00:34:54,"Sun, 27 Sep 2026 00:34:50 GMT",11,3277,0.6,9.0,night,24.6,0,18,2.75,0,0,1,1,0.0,0.0,0.0,0.0,0.0,0,0.0,0.0,0,0,0,0,0,77346
2026-09-27 00:35:54,"Sun, 27 Sep 2026 00:35:49 GMT",196,829,0.4,9.5,night,63.4,2,16,2.67,0,0,1,1,0.0,0.0,0.0,0.0,0.0,0,0.0,0.0,0,0,0,0,0,78838
2026-09-27 00:36:18,"Sun, 27 Sep 2026 00:36:05 GMT",18,2798,0.3,4.6,night,48.0,46,950,4.72,0,0,1,1,0.0,0.0,0.0,0.0,0.0,0,0.0,0.0,0,0,0,0,0,113767
2026-09-27 00:36:55,"Sun, 27 Sep 2026 00:36:51 GMT",77,1454,0.9,10.1,night,73.1,492,2869,6.81,2,1,1,2,1.0,0.2,0.0,0.396,0.824,161,0.0,0.143,9,10,0,2,0,147327
2026-09-27 00:37:20,"Sun, 27 Sep 2026 00:37:07 GMT",77,1455,1.1,10.3,night,73.1,866,3114,7.23,16,6,5,4,0.8,0.47,0.64,0.126,0.735,236,0.0,0.06,10,34,0,0,1,154549
2026-09-27 00:37:56,"Sun, 27 Sep 2026 00:37:50 GMT",11,3278,0.4,9.2,night,26.1,0,0,2.86,0,0,1,1,0.0,0.0,0.0,0.0,0.0,0,0.0,0.0,0,0,0,0,0,82253
2026-09-27 00:38:08,"Sun, 27 Sep 2026 00:38:04 GMT",11,3279,0.3,9.2,night,26.1,1,11,2.85,0,0,1,1,0.0,0.0,0.0,0.0,0.0,0,0.0,0.0,0,0,0,0,0,82218
2026-09-27 00:38:56,"Sun, 27 Sep 2026 00:38:50 GMT",331,124,4.4,9.0,night,71.9,1192,7399,4.91,12,4,4,6,0.5,0.25,0.35,0.293,0.733,213,0.0,0.175,20,48,0,1,0,121535
2026-09-27 00:39:21,"Sun, 27 Sep 2026 00:39:07 GMT",18,2799,0.4,6.1,night,47.7,44,876,4.67,0,0,1,1,0.0,0.0,0.0,0.0,0.0,0,0.0,0.0,0,0,0,0,0,112593
2026-09-27 00:39:58,"Sun, 27 Sep 2026 00:39:51 GMT",77,1456,0.6,10.0,night,72.8,585,2611,7.31,7,2,3,3,0.78,0.37,1.0,0.125,0.735,120,0.0,0.116,10,19,0,2,0,155613
2026-09-27 00:40:10,"Sun, 27 Sep 2026 00:40:06 GMT",77,1457,0.4,9.9,night,72.9,352,1984,7.35,7,3,3,3,0.78,0.41,0.7,0.74,0.968,186,0.0,0.147,8,17,0,4,0,155531
2026-09-27 00:51:52,"Sun, 27 Sep 2026 00:51:06 GMT",8,3500,0.5,8.5,night,72.3,139,1006,6.09,3,1,2,3,0.5,0.75,1.0,0.962,0.87,118,0.0,0.079,2,4,0,0,0,142583
2026-09-27 00:52:04,"Sun, 27 Sep 2026 00:51:52 GMT",77,1458,1.4,10.2,night,67.9,1090,3440,7.02,27,5,9,9,0.33,0.45,0.71,0.296,0.903,175,0.0,0.177,22,60,0,6,0,144796
2026-09-27 00:52:16,"Sun, 27 Sep 2026 00:52:04 GMT",15,3378,1.5,10.0,night,68.6,1140,3996,6.26,11,7,4,4,0.69,0.2,0.26,0.748,0.882,156,0.0,0.103,20,56,0,3,0,131762
2026-09-27 00:52:52,"Sun, 27 Sep 2026 00:52:50 GMT",196,830,0.6,9.2,night,60.6,94,124,2.62,9,0,5,3,0.6,1.0,1.0,0.361,0.533,220,0.0,0.074,1,9,0,0,1,75986
2026-09-27 00:53:03,"Sun, 27 Sep 2026 00:52:50 GMT",196,831,0.4,9.2,night,60.6,80,110,2.62,7,0,5,2,0.7,1.0,1.0,0.363,0.529,220,0.0,0.117,1,7,0,0,1,75986
2026-09-27 00:53:15,"Sun, 27 Sep 2026 00:53:05 GMT",196,832,0.4,9.1,night,60.4,76,114,2.62,7,0,5,2,0.7,1.0,1.0,0.363,0.529,212,0.0,0.17,1,7,0,0,1,75449
2026-09-27 00:54:02,"Sun, 27 Sep 2026 00:53:50 GMT",18,2800,1.5,7.2,night,46.8,1468,2571,4.73,104,1,18,14,0.41,0.98,1.0,0.228,0.322,213,0.0,0.062,3,106,0,0,1,111159
2026-09-27 00:54:14,"Sun, 27 Sep 2026 00:54:07 GMT",8,3501,5.5,9.4,night,75.3,5766,8454,6.33,393,2,36,29,0.38,0.99,1.0,0.54,0.247,221,0.0,0.064,3,396,0,0,1,142462
2026-09-27 00:55:01,"Sun, 27 Sep 2026 00:54:50 GMT",15,3379,0.6,9.8,night,73.4,586,2454,6.42,4,3,1,4,1.0,0.22,0.57,0.75,0.88,150,0.0,0.114,11,18,0,2,0,140441
2026-09-27 00:55:13,"Sun, 27 Sep 2026 00:55:07 GMT",15,3380,0.5,9.7,night,73.3,413,2020,6.45,3,3,2,2,0.75,0.25,0.5,0.726,0.883,163,0.0,0.247,7,12,0,3,0,140688
2026-09-27 00:56:01,"Sun, 27 Sep 2026 00:55:49 GMT",196,833,0.6,9.5,night,63.7,78,121,2.7,7,0,3,3,0.78,1.0,1.0,0.354,0.537,225,0.0,0.189,1,7,0,0,1,79114
2026-09-27 00:56:13,"Sun, 27 Sep 2026 00:56:05 GMT",196,834,0.4,9.5,night,63.6,59,100,2.7,4,0,2,3,0.67,1.0,1.0,0.359,0.537,221,0.0,0.264,1,4,0,0,0,79003
2026-09-27 00:57:00,"Sun, 27 Sep 2026 00:56:50 GMT",18,2801,1.2,6.9,night,48.1,1373,2332,4.79,100,1,18,14,0.4,0.99,1.0,0.217,0.316,221,0.0,0.107,2,101,0,0,1,111531
2026-09-27 00:57:11,"Sun, 27 Sep 2026 00:57:07 GMT",8,3502,4.7,9.8,night,75.7,5379,8454,6.33,369,4,27,29,0.47,0.98,0.99,0.499,0.236,217,0.0,0.106,4,376,0,0,1,141883
2026-09-27 00:57:59,"Sun, 27 Sep 2026 00:57:50 GMT",15,3381,0.4,9.7,night,73.3,437,1980,6.41,8,2,5,5,0.32,0.5,1.0,0.743,0.891,168,0.0,0.177,8,16,0,1,0,140426
2026-09-27 00:58:11,"Sun, 27 Sep 2026 00:58:04 GMT",15,3382,0.3,9.7,night,73.3,289,1528,6.4,4,1,4,3,0.33,0.67,1.0,0.745,0.907,158,0.0,0.203,3,6,0,1,0,140322
2026-09-27 00:58:58,"Sun, 27 Sep 2026 00:58:50 GMT",196,835,0.4,9.5,night,63.4,83,107,2.66,6,0,3,3,0.67,1.0,1.0,0.358,0.531,202,0.0,0.281,1,6,0,4,0,78372
2026-09-27 00:59:10,"Sun, 27 Sep 2026 00:59:05 GMT",196,836,0.3,9.4,night,63.3,75,117,2.68,4,1,2,2,1.0,0.8,1.0,0.359,0.528,203,0.0,0.326,2,5,0,3,0,78905
2026-09-27 00:59:57,"Sun, 27 Sep 2026 00:59:50 GMT",8,3503,3.1,8.8,night,74.2,1718,6219,6.14,65,40,12,10,0.54,0.51,0.57,0.522,0.173,140,0.0,0.169,11,127,0,0,1,143370
2026-09-27 01:00:09,"Sun, 27 Sep 2026 01:00:06 GMT",8,3504,2.1,8.7,night,73.9,251,4535,6.2,5,4,2,3,0.83,0.36,0.56,0.525,0.459,30,0.0,0.22,6,14,0,0,0,144223
2026-09-27 01:00:57,"Sun, 27 Sep 2026 01:00:52 GMT",15,3383,0.3,9.7,night,73.3,228,1450,6.44,3,1,2,3,0.5,0.5,1.0,0.753,0.889,157,0.0,0.231,4,6,0,1,0,140536
2026-09-27 01:01:21,"Sun, 27 Sep 2026 01:01:06 GMT",15,3384,0.3,9.6,night,73.3,272,1424,6.46,4,1,3,3,0.44,0.8,1.0,0.742,0.889,154,0.0,0.248,2,5,0,2,0,140681
2026-09-27 01:01:56,"Sun, 27 Sep 2026 01:01:49 GMT",196,837,0.4,9.2,night,61.8,47,92,2.64,3,0,2,2,0.75,1.0,1.0,0.358,0.531,201,0.0,0.391,1,3,0,3,0,77336
2026-09-27 01:02:08,"Sun, 27 Sep 2026 01:02:05 GMT",196,838,0.4,9.3,night,61.8,62,121,2.66,4,1,2,2,1.0,0.8,1.0,0.547,0.38,255,1.0,0.061,2,5,0,1,1,77567
2026-09-27 01:02:55,"Sun, 27 Sep 2026 01:02:50 GMT",8,3505,1.5,8.7,night,74.1,88,3019,6.2,2,1,2,1,1.0,0.67,0.0,0.87,0.519,168,0.0,0.06,2,3,0,0,0,145150
2026-09-27 01:09:58,"Sun, 27 Sep 2026 01:09:50 GMT",15,3385,1.4,10.0,night,68.5,268,1434,6.23,2,1,1,2,1.0,0.5,0.0,0.75,0.898,161,0.0,0.349,3,4,0,3,0,131659
2026-09-27 01:10:09,"Sun, 27 Sep 2026 01:10:04 GMT",11,3280,0.8,9.0,night,22.8,1,33,2.54,0,0,1,1,0.0,0.0,0.0,0.0,0.0,0,0.0,0.0,0,0,0,0,0,65814
2026-09-27 01:12:05,"Sun, 27 Sep 2026 01:11:50 GMT",8,3506,1.0,8.7,night,73.9,45,1406,6.17,0,0,1,1,0.0,0.0,0.0,0.0,0.0,0,0.0,0.0,0,0,0,0,0,144481
2026-09-27 01:12:21,"Sun, 27 Sep 2026 01:12:05 GMT",77,1459,0.7,9.9,night,72.4,649,2808,7.34,2,2,1,2,1.0,0.13,0.0,0.271,0.824,184,0.0,0.293,12,15,0,4,0,155360
2026-09-27 01:14:17,"Sun, 27 Sep 2026 01:14:04 GMT",18,2802,0.8,6.1,night,47.8,574,2168,4.76,28,7,8,8,0.44,0.76,0.8,0.21,0.279,138,0.0,0.169,4,37,0,0,1,113469
2026-09-27 01:16:33,"Sun, 27 Sep 2026 01:16:05 GMT",11,3281,0.7,9.0,night,22.7,0,3,2.53,0,0,1,1,0.0,0.0,0.0,0.0,0.0,0,0.0,0.0,0,0,0,0,0,65553
2026-09-27 01:16:56,"Sun, 27 Sep 2026 01:16:49 GMT",196,839,0.4,9.5,night,63.3,24,88,2.67,3,0,2,2,0.75,1.0,1.0,0.545,0.377,77,0.0,0.117,1,3,0,0,1,78476
2026-09-27 01:17:08,"Sun, 27 Sep 2026 01:17:04 GMT",18,2803,0.6,6.1,night,47.8,63,1450,4.69,1,1,1,1,1.0,0.5,0.0,0.208,0.259,48,0.0,0.219,2,2,0,0,0,113080
2026-09-27 01:18:07,"Sun, 27 Sep 2026 01:17:50 GMT",77,1460,0.5,10.0,night,72.3,338,2173,6.81,3,2,2,3,0.5,0.3,1.0,0.743,0.963,159,0.0,0.202,5,10,0,1,0,146563
2026-09-27 01:18:18,"Sun, 27 Sep 2026 01:18:05 GMT",77,1461,0.4,9.9,night,72.4,873,3015,7.2,6,4,3,4,0.5,0.16,0.3,0.392,0.833,184,0.0,0.105,18,38,0,4,0,153771
2026-09-27 01:24:48,"Sun, 27 Sep 2026 01:24:09 GMT",77,1462,0.4,10.0,night,72.5,1151,3425,7.27,8,7,4,3,0.67,0.14,0.19,0.867,0.368,101,0.0,0.112,23,59,0,11,0,154774
2026-09-27 01:24:59,"Sun, 27 Sep 2026 01:24:51 GMT",11,3282,0.5,9.0,night,22.7,0,2,2.52,0,0,1,1,0.0,0.0,0.0,0.0,0.0,0,0.0,0.0,0,0,0,0,0,65327
2026-09-27 01:25:11,"Sun, 27 Sep 2026 01:25:05 GMT",196,840,0.3,9.3,night,62.1,22,71,2.64,2,0,2,1,1.0,1.0,0.0,0.547,0.37,78,0.0,0.17,1,2,0,0,0,77083
2026-09-27 01:25:57,"Sun, 27 Sep 2026 01:25:50 GMT",18,2804,0.7,6.6,night,46.3,12,1013,4.57,0,0,1,1,0.0,0.0,0.0,0.0,0.0,0,0.0,0.0,0,0,0,0,0,108937
2026-09-27 01:26:21,"Sun, 27 Sep 2026 01:26:06 GMT",18,2805,0.6,6.7,night,46.3,10,506,4.56,0,0,1,1,0.0,0.0,0.0,0.0,0.0,0,0.0,0.0,0,0,0,0,0,109288
2026-09-27 01:26:57,"Sun, 27 Sep 2026 01:26:54 GMT",77,1463,0.3,10.0,night,72.6,880,2988,7.16,6,5,3,4,0.5,0.14,0.21,0.382,0.827,193,0.0,0.15,17,42,0,10,0,153870
2026-09-27 01:27:20,"Sun, 27 Sep 2026 01:27:11 GMT",15,3386,0.6,9.7,night,73.3,575,2263,6.37,7,3,3,3,0.78,0.37,0.7,0.74,0.884,168,0.0,0.251,11,19,0,2,0,140577
2026-09-27 01:27:56,"Sun, 27 Sep 2026 01:27:51 GMT",11,3283,0.8,9.3,night,26.1,0,2,2.87,0,0,1,1,0.0,0.0,0.0,0.0,0.0,0,0.0,0.0,0,0,0,0,0,82642
2026-09-27 01:28:19,"Sun, 27 Sep 2026 01:28:05 GMT",196,841,0.3,9.3,night,62.1,16,33,2.63,1,0,1,1,1.0,1.0,0.0,0.542,0.37,78,0.0,0.22,1,1,0,0,0,77005
2026-09-27 01:28:54,"Sun, 27 Sep 2026 01:28:52 GMT",18,2806,0.5,6.0,night,47.8,24,568,4.66,0,0,1,1,0.0,0.0,0.0,0.0,0.0,0,0.0,0.0,0,0,0,0,0,111726
2026-09-27 01:29:06,"Sun, 27 Sep 2026 01:28:52 GMT",18,2807,0.4,6.0,night,47.8,5,203,4.66,0,0,1,1,0.0,0.0,0.0,0.0,0.0,0,0.0,0.0,0,0,0,0,0,111726
2026-09-27 01:29:18,"Sun, 27 Sep 2026 01:29:07 GMT",8,3507,1.6,9.4,night,77.8,313,1961,6.18,4,3,2,3,0.67,0.29,0.57,0.841,0.94,137,0.0,0.087,9,14,0,0,0,144402
2026-09-27 01:30:17,"Sun, 27 Sep 2026 01:30:06 GMT",15,3387,0.5,9.6,night,73.4,370,1953,6.38,3,2,2,3,0.5,0.5,1.0,0.757,0.889,153,0.0,0.225,3,6,0,2,0,139056
2026-09-27 01:30:52,"Sun, 27 Sep 2026 01:30:50 GMT",11,3284,3.2,7.4,night,26.6,4809,8830,2.34,353,14,70,9,0.56,0.95,0.96,0.343,0.672,243,0.0,0.076,5,370,0,0,0,75975
2026-09-27 01:31:15,"Sun, 27 Sep 2026 01:31:05 GMT",196,842,0.5,9.1,night,60.3,0,27,2.6,0,0,1,1,0.0,0.0,0.0,0.0,0.0,0,0.0,0.0,0,0,0,0,0,75575
2026-09-27 01:32:02,"Sun, 27 Sep 2026 01:31:50 GMT",18,2808,0.6,6.6,night,46.3,365,2428,4.47,7,4,3,4,0.58,0.58,0.64,0.274,0.704,145,0.0,0.123,3,12,0,0,1,107821
2026-09-27 01:32:14,"Sun, 27 Sep 2026 01:32:07 GMT",8,3508,1.1,8.8,night,73.1,223,1281,5.94,3,1,1,3,1.0,0.5,1.0,0.812,0.907,126,0.0,0.068,4,6,0,0,0,141144
2026-09-27 01:33:01,"Sun, 27 Sep 2026 01:32:51 GMT",77,1464,0.5,10.2,night,72.1,620,2672,7.19,4,3,3,2,0.67,0.2,0.57,0.742,0.949,180,0.0,0.241,11,20,0,4,0,153732
2026-09-27 01:33:13,"Sun, 27 Sep 2026 01:33:06 GMT",15,3388,0.4,9.9,night,73.1,317,1503,6.38,5,1,1,5,1.0,0.71,1.0,0.75,0.87,161,0.0,0.258,3,7,0,2,0,140143
2026-09-27 01:34:01,"Sun, 27 Sep 2026 01:33:50 GMT",196,843,0.3,9.3,night,62.0,0,24,2.63,0,0,1,1,0.0,0.0,0.0,0.0,0.0,0,0.0,0.0,0,0,0,0,0,76965
2026-09-27 01:34:59,"Sun, 27 Sep 2026 01:34:51 GMT",18,2809,0.7,6.2,night,48.0,188,1603,4.57,1,1,1,1,1.0,0.33,0.0,0.49,0.685,139,0.0,0.075,3,3,0,0,0,109346
2026-09-27 01:35:11,"Sun, 27 Sep 2026 01:35:06 GMT",8,3509,0.7,8.7,night,74.5,292,1330,6.08,5,3,3,5,0.33,0.29,0.62,0.954,0.87,130,0.0,0.1,11,17,0,0,0,144936
2026-09-27 01:36:10,"Sun, 27 Sep 2026 01:36:06 GMT",15,3389,0.3,9.7,night,73.4,580,2167,6.33,5,3,2,4,0.62,0.24,0.62,0.713,0.919,168,0.0,0.17,10,21,0,3,0,140086
2026-09-27 01:46:53,"Sun, 27 Sep 2026 01:46:51 GMT",8,3510,0.5,8.9,night,74.3,298,1670,6.14,3,2,1,3,1.0,0.33,1.0,0.958,0.852,121,0.0,0.107,6,9,0,0,0,144385
2026-09-27 01:47:05,"Sun, 27 Sep 2026 01:46:51 GMT",8,3511,0.4,8.9,night,74.3,80,941,6.14,1,1,1,1,1.0,0.5,0.0,0.958,0.852,121,0.0,0.147,2,2,0,0,0,144385
2026-09-27 01:47:17,"Sun, 27 Sep 2026 01:47:06 GMT",8,3512,0.4,8.8,night,74.1,280,1447,6.09,3,2,2,3,0.5,0.23,1.0,0.941,0.889,127,0.0,0.072,9,13,0,0,0,144152
2026-09-27 01:48:05,"Sun, 27 Sep 2026 01:47:52 GMT",15,3390,0.3,9.7,night,73.4,286,1629,6.41,4,0,3,3,0.44,1.0,1.0,0.75,0.87,159,0.0,0.264,1,4,0,1,0,140626
2026-09-27 01:48:16,"Sun, 27 Sep 2026 01:48:07 GMT",11,3285,1.0,9.2,night,26.2,907,2535,2.86,35,10,19,5,0.37,0.56,0.62,0.239,0.715,255,0.06,0.144,10,62,0,0,0,82363
2026-09-27 01:48:52,"Sun, 27 Sep 2026 01:48:50 GMT",196,844,0.4,9.4,night,62.9,0,1,2.66,0,0,1,1,0.0,0.0,0.0,0.0,0.0,0,0.0,0.0,0,0,0,0,0,77778
2026-09-27 01:49:03,"Sun, 27 Sep 2026 01:48:50 GMT",196,845,0.3,9.4,night,62.9,0,0,2.66,0,0,1,1,0.0,0.0,0.0,0.0,0.0,0,0.0,0.0,0,0,0,0,0,77778
2026-09-27 01:49:15,"Sun, 27 Sep 2026 01:49:05 GMT",16,203,6.8,8.8,night,45.1,5609,16829,2.9,101,24,27,10,0.37,0.36,0.41,0.095,0.421,246,0.0,0.334,41,277,122,253,0,85667
2026-09-27 01:50:02,"Sun, 27 Sep 2026 01:49:51 GMT",8,3513,0.3,8.7,night,74.2,172,1253,6.12,1,1,1,1,1.0,0.2,0.0,0.938,0.852,118,0.0,0.079,5,5,0,0,0,144112
2026-09-27 01:50:50,"Sun, 27 Sep 2026 01:50:46 GMT",77,1465,0.4,9.9,night,72.7,901,3142,7.22,7,4,3,4,0.58,0.18,0.41,0.557,0.96,191,0.0,0.326,20,38,0,12,0,152970
2026-09-27 01:51:13,"Sun, 27 Sep 2026 01:51:06 GMT",11,3286,0.7,9.2,night,26.2,368,1860,2.86,10,9,10,1,1.0,0.42,0.45,0.297,0.722,246,0.0,0.192,5,24,0,0,0,82183
2026-09-27 01:52:12,"Sun, 27 Sep 2026 01:52:06 GMT",331,125,2.0,5.4,night,60.4,665,5084,4.9,10,4,3,5,0.67,0.38,0.71,0.625,0.869,197,0.0,0.139,13,26,0,0,0,123324
2026-09-27 01:52:59,"Sun, 27 Sep 2026 01:52:51 GMT",8,3514,0.3,8.8,night,74.3,119,1068,6.08,1,1,1,1,1.0,0.33,0.0,0.958,0.907,123,0.0,0.082,3,3,0,0,0,144106
2026-09-27 01:53:11,"Sun, 27 Sep 2026 01:53:06 GMT",77,1466,0.4,10.1,night,73.0,638,3076,6.84,3,3,1,3,1.0,0.12,0.33,0.396,0.815,168,0.0,0.218,14,24,0,6,0,147382
2026-09-27 02:00:59,"Sun, 27 Sep 2026 02:00:51 GMT",16,204,2.3,9.6,night,45.3,2250,7993,2.72,21,7,8,5,0.53,0.32,0.46,0.035,0.436,213,0.0,0.449,24,66,98,142,0,83822
2026-09-27 02:01:11,"Sun, 27 Sep 2026 02:01:06 GMT",18,2810,0.7,6.4,night,46.3,403,2811,4.19,5,3,2,4,0.62,0.5,0.62,0.608,0.826,132,0.0,0.072,4,10,0,0,1,103368
2026-09-27 02:01:59,"Sun, 27 Sep 2026 02:01:52 GMT",77,1467,0.5,9.8,night,71.5,484,2675,6.75,2,2,2,2,0.5,0.25,0.0,0.724,0.491,99,0.0,0.133,6,8,0,1,0,145565
2026-09-27 02:02:11,"Sun, 27 Sep 2026 02:02:06 GMT",77,1468,0.4,9.8,night,71.4,631,2478,6.7,10,5,5,5,0.4,0.37,0.67,0.474,0.939,182,0.0,0.22,10,27,0,10,0,145219
2026-09-27 02:02:59,"Sun, 27 Sep 2026 02:02:54 GMT",11,3287,1.0,9.0,night,22.9,100,1123,2.53,5,1,4,2,0.62,0.71,1.0,0.204,0.719,251,0.2,0.24,3,7,0,0,0,65674
2026-09-27 02:03:22,"Sun, 27 Sep 2026 02:03:12 GMT",11,3288,0.7,9.0,night,22.9,1,621,2.51,0,0,1,1,0.0,0.0,0.0,0.0,0.0,0,0.0,0.0,0,0,0,0,0,65416
2026-09-27 02:04:09,"Sun, 27 Sep 2026 02:04:05 GMT",18,2811,0.5,5.7,night,47.9,173,1717,4.53,1,1,1,1,1.0,0.5,0.0,0.292,0.704,112,0.0,0.248,2,2,0,0,0,109481
2026-09-27 02:05:09,"Sun, 27 Sep 2026 02:04:56 GMT",77,1469,0.4,10.0,night,72.8,987,3093,7.17,11,5,6,5,0.37,0.22,0.41,0.291,0.889,169,0.0,0.205,24,49,0,5,0,153833
2026-09-27 02:05:33,"Sun, 27 Sep 2026 02:05:24 GMT",77,1470,0.3,10.0,night,72.8,658,2803,7.17,3,3,2,3,0.5,0.15,0.5,0.316,0.463,93,0.0,0.082,13,20,0,5,0,153874
2026-09-27 02:06:09,"Sun, 27 Sep 2026 02:06:04 GMT",11,3289,0.5,9.0,night,23.0,0,207,2.52,0,0,1,1,0.0,0.0,0.0,0.0,0.0,0,0.0,0.0,0,0,0,0,0,65808
2026-09-27 02:06:56,"Sun, 27 Sep 2026 02:06:51 GMT",18,2812,0.5,5.7,night,48.0,41,1044,4.51,0,0,1,1,0.0,0.0,0.0,0.0,0.0,0,0.0,0.0,0,0,0,0,0,109820
2026-09-27 02:07:20,"Sun, 27 Sep 2026 02:07:09 GMT",18,2813,0.4,5.7,night,48.1,59,1060,4.62,0,0,1,1,0.0,0.0,0.0,0.0,0.0,0,0.0,0.0,0,0,0,0,0,111234
2026-09-27 02:18:03,"Sun, 27 Sep 2026 02:17:49 GMT",196,846,0.4,9.5,night,63.9,0,0,2.69,0,0,1,1,0.0,0.0,0.0,0.0,0.0,0,0.0,0.0,0,0,0,0,0,79172
2026-09-27 02:18:15,"Sun, 27 Sep 2026 02:18:04 GMT",196,847,0.9,9.9,night,64.3,0,196,2.73,0,0,1,1,0.0,0.0,0.0,0.0,0.0,0,0.0,0.0,0,0,0,0,0,79025
2026-09-27 02:19:03,"Sun, 27 Sep 2026 02:18:50 GMT",18,2814,0.7,5.7,night,48.5,188,1709,4.52,2,1,1,2,1.0,0.5,0.0,0.438,0.657,145,0.0,0.061,3,4,0,0,0,110114
2026-09-27 02:19:16,"Sun, 27 Sep 2026 02:19:11 GMT",8,3515,0.4,8.8,night,74.7,197,1349,6.13,4,3,1,4,1.0,0.44,0.57,0.688,0.954,142,0.0,0.125,4,9,0,0,0,144519
2026-09-27 02:20:05,"Sun, 27 Sep 2026 02:19:52 GMT",15,3391,0.4,9.8,night,73.8,612,2536,6.34,6,3,5,2,0.6,0.29,0.67,0.712,0.883,158,0.0,0.225,11,21,0,3,0,139296
2026-09-27 02:20:17,"Sun, 27 Sep 2026 02:20:08 GMT",15,3392,0.4,9.8,night,73.8,944,2893,6.25,24,4,6,7,0.57,0.44,0.77,0.336,0.387,134,0.0,0.15,20,54,0,3,0,139122
2026-09-27 02:20:54,"Sun, 27 Sep 2026 02:20:49 GMT",196,848,0.5,9.4,night,62.3,0,15,2.65,0,0,1,1,0.0,0.0,0.0,0.0,0.0,0,0.0,0.0,0,0,0,0,0,76958
2026-09-27 02:21:18,"Sun, 27 Sep 2026 02:21:06 GMT",196,849,0.4,9.3,night,62.2,0,1,2.64,0,0,1,1,0.0,0.0,0.0,0.0,0.0,0,0.0,0.0,0,0,0,0,0,76492
2026-09-27 02:21:54,"Sun, 27 Sep 2026 02:21:50 GMT",19,176,2.8,11.2,night,50.7,2185,9202,3.08,17,12,7,6,0.4,0.16,0.24,0.107,0.513,189,0.0,0.398,40,109,43,106,0,91909
2026-09-27 02:22:18,"Sun, 27 Sep 2026 02:22:06 GMT",8,3516,0.3,8.8,night,74.6,193,1371,6.08,1,1,1,1,1.0,0.17,0.0,0.812,0.889,128,0.0,0.107,6,6,0,0,0,143867
2026-09-27 02:22:55,"Sun, 27 Sep 2026 02:22:50 GMT",15,3393,0.5,9.7,night,72.4,372,1917,6.31,2,1,1,2,1.0,0.22,0.0,0.74,0.88,160,0.0,0.203,8,9,0,1,0,138220
2026-09-27 02:23:20,"Sun, 27 Sep 2026 02:23:14 GMT",15,3394,0.4,9.6,night,72.4,409,2060,6.18,2,2,1,2,1.0,0.17,0.0,0.729,0.88,129,0.0,0.413,10,12,0,2,0,137883
2026-09-27 02:23:56,"Sun, 27 Sep 2026 02:23:50 GMT",196,850,0.4,9.3,night,62.0,0,0,2.64,0,0,1,1,0.0,0.0,0.0,0.0,0.0,0,0.0,0.0,0,0,0,0,0,76953
2026-09-27 02:24:56,"Sun, 27 Sep 2026 02:24:51 GMT",8,3517,0.8,9.0,night,73.6,139,1012,6.1,1,0,1,1,1.0,1.0,0.0,0.948,0.852,115,0.0,0.182,1,1,0,0,0,142827
2026-09-27 02:25:21,"Sun, 27 Sep 2026 02:25:06 GMT",8,3518,0.6,9.0,night,73.5,132,996,6.05,4,0,2,3,0.67,1.0,1.0,0.943,0.852,128,0.0,0.133,1,4,0,0,0,142933
2026-09-27 02:25:58,"Sun, 27 Sep 2026 02:25:50 GMT",15,3395,0.5,9.7,night,72.6,675,2419,6.19,13,3,4,8,0.41,0.43,0.68,0.764,0.917,170,0.0,0.087,11,30,0,0,0,138590
2026-09-27 02:26:10,"Sun, 27 Sep 2026 02:26:05 GMT",15,3396,6.3,8.9,night,60.1,10683,32798,3.6,334,68,82,21,0.19,0.47,0.53,0.439,0.321,140,0.0,0.064,87,705,0,1,0,108773
2026-09-27 02:26:59,"Sun, 27 Sep 2026 02:26:54 GMT",196,851,0.3,9.3,night,62.1,0,0,2.65,0,0,1,1,0.0,0.0,0.0,0.0,0.0,0,0.0,0.0,0,0,0,0,0,77171
2026-09-27 02:27:11,"Sun, 27 Sep 2026 02:27:05 GMT",196,852,0.2,9.3,night,62.0,0,7,2.62,0,0,1,1,0.0,0.0,0.0,0.0,0.0,0,0.0,0.0,0,0,0,0,0,75983
2026-09-27 02:36:32,"Sun, 27 Sep 2026 02:36:06 GMT",331,126,1.9,4.1,night,57.7,353,3592,5.09,1,1,1,1,1.0,0.33,0.0,0.24,0.704,135,0.0,0.179,3,3,0,0,0,126192
2026-09-27 02:36:56,"Sun, 27 Sep 2026 02:36:52 GMT",8,3519,0.4,8.9,night,74.5,114,1130,6.12,0,0,1,1,0.0,0.0,0.0,0.0,0.0,0,0.0,0.0,0,0,0,0,0,144538
2026-09-27 02:37:08,"Sun, 27 Sep 2026 02:37:07 GMT",77,1471,0.5,10.2,night,73.1,810,3190,7.21,6,4,3,5,0.4,0.27,0.38,0.479,0.944,189,0.0,0.161,10,22,0,4,0,153996
2026-09-27 02:37:20,"Sun, 27 Sep 2026 02:37:07 GMT",77,1472,0.3,10.2,night,73.1,325,2023,7.21,2,1,1,2,1.0,0.4,0.0,0.302,0.898,171,0.0,0.242,4,5,0,3,0,153996
2026-09-27 02:37:55,"Sun, 27 Sep 2026 02:37:54 GMT",13,623,2.6,8.8,night,33.9,1671,6689,2.56,24,9,11,6,0.36,0.38,0.48,0.089,0.394,131,0.0,0.473,15,63,61,113,0,81956
2026-09-27 02:38:07,"Sun, 27 Sep 2026 02:37:54 GMT",13,624,1.8,8.8,night,33.9,844,3877,2.56,5,3,5,2,0.5,0.23,0.62,0.094,0.422,27,0.0,0.524,12,22,36,56,0,81956
2026-09-27 02:38:53,"Sun, 27 Sep 2026 02:38:51 GMT",196,853,0.5,9.5,night,63.8,0,6,2.67,0,0,1,1,0.0,0.0,0.0,0.0,0.0,0,0.0,0.0,0,0,0,0,0,78178
2026-09-27 02:39:17,"Sun, 27 Sep 2026 02:39:06 GMT",18,2815,0.6,4.8,night,48.4,112,1444,4.65,2,0,1,2,1.0,1.0,0.0,0.292,0.694,148,0.0,0.193,1,2,0,0,0,111691
2026-09-27 02:40:04,"Sun, 27 Sep 2026 02:39:51 GMT",8,3520,0.4,8.9,night,74.6,233,1320,6.23,4,2,3,2,0.67,0.36,1.0,0.865,0.935,114,0.0,0.113,6,11,0,0,0,145232
2026-09-27 02:40:16,"Sun, 27 Sep 2026 02:40:05 GMT",77,1473,0.6,10.0,night,71.8,1364,3698,6.93,17,16,9,5,0.38,0.2,0.24,0.452,0.958,182,0.0,0.16,21,84,0,4,0,151448
2026-09-27 02:40:51,"Sun, 27 Sep 2026 02:40:50 GMT",11,3290,0.4,9.0,night,23.1,10,160,2.54,0,0,1,1,0.0,0.0,0.0,0.0,0.0,0,0.0,0.0,0,0,0,0,0,65932
2026-09-27 02:41:02,"Sun, 27 Sep 2026 02:40:50 GMT",11,3291,0.3,9.0,night,23.1,1,50,2.54,0,0,1,1,0.0,0.0,0.0,0.0,0.0,0,0.0,0.0,0,0,0,0,0,65932
2026-09-27 02:41:14,"Sun, 27 Sep 2026 02:41:06 GMT",11,3292,0.2,9.0,night,23.0,0,48,2.54,0,0,1,1,0.0,0.0,0.0,0.0,0.0,0,0.0,0.0,0,0,0,0,0,66082
2026-09-27 02:42:00,"Sun, 27 Sep 2026 02:41:50 GMT",196,854,0.3,9.3,night,62.0,0,5,2.63,0,0,1,1,0.0,0.0,0.0,0.0,0.0,0,0.0,0.0,0,0,0,0,0,76959
2026-09-27 02:42:12,"Sun, 27 Sep 2026 02:42:06 GMT",18,2816,0.7,5.2,night,48.1,75,1146,4.56,2,0,1,2,1.0,1.0,0.0,0.302,0.694,151,0.0,0.065,1,2,0,0,0,108959
2026-09-27 02:42:59,"Sun, 27 Sep 2026 02:42:51 GMT",77,1474,2.9,8.3,night,64.1,1510,12151,3.63,14,6,5,8,0.35,0.23,0.52,0.393,0.907,161,0.0,0.163,31,61,0,3,0,107229
2026-09-27 02:43:11,"Sun, 27 Sep 2026 02:43:07 GMT",77,1475,0.8,10.0,night,71.7,959,3305,7.09,10,10,7,3,0.48,0.19,0.25,0.273,0.889,182,0.0,0.205,17,53,0,11,0,152152
2026-09-27 02:43:58,"Sun, 27 Sep 2026 02:43:51 GMT",11,3293,0.2,9.0,night,23.0,1,32,2.5,0,0,1,1,0.0,0.0,0.0,0.0,0.0,0,0.0,0.0,0,0,0,0,0,65446
2026-09-27 02:44:10,"Sun, 27 Sep 2026 02:44:05 GMT",11,3294,0.2,9.0,night,23.0,0,27,2.5,0,0,1,1,0.0,0.0,0.0,0.0,0.0,0,0.0,0.0,0,0,0,0,0,65440
2026-09-27 02:44:56,"Sun, 27 Sep 2026 02:44:50 GMT",17,217,1.7,9.1,night,36.0,1344,3381,2.57,7,6,4,4,0.44,0.24,0.39,0.173,0.024,210,0.0,0.343,14,29,62,84,0,77570
2026-09-27 02:45:20,"Sun, 27 Sep 2026 02:45:11 GMT",18,2817,0.5,5.0,night,48.1,301,2351,4.37,3,3,1,3,1.0,0.25,0.5,0.562,0.852,171,0.0,0.062,6,12,0,0,0,107888
2026-09-27 02:46:07,"Sun, 27 Sep 2026 02:45:55 GMT",77,1476,1.0,10.3,night,73.2,1187,3909,7.08,12,10,7,4,0.43,0.22,0.36,0.433,0.934,196,0.0,0.217,22,55,0,7,0,153150
2026-09-27 02:52:41,"Sun, 27 Sep 2026 02:52:05 GMT",15,3397,2.1,9.9,night,74.5,1151,5498,4.74,9,5,4,4,0.56,0.13,0.21,0.321,0.442,127,0.0,0.206,30,68,0,1,0,122026
2026-09-27 02:52:53,"Sun, 27 Sep 2026 02:52:50 GMT",11,3295,0.9,9.2,night,26.2,0,74,2.86,0,0,1,1,0.0,0.0,0.0,0.0,0.0,0,0.0,0.0,0,0,0,0,0,82516
2026-09-27 02:53:16,"Sun, 27 Sep 2026 02:53:06 GMT",196,855,0.4,9.5,night,63.9,0,7,2.68,0,0,1,1,0.0,0.0,0.0,0.0,0.0,0,0.0,0.0,0,0,0,0,0,78645
2026-09-27 02:54:03,"Sun, 27 Sep 2026 02:53:51 GMT",18,2818,0.6,5.3,night,47.9,84,1299,4.52,1,0,1,1,1.0,1.0,0.0,0.302,0.704,142,0.0,0.117,1,1,0,0,0,108815
2026-09-27 02:54:15,"Sun, 27 Sep 2026 02:54:08 GMT",18,2819,0.7,5.1,night,48.2,239,2476,4.4,2,1,1,2,1.0,0.67,0.0,0.281,0.694,153,0.0,0.11,2,3,0,0,0,106780
2026-09-27 02:55:03,"Sun, 27 Sep 2026 02:54:52 GMT",77,1477,0.4,10.0,night,71.8,919,3053,6.97,12,5,7,4,0.43,0.27,0.5,0.423,0.94,190,0.0,0.253,17,44,0,6,0,152113
2026-09-27 02:55:15,"Sun, 27 Sep 2026 02:55:06 GMT",15,3398,1.4,9.8,night,72.5,483,3523,6.29,4,1,3,2,0.67,0.25,1.0,0.727,0.88,165,0.0,0.233,13,16,0,3,0,139007
2026-09-27 02:55:50,"Sun, 27 Sep 2026 02:55:49 GMT",11,3296,0.5,9.1,night,25.7,0,11,2.81,0,0,1,1,0.0,0.0,0.0,0.0,0.0,0,0.0,0.0,0,0,0,0,0,80539
2026-09-27 02:56:02,"Sun, 27 Sep 2026 02:55:49 GMT",11,3297,0.4,9.1,night,25.7,0,1,2.81,0,0,1,1,0.0,0.0,0.0,0.0,0.0,0,0.0,0.0,0,0,0,0,0,80539
2026-09-27 02:56:13,"Sun, 27 Sep 2026 02:56:04 GMT",196,856,2.3,10.7,night,66.0,97,1009,2.8,5,0,3,3,0.56,1.0,1.0,0.25,0.422,255,0.2,0.06,1,5,0,0,1,79588
2026-09-27 02:57:00,"Sun, 27 Sep 2026 02:56:50 GMT",18,2820,0.3,5.3,night,48.1,99,1466,4.58,0,0,1,1,0.0,0.0,0.0,0.0,0.0,0,0.0,0.0,0,0,0,0,0,109783
2026-09-27 02:57:12,"Sun, 27 Sep 2026 02:57:05 GMT",8,3521,2.4,8.0,night,71.4,2890,15018,4.66,23,11,6,8,0.48,0.19,0.29,0.022,0.504,219,0.0,0.066,45,120,0,0,0,117489
2026-09-27 02:58:00,"Sun, 27 Sep 2026 02:57:51 GMT",77,1478,0.4,9.9,night,71.6,968,3281,7.08,15,15,7,6,0.36,0.29,0.43,0.288,0.872,186,0.0,0.261,16,51,0,10,0,152223
2026-09-27 02:58:12,"Sun, 27 Sep 2026 02:58:05 GMT",15,3399,1.1,9.7,night,72.5,840,3355,6.15,28,10,12,7,0.33,0.58,0.68,0.459,0.394,137,0.0,0.163,8,48,0,2,1,137713
2026-09-27 02:59:00,"Sun, 27 Sep 2026 02:58:51 GMT",11,3298,0.6,9.0,night,22.9,17,95,2.54,1,0,1,1,1.0,1.0,0.0,0.708,0.63,105,0.0,0.06,1,1,0,0,0,66068
2026-09-27 02:59:11,"Sun, 27 Sep 2026 02:59:06 GMT",196,857,1.0,9.1,night,60.6,5,29,2.58,0,0,1,1,0.0,0.0,0.0,0.0,0.0,0,0.0,0.0,0,0,0,0,0,74737
2026-09-27 02:59:58,"Sun, 27 Sep 2026 02:59:50 GMT",18,2821,0.7,4.9,night,48.5,233,1577,4.54,7,2,5,3,0.47,0.64,1.0,0.622,0.384,211,0.0,0.06,4,11,0,0,1,110072
2026-09-27 03:00:10,"Sun, 27 Sep 2026 03:00:06 GMT",8,3522,0.6,8.6,night,73.0,190,1891,6.09,1,1,1,1,1.0,0.33,0.0,0.823,0.37,125,0.0,0.131,3,3,0,0,0,143393
2026-09-27 03:00:57,"Sun, 27 Sep 2026 03:00:51 GMT",77,1479,0.6,10.2,night,73.2,953,3234,7.09,7,7,2,5,0.7,0.17,0.3,0.275,0.873,189,0.0,0.27,19,40,0,10,0,153400
2026-09-27 03:01:09,"Sun, 27 Sep 2026 03:01:06 GMT",15,3400,1.0,10.0,night,74.0,668,2818,6.34,3,2,2,3,0.5,0.12,1.0,0.753,0.889,160,0.0,0.27,20,24,0,4,0,139496
2026-09-27 03:01:57,"Sun, 27 Sep 2026 03:01:51 GMT",196,858,0.5,9.4,night,62.2,0,37,2.46,0,0,1,1,0.0,0.0,0.0,0.0,0.0,0,0.0,0.0,0,0,0,0,0,74219
2026-09-27 03:02:09,"Sun, 27 Sep 2026 03:02:06 GMT",196,859,0.5,9.3,night,62.2,0,7,2.63,0,0,1,1,0.0,0.0,0.0,0.0,0.0,0,0.0,0.0,0,0,0,0,0,76422
2026-09-27 03:08:19,"Sun, 27 Sep 2026 03:08:04 GMT",196,860,0.4,9.2,night,62.1,0,4,2.64,0,0,1,1,0.0,0.0,0.0,0.0,0.0,0,0.0,0.0,0,0,0,0,0,76977
2026-09-27 03:08:54,"Sun, 27 Sep 2026 03:08:51 GMT",8,3523,1.5,9.5,night,78.1,194,1728,6.07,2,1,2,2,0.5,0.4,0.0,0.974,0.972,126,0.0,0.071,4,5,0,0,0,142048
2026-09-27 03:09:19,"Sun, 27 Sep 2026 03:09:06 GMT",8,3524,0.5,9.0,night,74.7,128,1198,6.08,2,0,1,2,1.0,1.0,0.0,0.552,0.972,124,0.0,0.06,1,2,0,0,0,143751
2026-09-27 03:10:06,"Sun, 27 Sep 2026 03:09:54 GMT",15,3401,0.6,9.8,night,72.6,547,2458,6.33,2,2,2,2,0.5,0.13,0.0,0.391,0.38,115,0.0,0.308,11,15,0,3,0,139444
2026-09-27 03:10:18,"Sun, 27 Sep 2026 03:10:06 GMT",15,3402,0.5,9.8,night,72.6,530,2231,6.29,6,5,4,3,0.5,0.33,0.55,0.729,0.886,165,0.0,0.227,8,18,0,4,0,139229
2026-09-27 03:14:30,"Sun, 27 Sep 2026 03:14:04 GMT",196,861,0.5,9.4,night,63.7,0,20,2.65,0,0,1,1,0.0,0.0,0.0,0.0,0.0,0,0.0,0.0,0,0,0,0,0,77216
2026-09-27 03:14:55,"Sun, 27 Sep 2026 03:14:51 GMT",8,3525,0.4,9.0,night,74.9,156,1145,6.13,1,1,1,1,1.0,0.5,0.0,0.615,0.981,136,0.0,0.064,2,2,0,0,0,144701
2026-09-27 03:15:18,"Sun, 27 Sep 2026 03:15:05 GMT",8,3526,0.3,9.0,night,74.8,227,1266,6.11,2,2,1,2,1.0,0.22,0.0,0.948,0.954,108,0.0,0.066,7,9,0,0,0,144507
2026-09-27 03:15:54,"Sun, 27 Sep 2026 03:15:50 GMT",15,3403,0.4,9.9,night,72.7,518,2319,6.36,3,2,2,3,0.5,0.33,1.0,0.733,0.87,170,0.0,0.231,6,9,0,1,0,140721
2026-09-27 03:16:18,"Sun, 27 Sep 2026 03:16:15 GMT",11,3299,0.6,9.0,night,26.1,10,66,2.84,0,0,1,1,0.0,0.0,0.0,0.0,0.0,0,0.0,0.0,0,0,0,0,0,81734
2026-09-27 03:28:09,"Sun, 27 Sep 2026 03:28:05 GMT",11,3300,0.7,8.9,night,22.9,0,26,2.54,0,0,1,1,0.0,0.0,0.0,0.0,0.0,0,0.0,0.0,0,0,0,0,0,66073
2026-09-27 03:28:55,"Sun, 27 Sep 2026 03:28:50 GMT",196,862,0.5,9.4,night,64.1,0,8,2.67,0,0,1,1,0.0,0.0,0.0,0.0,0.0,0,0.0,0.0,0,0,0,0,0,78319
2026-09-27 03:29:07,"Sun, 27 Sep 2026 03:29:06 GMT",18,2822,0.5,5.2,night,48.0,100,1722,4.6,0,0,1,1,0.0,0.0,0.0,0.0,0.0,0,0.0,0.0,0,0,0,0,0,110561
2026-09-27 03:29:19,"Sun, 27 Sep 2026 03:29:06 GMT",18,2823,0.3,5.2,night,48.0,21,694,4.6,0,0,1,1,0.0,0.0,0.0,0.0,0.0,0,0.0,0.0,0,0,0,0,0,110561
2026-09-27 03:29:54,"Sun, 27 Sep 2026 03:29:52 GMT",77,1480,0.7,10.5,night,73.5,784,3521,6.77,4,4,2,4,0.5,0.16,0.36,0.471,0.917,176,0.0,0.263,16,25,0,6,0,148106
2026-09-27 03:30:18,"Sun, 27 Sep 2026 03:30:06 GMT",77,1481,0.4,10.4,night,73.3,872,3320,7.22,4,4,4,2,0.5,0.14,0.5,0.266,0.884,162,0.0,0.349,19,28,0,7,0,154961
2026-09-27 03:30:53,"Sun, 27 Sep 2026 03:30:49 GMT",11,3301,0.5,8.9,night,25.9,38,100,2.83,3,0,3,2,0.5,1.0,1.0,0.396,0.623,157,0.0,0.084,1,3,0,0,1,81158
2026-09-27 03:31:16,"Sun, 27 Sep 2026 03:31:04 GMT",11,3302,0.4,8.9,night,25.9,26,75,2.83,0,0,1,1,0.0,0.0,0.0,0.0,0.0,0,0.0,0.0,0,0,0,0,0,81274
2026-09-27 03:32:03,"Sun, 27 Sep 2026 03:31:51 GMT",331,127,1.0,4.5,night,60.0,490,3230,5.14,15,7,7,3,0.71,0.6,0.68,0.215,0.33,167,0.0,0.06,4,25,0,1,1,122442
2026-09-27 03:32:15,"Sun, 27 Sep 2026 03:32:05 GMT",18,2824,0.6,4.6,night,48.3,145,1285,4.68,6,0,5,3,0.4,1.0,1.0,0.582,0.278,124,0.0,0.06,1,6,0,0,1,111655
2026-09-27 03:33:02,"Sun, 27 Sep 2026 03:32:50 GMT",77,1482,0.4,10.1,night,71.8,646,2800,7.12,3,2,2,2,0.75,0.12,1.0,0.715,0.957,192,0.0,0.111,17,24,0,4,0,152542
2026-09-27 03:33:14,"Sun, 27 Sep 2026 03:33:06 GMT",77,1483,0.4,10.1,night,71.8,800,2941,7.11,8,5,5,3,0.53,0.27,0.4,0.728,0.479,109,0.0,0.088,11,30,0,6,0,152090
2026-09-27 03:34:02,"Sun, 27 Sep 2026 03:33:49 GMT",11,3303,0.8,8.8,night,23.3,1,25,2.51,0,0,1,1,0.0,0.0,0.0,0.0,0.0,0,0.0,0.0,0,0,0,0,0,66107
2026-09-27 03:34:14,"Sun, 27 Sep 2026 03:34:08 GMT",196,863,5.3,11.3,night,57.5,3252,11805,2.9,153,56,54,5,0.57,0.65,0.67,0.313,0.557,249,0.0,0.069,12,236,0,0,0,95436
2026-09-27 03:35:01,"Sun, 27 Sep 2026 03:34:50 GMT",18,2825,0.4,4.9,night,48.4,65,930,4.66,0,0,1,1,0.0,0.0,0.0,0.0,0.0,0,0.0,0.0,0,0,0,0,0,110842
2026-09-27 03:35:13,"Sun, 27 Sep 2026 03:35:06 GMT",18,2826,0.3,4.9,night,48.1,51,921,4.5,0,0,1,1,0.0,0.0,0.0,0.0,0.0,0,0.0,0.0,0,0,0,0,0,108270
2026-09-27 03:36:00,"Sun, 27 Sep 2026 03:35:55 GMT",77,1484,0.5,10.4,night,73.4,1100,3569,7.21,9,6,4,4,0.56,0.17,0.25,0.269,0.895,174,0.0,0.226,23,54,0,11,0,155002
2026-09-27 03:36:12,"Sun, 27 Sep 2026 03:36:06 GMT",77,1485,0.5,10.5,night,73.4,1068,3346,7.17,23,6,11,6,0.35,0.41,0.57,0.418,0.926,204,0.0,0.227,18,56,0,8,0,155204
2026-09-27 03:44:32,"Sun, 27 Sep 2026 03:44:06 GMT",8,3527,0.6,8.9,night,74.8,415,3210,6.19,4,2,4,2,0.5,0.44,1.0,0.828,0.949,130,0.0,0.105,5,9,0,0,0,145244
2026-09-27 03:44:56,"Sun, 27 Sep 2026 03:44:53 GMT",77,1486,1.1,9.7,night,74.0,1086,4383,7.17,6,5,2,3,1.0,0.15,0.35,0.276,0.907,174,0.0,0.249,23,41,0,7,0,155147
2026-09-27 03:45:20,"Sun, 27 Sep 2026 03:45:08 GMT",15,3404,4.3,10.3,night,76.8,3869,7522,6.54,145,99,16,16,0.57,0.56,0.59,0.528,0.144,172,0.0,0.062,14,257,0,2,1,141562
2026-09-27 03:45:55,"Sun, 27 Sep 2026 03:45:53 GMT",196,864,8.6,10.0,night,67.0,7314,19634,2.67,235,145,44,12,0.45,0.46,0.47,0.399,0.281,234,0.0,0.061,15,516,0,0,0,79213
2026-09-27 03:47:05,"Sun, 27 Sep 2026 03:46:52 GMT",18,2827,1.0,4.9,night,49.2,51,789,4.72,1,0,1,1,1.0,1.0,0.0,0.302,0.704,139,0.0,0.127,1,1,0,0,0,113589
2026-09-27 03:47:16,"Sun, 27 Sep 2026 03:47:06 GMT",8,3528,0.7,8.7,night,75.2,133,1231,6.06,0,0,1,1,0.0,0.0,0.0,0.0,0.0,0,0.0,0.0,0,0,0,0,0,142910
2026-09-27 03:47:52,"Sun, 27 Sep 2026 03:47:49 GMT",15,3405,1.3,9.2,night,75.5,514,3709,4.79,3,2,2,2,0.75,0.2,1.0,0.361,0.364,119,0.0,0.275,11,15,0,3,0,123604
2026-09-27 03:48:16,"Sun, 27 Sep 2026 03:48:05 GMT",15,3406,1.0,9.3,night,75.2,302,2324,6.39,2,2,1,2,1.0,0.33,0.0,0.698,0.861,161,0.0,0.152,4,6,0,1,0,141664
2026-09-27 03:48:52,"Sun, 27 Sep 2026 03:48:49 GMT",470,2,6.9,11.2,night,75.6,6507,17972,3.2,193,91,45,7,0.61,0.42,0.43,0.277,0.279,178,0.0,0.06,13,455,0,0,0,85094
2026-09-27 03:49:15,"Sun, 27 Sep 2026 03:49:04 GMT",470,3,5.4,11.1,night,74.9,3884,14028,3.21,165,88,41,6,0.67,0.59,0.6,0.287,0.279,181,0.0,0.116,5,278,0,0,0,84243
2026-09-27 03:50:02,"Sun, 27 Sep 2026 03:49:50 GMT",18,2828,1.1,5.4,night,48.1,73,3171,4.57,1,0,1,1,1.0,1.0,0.0,0.302,0.704,144,0.0,0.18,1,1,0,0,0,109286
2026-09-27 03:50:13,"Sun, 27 Sep 2026 03:50:06 GMT",8,3529,1.2,8.3,night,75.6,129,1372,6.14,2,1,1,2,1.0,0.67,0.0,0.948,0.861,131,0.0,0.147,2,3,0,0,0,144609
2026-09-27 03:51:12,"Sun, 27 Sep 2026 03:51:06 GMT",15,3407,1.9,8.4,night,74.8,343,5646,6.25,2,2,1,2,1.0,0.17,0.0,0.708,0.824,152,0.0,0.069,8,12,0,0,0,139800
2026-09-27 03:52:00,"Sun, 27 Sep 2026 03:51:49 GMT",458,4,8.0,8.9,night,69.3,7309,14021,3.27,316,114,26,18,0.68,0.64,0.65,0.891,0.186,255,0.03,0.08,12,492,0,0,1,78748
2026-09-27 03:52:11,"Sun, 27 Sep 2026 03:52:05 GMT",458,5,5.9,9.1,night,70.1,5130,10318,3.31,275,16,25,17,0.65,0.8,0.81,0.896,0.191,255,0.02,0.134,13,345,0,0,1,79016
2026-09-27 03:52:58,"Sun, 27 Sep 2026 03:52:51 GMT",8,3530,3.2,7.8,night,75.7,1360,14989,4.91,5,3,4,3,0.42,0.14,0.62,0.033,0.541,199,0.0,0.092,23,36,0,0,0,120104
2026-09-27 03:53:10,"Sun, 27 Sep 2026 03:53:05 GMT",8,3531,1.4,8.0,night,76.9,198,3954,6.14,1,1,1,1,1.0,0.33,0.0,0.823,0.87,142,0.0,0.197,3,3,0,0,0,144978
2026-09-27 03:53:57,"Sun, 27 Sep 2026 03:53:51 GMT",15,3408,3.3,8.7,night,76.5,1842,8497,6.28,15,13,5,8,0.38,0.15,0.18,0.11,0.402,55,0.0,0.07,26,103,0,1,0,139617
2026-09-27 03:54:09,"Sun, 27 Sep 2026 03:54:06 GMT",15,3409,2.6,8.7,night,76.7,424,7751,6.04,3,3,3,1,1.0,0.2,0.33,0.594,0.852,167,0.0,0.114,9,15,0,1,0,138469
2026-09-27 03:54:56,"Sun, 27 Sep 2026 03:54:54 GMT",458,6,7.0,11.7,night,52.7,3971,20286,3.53,195,33,20,15,0.65,0.75,0.77,0.916,0.228,255,0.09,0.182,12,261,0,0,1,136837
2026-09-27 03:55:20,"Sun, 27 Sep 2026 03:55:09 GMT",458,7,5.3,11.2,night,52.8,2593,13874,3.54,139,14,18,10,0.77,0.8,0.83,0.918,0.253,255,0.09,0.236,9,173,0,25,0,135301
2026-09-27 03:59:34,"Sun, 27 Sep 2026 03:59:06 GMT",8,3532,7.7,10.4,night,83.7,5883,9717,5.98,386,8,54,12,0.6,0.97,0.97,0.738,0.439,227,0.0,0.07,3,397,0,0,0,147788
2026-09-27 03:59:59,"Sun, 27 Sep 2026 03:59:52 GMT",261,11,6.7,8.3,night,88.5,7800,23567,6.61,473,31,65,13,0.56,0.84,0.87,0.322,0.39,175,0.0,0.223,26,561,0,76,0,148299
2026-09-27 04:00:12,"Sun, 27 Sep 2026 04:00:05 GMT",449,6,8.0,10.4,day,33.9,8088,17419,3.49,259,230,50,8,0.65,0.46,0.47,0.389,0.682,149,0.0,0.206,19,569,0,0,0,95904
2026-09-27 04:01:00,"Sun, 27 Sep 2026 04:00:50 GMT",429,4,7.7,11.7,day,46.5,11213,18325,3.63,303,248,27,18,0.62,0.39,0.4,0.877,0.195,255,0.08,0.166,25,770,0,0,0,85936
2026-09-27 04:01:12,"Sun, 27 Sep 2026 04:01:05 GMT",429,5,5.4,11.9,day,46.3,6271,15243,3.62,214,89,26,12,0.69,0.52,0.55,0.885,0.218,255,0.02,0.217,34,414,0,0,1,84393
2026-09-27 04:02:00,"Sun, 27 Sep 2026 04:01:55 GMT",296,14,6.3,12.0,day,83.8,3133,21033,5.67,36,19,34,2,0.53,0.22,0.27,0.722,0.354,183,0.0,0.249,45,167,0,55,0,137756
2026-09-27 04:03:02,"Sun, 27 Sep 2026 04:02:55 GMT",261,12,8.3,12.0,day,63.9,7491,19560,5.61,356,174,42,13,0.65,0.67,0.67,0.172,0.401,208,0.0,0.249,6,534,0,124,0,159258
2026-09-27 04:03:14,"Sun, 27 Sep 2026 04:03:11 GMT",472,5,8.6,9.3,day,44.0,12765,38864,3.86,491,151,67,14,0.52,0.58,0.62,0.219,0.121,197,0.0,0.065,62,851,0,0,0,90004
2026-09-27 04:04:02,"Sun, 27 Sep 2026 04:03:53 GMT",429,6,8.5,11.3,day,52.8,8060,14730,4.05,395,106,43,19,0.48,0.72,0.73,0.835,0.16,255,0.01,0.205,19,551,0,0,0,96508
2026-09-27 04:04:15,"Sun, 27 Sep 2026 04:04:07 GMT",119,117,7.0,10.2,day,44.8,7538,26340,4.34,392,100,80,10,0.49,0.72,0.75,0.39,0.42,235,0.0,0.354,29,545,1,246,0,165475
2026-09-27 04:05:04,"Sun, 27 Sep 2026 04:04:58 GMT",296,15,6.0,14.4,day,66.8,5194,15253,5.48,338,2,54,12,0.52,0.97,1.0,0.745,0.429,216,0.0,0.351,8,350,0,268,0,194474
2026-09-27 04:05:17,"Sun, 27 Sep 2026 04:05:09 GMT",490,2,7.1,15.6,day,68.2,2826,24951,5.68,42,38,13,7,0.46,0.23,0.25,0.932,0.338,211,0.0,0.06,25,182,0,0,0,177077
2026-09-27 04:05:54,"Sun, 27 Sep 2026 04:05:52 GMT",465,2,7.8,9.4,day,48.7,9215,36063,2.83,366,87,58,14,0.45,0.55,0.59,0.301,0.409,220,0.0,0.06,69,668,0,0,0,133384
2026-09-27 04:06:06,"Sun, 27 Sep 2026 04:05:52 GMT",465,3,5.5,9.4,day,48.7,3870,23156,2.83,134,31,38,10,0.35,0.48,0.53,0.432,0.388,220,0.0,0.116,35,280,0,0,0,133384
2026-09-27 04:06:18,"Sun, 27 Sep 2026 04:06:08 GMT",472,6,5.8,9.1,day,48.1,6169,25199,4.29,355,6,65,13,0.42,0.91,0.95,0.217,0.145,178,0.0,0.118,20,392,0,0,0,92009
2026-09-27 04:07:08,"Sun, 27 Sep 2026 04:06:56 GMT",442,13,8.2,8.7,day,63.9,7080,17583,4.37,158,112,52,7,0.43,0.32,0.33,0.283,0.296,255,0.02,0.204,16,494,0,77,0,98112
2026-09-27 04:07:20,"Sun, 27 Sep 2026 04:07:18 GMT",119,118,6.5,11.5,day,54.5,4878,19337,4.89,342,3,76,8,0.56,0.97,0.99,0.39,0.419,255,0.04,0.409,8,352,12,257,0,167379
2026-09-27 04:07:32,"Sun, 27 Sep 2026 04:07:18 GMT",119,119,4.6,11.5,day,54.5,3478,10912,4.89,196,3,59,6,0.55,0.95,0.98,0.482,0.412,255,0.03,0.526,7,207,42,241,0,167379
2026-09-27 04:07:57,"Sun, 27 Sep 2026 04:07:51 GMT",296,16,7.3,14.4,day,64.5,5796,19706,5.02,363,6,54,13,0.52,0.93,0.96,0.735,0.435,220,0.0,0.382,15,391,0,316,0,171227
2026-09-27 04:08:09,"Sun, 27 Sep 2026 04:08:06 GMT",490,3,7.7,17.1,day,68.0,2515,29461,5.61,21,7,7,7,0.43,0.18,0.26,0.473,0.922,126,0.0,0.09,44,115,0,0,0,160810
2026-09-27 04:09:11,"Sun, 27 Sep 2026 04:09:05 GMT",472,7,3.8,8.6,day,51.1,3121,12818,4.74,126,33,52,5,0.48,0.64,0.73,0.341,0.189,165,0.0,0.171,21,197,0,0,0,103384
2026-09-27 04:10:00,"Sun, 27 Sep 2026 04:09:50 GMT",442,14,4.5,8.8,day,65.0,2533,8547,4.4,68,43,18,5,0.76,0.4,0.4,0.915,0.304,250,0.01,0.232,11,171,0,56,1,96403
2026-09-27 04:10:12,"Sun, 27 Sep 2026 04:10:10 GMT",119,120,4.4,11.4,day,57.1,2819,11181,5.07,25,22,16,5,0.31,0.19,0.21,0.355,0.396,243,0.0,0.514,20,131,84,202,0,163985
2026-09-27 04:21:48,"Sun, 27 Sep 2026 04:21:05 GMT",464,7,5.0,9.6,day,72.7,6285,13946,5.75,206,192,26,16,0.5,0.5,0.52,0.882,0.15,255,0.12,0.154,16,415,0,11,1,152792
2026-09-27 04:22:00,"Sun, 27 Sep 2026 04:21:52 GMT",119,121,6.2,9.3,day,60.0,5819,28016,7.82,33,28,20,5,0.33,0.13,0.17,0.266,0.396,254,0.3,0.525,65,262,105,209,0,234255
2026-09-27 04:24:16,"Sun, 27 Sep 2026 04:24:00 GMT",472,8,4.3,8.2,day,71.1,2035,10509,7.61,80,41,31,4,0.65,0.58,0.62,0.598,0.673,252,0.01,0.162,12,138,0,7,1,187539
2026-09-27 04:26:17,"Sun, 27 Sep 2026 04:26:06 GMT",463,11,7.4,13.9,day,58.3,9095,32211,8.37,350,43,63,12,0.46,0.61,0.68,0.398,0.368,254,0.01,0.263,71,570,0,147,0,227782
2026-09-27 04:27:17,"Sun, 27 Sep 2026 04:27:06 GMT",464,8,3.1,11.5,day,76.7,2215,7879,6.06,91,15,22,9,0.46,0.61,0.64,0.91,0.234,251,0.08,0.16,14,150,0,5,0,161998
2026-09-27 04:28:05,"Sun, 27 Sep 2026 04:27:53 GMT",119,122,4.7,9.3,day,63.1,3946,23240,8.81,10,9,3,6,0.56,0.09,0.16,0.28,0.883,113,0.0,0.164,52,107,127,183,0,238537
2026-09-27 04:28:18,"Sun, 27 Sep 2026 04:28:13 GMT",492,2,1.1,12.3,day,64.4,348,1676,9.2,3,2,3,2,0.5,0.43,1.0,0.094,0.864,127,0.0,0.06,4,7,0,0,0,246351
2026-09-27 04:29:06,"Sun, 27 Sep 2026 04:28:52 GMT",493,2,1.7,12.6,day,70.2,2703,5776,9.61,24,20,8,7,0.43,0.14,0.19,0.691,0.451,237,0.0,0.06,43,167,0,0,0,236088
2026-09-27 04:29:18,"Sun, 27 Sep 2026 04:29:07 GMT",463,12,5.7,14.2,day,60.5,6937,23631,9.19,352,16,63,16,0.35,0.76,0.81,0.399,0.356,254,0.04,0.291,36,464,0,208,0,223704
2026-09-27 04:30:07,"Sun, 27 Sep 2026 04:29:55 GMT",464,9,3.2,10.5,day,71.6,1381,6743,5.54,62,26,21,7,0.42,0.65,0.68,0.862,0.332,255,0.03,0.139,6,95,0,1,0,141570
2026-09-27 04:30:19,"Sun, 27 Sep 2026 04:30:06 GMT",464,10,2.4,10.8,day,72.3,437,4117,5.63,23,0,7,5,0.66,1.0,1.0,0.803,0.335,255,0.09,0.218,1,23,0,3,0,144073
2026-09-27 04:30:55,"Sun, 27 Sep 2026 04:30:52 GMT",119,123,3.3,9.7,day,69.5,3160,19621,9.77,15,12,8,5,0.38,0.12,0.2,0.493,0.678,212,0.0,0.13,44,121,62,99,0,251962
2026-09-27 04:31:20,"Sun, 27 Sep 2026 04:31:07 GMT",492,3,1.8,12.6,day,67.1,2044,5064,9.62,52,29,13,8,0.5,0.45,0.54,0.882,0.933,217,0.0,0.06,20,116,0,0,0,249685
2026-09-27 04:38:12,"Sun, 27 Sep 2026 04:38:08 GMT",463,13,7.3,14.7,day,75.6,8803,27349,12.94,190,121,31,12,0.51,0.29,0.32,0.674,0.913,248,0.0,0.19,64,649,0,148,0,296230
2026-09-27 04:39:15,"Sun, 27 Sep 2026 04:39:07 GMT",464,11,7.1,7.2,day,77.8,4074,24670,7.52,85,28,25,8,0.42,0.34,0.4,0.813,0.313,255,0.25,0.158,43,247,0,5,0,199369
2026-09-27 04:40:10,"Sun, 27 Sep 2026 04:40:06 GMT",492,4,7.2,12.9,day,78.6,6130,16450,12.74,302,47,58,11,0.47,0.69,0.72,0.72,0.927,248,0.0,0.075,24,438,0,0,0,304526
2026-09-27 04:41:00,"Sun, 27 Sep 2026 04:40:53 GMT",463,14,8.6,15.1,day,81.3,12133,32467,14.24,380,212,48,19,0.42,0.42,0.44,0.771,0.852,250,0.0,0.164,65,915,0,201,0,314120
2026-09-27 04:41:13,"Sun, 27 Sep 2026 04:41:08 GMT",472,9,8.3,10.7,day,82.0,9168,34267,9.72,242,49,55,12,0.37,0.38,0.41,0.61,0.866,238,0.0,0.061,65,645,0,4,0,227622
2026-09-27 04:42:03,"Sun, 27 Sep 2026 04:41:52 GMT",466,2,8.1,10.7,day,80.3,10542,29649,6.87,420,126,37,30,0.38,0.61,0.65,0.833,0.185,255,0.1,0.06,49,690,0,0,0,184852
2026-09-27 04:42:16,"Sun, 27 Sep 2026 04:42:05 GMT",466,3,6.0,11.2,day,80.2,7107,20629,6.69,302,71,35,25,0.35,0.65,0.69,0.859,0.153,255,0.1,0.116,32,467,0,0,0,180165
2026-09-27 04:43:05,"Sun, 27 Sep 2026 04:42:52 GMT",492,5,8.9,14.0,day,85.7,9260,23649,14.25,471,59,60,22,0.36,0.67,0.7,0.741,0.887,250,0.0,0.108,40,703,0,0,0,321705
2026-09-27 04:43:31,"Sun, 27 Sep 2026 04:43:18 GMT",492,6,6.7,14.1,day,86.0,8044,16034,14.52,382,33,60,22,0.29,0.63,0.66,0.764,0.894,249,0.0,0.163,43,608,0,0,0,323440
2026-09-27 04:43:56,"Sun, 27 Sep 2026 04:43:53 GMT",463,15,9.3,15.3,day,87.1,13698,39738,14.8,242,194,33,17,0.43,0.23,0.24,0.676,0.898,249,0.0,0.25,68,1034,0,214,0,316600
2026-09-27 04:44:09,"Sun, 27 Sep 2026 04:44:05 GMT",472,10,5.5,10.3,day,71.9,3742,19915,8.71,88,19,23,11,0.35,0.37,0.42,0.588,0.852,230,0.0,0.116,37,236,0,1,1,197227
2026-09-27 04:44:59,"Sun, 27 Sep 2026 04:44:51 GMT",466,4,6.7,13.3,day,76.0,6037,24344,6.31,142,75,45,9,0.35,0.35,0.37,0.263,0.24,226,0.0,0.132,33,406,0,0,0,171819
2026-09-27 04:46:02,"Sun, 27 Sep 2026 04:45:53 GMT",492,7,8.1,15.4,day,89.9,10437,25203,15.27,297,199,36,21,0.39,0.37,0.39,0.843,0.883,248,0.0,0.205,60,807,0,2,0,337376
2026-09-27 04:47:30,"Sun, 27 Sep 2026 04:47:24 GMT",472,11,4.9,9.8,day,78.7,3439,21255,9.98,50,23,15,9,0.37,0.26,0.35,0.582,0.836,247,0.0,0.162,49,189,0,4,1,233151
2026-09-27 04:48:08,"Sun, 27 Sep 2026 04:47:57 GMT",466,5,8.8,16.0,day,74.8,9925,31514,5.41,378,256,41,33,0.28,0.53,0.54,0.751,0.312,255,0.12,0.116,16,716,0,0,0,146745
2026-09-27 04:49:00,"Sun, 27 Sep 2026 04:48:53 GMT",492,8,7.5,16.9,day,92.2,10803,33825,15.9,290,133,57,14,0.36,0.37,0.4,0.269,0.095,249,0.0,0.08,83,782,0,76,0,341766
2026-09-27 04:49:25,"Sun, 27 Sep 2026 04:49:16 GMT",496,2,4.1,11.5,day,102.6,9767,20254,15.86,340,117,51,15,0.44,0.47,0.52,0.434,0.908,251,0.0,0.06,78,721,0,0,0,328073
2026-09-27 04:54:36,"Sun, 27 Sep 2026 04:54:08 GMT",497,2,7.8,17.2,day,103.1,15401,31472,16.38,309,269,35,23,0.38,0.26,0.28,0.521,0.761,253,0.02,0.06,84,1175,0,0,0,352515
2026-09-27 04:55:01,"Sun, 27 Sep 2026 04:54:52 GMT",496,3,5.9,12.1,day,109.5,13147,25707,15.47,437,97,52,25,0.34,0.44,0.47,0.406,0.844,251,0.01,0.096,84,983,0,0,0,317295
2026-09-27 04:55:13,"Sun, 27 Sep 2026 04:55:07 GMT",496,4,4.8,12.5,day,103.9,10140,22799,14.86,424,69,67,15,0.42,0.57,0.61,0.356,0.888,254,0.02,0.148,79,750,0,0,0,315038
2026-09-27 04:56:01,"Sun, 27 Sep 2026 04:55:52 GMT",472,12,6.8,11.1,day,83.6,5243,25913,9.75,36,27,14,7,0.37,0.11,0.12,0.766,0.804,243,0.0,0.141,52,324,0,2,0,226643
2026-09-27 04:56:14,"Sun, 27 Sep 2026 04:56:07 GMT",472,13,4.5,10.9,day,83.1,2368,13514,9.82,18,17,8,5,0.45,0.14,0.18,0.749,0.816,246,0.0,0.193,31,128,0,3,0,228119
2026-09-27 04:57:02,"Sun, 27 Sep 2026 04:56:53 GMT",497,3,7.1,15.9,day,88.7,13321,29294,14.91,582,80,71,27,0.3,0.56,0.59,0.365,0.734,254,0.03,0.101,70,1038,0,0,0,333163
2026-09-27 04:57:14,"Sun, 27 Sep 2026 04:57:07 GMT",497,4,5.8,17.1,day,103.4,10127,26313,16.4,315,81,63,17,0.29,0.42,0.45,0.318,0.665,253,0.13,0.153,68,750,0,0,0,353193
2026-09-27 04:58:02,"Sun, 27 Sep 2026 04:57:52 GMT",496,5,5.8,12.7,day,96.9,11632,23850,14.91,492,75,60,24,0.34,0.58,0.62,0.422,0.847,253,0.01,0.174,80,855,0,0,0,320387
2026-09-27 04:58:14,"Sun, 27 Sep 2026 04:58:07 GMT",496,6,4.1,12.5,day,98.4,10177,21468,14.83,416,102,50,24,0.35,0.54,0.59,0.406,0.864,251,0.02,0.228,71,771,0,0,1,319139
2026-09-27 05:00:02,"Sun, 27 Sep 2026 04:59:52 GMT",497,5,5.5,17.2,day,111.2,9821,24991,15.87,137,69,22,13,0.48,0.21,0.24,0.411,0.634,254,0.3,0.161,94,653,0,0,1,342834
2026-09-27 05:00:14,"Sun, 27 Sep 2026 05:00:07 GMT",497,6,4.1,17.6,day,109.4,9644,23026,15.8,389,69,53,18,0.41,0.53,0.57,0.344,0.713,255,0.28,0.171,66,734,0,0,0,340461
2026-09-27 05:01:15,"Sun, 27 Sep 2026 05:01:01 GMT",496,7,6.7,10.7,day,95.2,11025,23270,13.59,467,84,65,18,0.4,0.59,0.64,0.456,0.896,251,0.01,0.244,74,790,0,283,0,300892
2026-09-27 05:02:04,"Sun, 27 Sep 2026 05:01:55 GMT",472,14,4.7,10.5,day,80.3,2907,15221,9.52,36,32,15,5,0.48,0.22,0.25,0.573,0.817,238,0.0,0.231,32,167,0,19,0,226457
2026-09-27 05:03:03,"Sun, 27 Sep 2026 05:03:00 GMT",497,7,4.8,15.0,day,104.2,8342,22241,15.07,246,63,32,15,0.51,0.42,0.46,0.465,0.706,254,0.39,0.205,71,588,0,139,1,333867
2026-09-27 05:04:05,"Sun, 27 Sep 2026 05:03:55 GMT",496,8,6.3,9.7,day,98.3,11004,24388,13.78,466,81,68,15,0.46,0.58,0.64,0.5,0.91,253,0.04,0.281,96,808,0,355,0,303434
2026-09-27 05:05:06,"Sun, 27 Sep 2026 05:04:52 GMT",472,15,3.3,9.5,day,78.5,2122,9632,9.89,32,25,7,7,0.65,0.27,0.35,0.959,0.053,251,0.06,0.164,32,120,0,17,0,235429
2026-09-27 05:05:29,"Sun, 27 Sep 2026 05:05:17 GMT",499,2,4.9,8.5,day,65.7,1559,9874,5.24,65,12,18,20,0.18,0.59,0.62,0.698,0.277,254,0.26,0.06,12,110,0,0,0,138739
2026-09-27 05:12:02,"Sun, 27 Sep 2026 05:10:56 GMT",499,3,3.4,12.3,day,65.7,2561,6838,4.64,154,5,26,26,0.23,0.88,0.92,0.72,0.179,255,0.33,0.082,11,176,0,0,0,120734
2026-09-27 05:12:39,"Sun, 27 Sep 2026 05:12:30 GMT",497,8,6.8,14.8,day,110.6,13674,31877,14.91,364,80,71,16,0.32,0.37,0.39,0.549,0.689,255,0.49,0.243,95,997,0,186,0,332632
2026-09-27 05:13:05,"Sun, 27 Sep 2026 05:12:54 GMT",500,2,7.9,13.6,day,97.4,17389,35260,13.64,408,382,62,22,0.3,0.32,0.33,0.416,0.385,255,0.24,0.06,87,1285,0,0,0,296734
2026-09-27 05:13:17,"Sun, 27 Sep 2026 05:13:08 GMT",500,3,5.4,12.6,day,100.5,13555,27650,13.65,350,246,43,16,0.51,0.35,0.37,0.64,0.886,252,0.05,0.11,81,1008,0,0,0,298764
2026-09-27 05:14:08,"Sun, 27 Sep 2026 05:14:06 GMT",499,4,3.8,13.0,day,65.4,2835,8024,4.73,162,6,25,23,0.28,0.89,0.96,0.722,0.162,255,0.26,0.123,13,183,0,0,0,125138
2026-09-27 05:14:20,"Sun, 27 Sep 2026 05:14:06 GMT",499,5,2.7,13.0,day,65.4,1926,5244,4.73,123,6,19,21,0.31,0.9,0.95,0.724,0.151,255,0.3,0.181,7,136,0,0,1,125138
2026-09-27 05:16:38,"Sun, 27 Sep 2026 05:16:25 GMT",500,4,8.8,9.8,day,97.7,18254,32522,12.71,598,224,55,28,0.39,0.42,0.44,0.693,0.811,252,0.06,0.121,85,1429,0,0,0,292343
2026-09-27 05:17:03,"Sun, 27 Sep 2026 05:16:58 GMT",499,6,2.6,13.2,day,65.8,2323,6560,4.79,137,2,22,23,0.27,0.93,1.0,0.704,0.162,255,0.26,0.194,9,148,0,0,0,125565
2026-09-27 05:17:15,"Sun, 27 Sep 2026 05:17:08 GMT",499,7,2.0,13.1,day,65.3,1628,4724,4.78,85,24,20,18,0.24,0.73,0.73,0.701,0.2,255,0.08,0.234,5,117,0,33,0,125284
2026-09-27 05:18:18,"Sun, 27 Sep 2026 05:18:05 GMT",502,2,3.3,11.1,day,99.2,8627,20633,16.21,121,91,22,11,0.5,0.22,0.24,0.889,0.931,254,0.7,0.06,87,560,0,0,0,349954
2026-09-27 05:20:00,"Sun, 27 Sep 2026 05:19:51 GMT",499,8,2.2,12.9,day,66.6,1814,4921,4.92,98,29,22,20,0.22,0.74,0.75,0.693,0.195,255,0.08,0.237,6,133,0,60,0,130384
2026-09-27 05:20:12,"Sun, 27 Sep 2026 05:20:05 GMT",499,9,1.6,12.9,day,66.7,1260,3906,4.93,67,18,19,16,0.22,0.73,0.75,0.693,0.184,255,0.1,0.275,6,92,0,51,0,130267
2026-09-27 05:21:02,"Sun, 27 Sep 2026 05:20:53 GMT",502,3,4.0,11.7,day,100.9,8103,20398,16.56,140,47,23,10,0.61,0.26,0.3,0.885,0.926,255,0.71,0.105,89,534,0,0,0,356497
2026-09-27 05:21:27,"Sun, 27 Sep 2026 05:21:24 GMT",502,4,2.9,11.8,day,101.2,6012,16619,16.65,148,73,23,11,0.58,0.38,0.44,0.883,0.924,255,0.77,0.152,60,386,0,0,1,356824
2026-09-27 05:22:05,"Sun, 27 Sep 2026 05:21:53 GMT",500,5,8.5,12.8,day,100.7,18180,34050,13.26,404,275,55,18,0.41,0.28,0.3,0.533,0.887,251,0.04,0.176,86,1420,0,0,0,300769
2026-09-27 05:22:17,"Sun, 27 Sep 2026 05:22:06 GMT",472,16,5.7,8.6,day,84.7,5511,17226,10.29,83,62,21,9,0.44,0.23,0.26,0.15,0.831,227,0.0,0.071,52,356,0,25,1,241638
2026-09-27 05:23:08,"Sun, 27 Sep 2026 05:22:59 GMT",499,10,2.2,12.3,day,68.4,1574,4888,4.98,85,19,20,17,0.25,0.77,0.82,0.687,0.178,255,0.07,0.263,8,111,0,50,0,131667
2026-09-27 05:29:18,"Sun, 27 Sep 2026 05:29:16 GMT",499,11,3.7,12.2,day,69.8,2219,6683,5.01,122,13,21,16,0.36,0.79,0.84,0.687,0.124,255,0.14,0.259,12,154,0,59,1,132828
2026-09-27 05:29:29,"Sun, 27 Sep 2026 05:29:16 GMT",499,12,2.6,12.2,day,69.8,1326,4085,5.01,87,3,18,15,0.32,0.9,0.94,0.688,0.113,255,0.17,0.298,6,97,0,43,1,132828
2026-09-27 05:30:05,"Sun, 27 Sep 2026 05:29:54 GMT",502,5,6.4,11.2,day,105.3,11084,29050,17.76,386,18,74,10,0.52,0.53,0.58,0.626,0.928,255,0.44,0.147,95,730,0,0,0,376129
2026-09-27 05:31:30,"Sun, 27 Sep 2026 05:31:28 GMT",472,17,6.2,8.1,day,86.9,5698,17962,10.46,82,64,17,9,0.54,0.22,0.26,0.257,0.823,244,0.0,0.113,65,373,0,41,0,245796
2026-09-27 05:32:18,"Sun, 27 Sep 2026 05:32:12 GMT",499,13,3.4,11.1,day,73.7,1416,5221,5.3,46,12,10,10,0.46,0.48,0.51,0.719,0.118,254,0.02,0.356,9,95,0,38,1,139944
2026-09-27 05:33:06,"Sun, 27 Sep 2026 05:32:53 GMT",504,2,4.7,12.3,day,108.8,13373,27740,15.88,392,172,55,15,0.48,0.39,0.42,0.415,0.894,255,0.71,0.06,93,1000,0,0,0,326023
2026-09-27 05:33:18,"Sun, 27 Sep 2026 05:33:07 GMT",504,3,6.8,13.6,day,104.8,14556,27330,16.34,440,331,66,15,0.44,0.39,0.42,0.457,0.897,254,0.15,0.11,86,1116,0,0,0,335140
2026-09-27 05:33:55,"Sun, 27 Sep 2026 05:33:51 GMT",472,18,4.2,7.7,day,84.9,4462,14703,10.49,97,25,39,8,0.31,0.33,0.41,0.448,0.803,239,0.0,0.212,64,298,0,52,0,243707
2026-09-27 05:34:20,"Sun, 27 Sep 2026 05:34:07 GMT",472,19,3.1,7.9,day,84.8,2344,9965,10.58,15,9,10,3,0.5,0.11,0.16,0.706,0.66,191,0.0,0.216,47,131,0,30,0,245074
2026-09-27 05:35:32,"Sun, 27 Sep 2026 05:35:27 GMT",505,2,2.1,12.3,day,111.4,17256,35853,15.25,619,125,65,24,0.4,0.5,0.55,0.307,0.764,255,0.41,0.06,146,1248,0,0,0,339259
2026-09-27 05:35:57,"Sun, 27 Sep 2026 05:35:53 GMT",504,4,6.6,14.3,day,111.0,16839,31586,16.71,574,248,74,18,0.43,0.44,0.47,0.473,0.886,254,0.16,0.139,100,1297,0,0,0,349462
2026-09-27 05:36:09,"Sun, 27 Sep 2026 05:36:07 GMT",504,5,5.0,13.8,day,110.5,13919,28339,16.79,469,119,63,23,0.32,0.45,0.48,0.466,0.886,253,0.11,0.189,94,1046,0,0,0,346702
2026-09-27 05:36:21,"Sun, 27 Sep 2026 05:36:07 GMT",504,6,3.5,13.8,day,110.5,9523,21949,16.79,341,67,61,20,0.28,0.49,0.54,0.481,0.896,253,0.13,0.244,72,698,0,0,0,346702
2026-09-27 05:37:22,"Sun, 27 Sep 2026 05:37:05 GMT",472,20,2.6,7.5,day,85.4,2312,9364,10.44,18,11,10,4,0.45,0.14,0.21,0.095,0.792,205,0.0,0.178,50,127,0,33,0,242194
2026-09-27 05:38:10,"Sun, 27 Sep 2026 05:37:53 GMT",505,3,3.8,11.7,day,111.6,16663,36177,15.93,385,106,46,22,0.38,0.33,0.36,0.432,0.78,255,0.48,0.095,120,1173,0,0,0,351302
2026-09-27 05:39:23,"Sun, 27 Sep 2026 05:39:10 GMT",505,4,3.1,11.9,day,112.5,12011,29922,15.75,228,73,36,20,0.32,0.3,0.33,0.457,0.735,255,0.72,0.146,90,758,0,0,1,349211
2026-09-27 05:39:59,"Sun, 27 Sep 2026 05:39:53 GMT",472,21,2.5,7.3,day,86.0,2102,9017,10.5,11,10,9,4,0.31,0.12,0.2,0.751,0.803,236,0.0,0.306,45,95,0,28,0,245466
2026-09-27 05:40:11,"Sun, 27 Sep 2026 05:40:06 GMT",499,14,7.6,10.4,day,85.3,3259,24768,5.75,68,44,10,12,0.57,0.31,0.34,0.721,0.096,255,0.09,0.359,25,216,0,50,0,149544
2026-09-27 05:40:58,"Sun, 27 Sep 2026 05:40:52 GMT",505,5,4.7,12.0,day,113.1,12105,29631,15.8,360,40,64,19,0.3,0.43,0.48,0.543,0.7,255,0.57,0.164,94,833,0,0,0,350663
2026-09-27 05:46:27,"Sun, 27 Sep 2026 05:46:07 GMT",472,22,3.7,7.3,day,87.0,19035,32986,9.52,1108,290,96,54,0.21,0.7,0.73,0.381,0.663,254,0.0,0.116,58,1572,0,60,0,225843
2026-09-27 05:47:40,"Sun, 27 Sep 2026 05:47:24 GMT",505,6,5.9,11.6,day,114.5,13365,31954,16.05,297,279,68,22,0.2,0.3,0.32,0.614,0.559,255,0.29,0.14,76,988,0,0,0,356149
2026-09-27 05:48:04,"Sun, 27 Sep 2026 05:47:53 GMT",504,7,9.8,10.5,day,116.1,21409,45155,18.36,413,316,35,26,0.45,0.25,0.26,0.82,0.807,255,0.26,0.114,94,1670,0,302,0,380235
2026-09-27 05:49:43,"Sun, 27 Sep 2026 05:49:29 GMT",499,15,8.4,11.5,day,93.0,5319,32959,6.83,111,81,13,17,0.5,0.33,0.36,0.712,0.106,255,0.13,0.362,34,338,0,78,0,173330
2026-09-27 05:50:07,"Sun, 27 Sep 2026 05:49:53 GMT",505,7,4.9,11.2,day,115.3,11213,28495,16.06,182,105,31,15,0.39,0.22,0.24,0.453,0.729,255,0.71,0.243,96,813,0,142,1,359428
2026-09-27 05:50:56,"Sun, 27 Sep 2026 05:50:45 GMT",492,9,8.8,11.0,day,112.8,35440,57198,19.95,3077,19,96,54,0.59,0.97,0.98,0.525,0.536,255,0.27,0.1,32,3167,0,171,0,410373
2026-09-27 05:52:10,"Sun, 27 Sep 2026 05:52:06 GMT",499,16,6.5,11.0,day,92.1,3669,22364,6.99,86,66,11,13,0.6,0.39,0.44,0.712,0.083,253,0.07,0.39,30,223,3,75,0,176382
2026-09-27 05:52:58,"Sun, 27 Sep 2026 05:52:53 GMT",492,10,6.7,10.9,day,114.0,24866,50908,19.67,1349,49,96,40,0.35,0.72,0.77,0.605,0.643,255,0.33,0.173,151,1886,0,206,0,403674
2026-09-27 05:53:11,"Sun, 27 Sep 2026 05:53:08 GMT",492,11,4.6,10.6,day,113.9,13054,41891,19.9,159,39,26,10,0.61,0.24,0.31,0.874,0.927,255,0.67,0.368,174,669,0,210,0,411292
2026-09-27 05:54:01,"Sun, 27 Sep 2026 05:53:52 GMT",506,2,5.0,13.1,day,104.1,15692,31558,15.78,523,222,72,32,0.23,0.44,0.47,0.567,0.553,254,0.09,0.06,104,1195,0,0,0,347760
2026-09-27 05:54:13,"Sun, 27 Sep 2026 05:54:08 GMT",506,3,3.2,12.9,day,105.1,11364,25856,16.11,205,169,31,16,0.41,0.25,0.28,0.402,0.412,253,0.05,0.096,94,811,0,0,0,351281
2026-09-27 05:55:26,"Sun, 27 Sep 2026 05:55:16 GMT",499,17,5.5,10.8,day,93.1,3104,17964,7.14,68,49,19,10,0.36,0.4,0.47,0.371,0.899,176,0.0,0.123,27,171,10,63,1,179771
2026-09-27 05:56:02,"Sun, 27 Sep 2026 05:55:54 GMT",492,12,3.1,10.7,day,117.1,8068,34721,20.37,141,33,25,11,0.51,0.39,0.48,0.878,0.925,255,0.74,0.405,82,361,0,199,1,411885
2026-09-27 05:56:14,"Sun, 27 Sep 2026 05:56:07 GMT",492,13,2.5,10.6,day,117.0,5185,22476,20.09,131,22,25,9,0.58,0.45,0.54,0.873,0.933,255,0.7,0.435,52,292,0,189,0,409606
2026-09-27 05:57:41,"Sun, 27 Sep 2026 05:57:26 GMT",506,4,3.9,12.1,day,105.9,11281,26658,16.28,203,160,30,19,0.36,0.25,0.28,0.412,0.438,253,0.06,0.139,103,801,0,0,1,355647
2026-09-27 06:00:11,"Sun, 27 Sep 2026 05:59:52 GMT",506,5,4.8,11.5,day,94.4,9669,25554,14.74,155,132,26,9,0.66,0.23,0.26,0.594,0.916,254,0.36,0.194,98,676,0,0,1,320929
2026-09-27 06:00:23,"Sun, 27 Sep 2026 06:00:16 GMT",472,23,4.1,6.4,day,87.6,7313,22267,10.81,111,57,32,12,0.29,0.21,0.24,0.627,0.719,253,0.02,0.184,73,526,0,75,0,251369
2026-09-27 06:01:01,"Sun, 27 Sep 2026 06:00:51 GMT",499,18,5.3,10.8,day,93.4,4474,16593,7.61,80,39,16,9,0.56,0.3,0.36,0.357,0.909,178,0.0,0.145,50,265,10,56,1,190985
2026-09-27 06:02:05,"Sun, 27 Sep 2026 06:01:59 GMT",492,14,2.7,10.8,day,117.0,4652,18617,20.06,135,19,25,11,0.49,0.51,0.57,0.878,0.93,255,0.82,0.442,40,267,0,181,1,412467
2026-09-27 06:03:10,"Sun, 27 Sep 2026 06:03:07 GMT",472,24,3.0,6.3,day,86.6,4814,17037,10.69,36,25,15,8,0.3,0.12,0.14,0.581,0.839,248,0.0,0.317,62,306,0,73,0,248897
2026-09-27 06:04:01,"Sun, 27 Sep 2026 06:03:51 GMT",499,19,4.9,10.2,day,95.2,3939,15167,7.83,74,40,14,9,0.59,0.36,0.45,0.358,0.914,177,0.0,0.181,46,205,8,53,1,195626
2026-09-27 06:04:39,"Sun, 27 Sep 2026 06:04:27 GMT",505,8,6.7,10.3,day,118.0,13775,34003,16.27,308,185,53,24,0.24,0.31,0.33,0.735,0.385,255,0.11,0.133,80,999,0,167,0,362471
2026-09-27 06:05:04,"Sun, 27 Sep 2026 06:04:52 GMT",492,15,2.0,9.9,day,120.0,4269,16006,20.24,136,20,25,9,0.6,0.53,0.59,0.877,0.932,255,0.69,0.47,38,258,0,189,0,414117
2026-09-27 06:05:17,"Sun, 27 Sep 2026 06:05:07 GMT",504,8,8.9,12.1,day,118.0,21090,45255,18.46,580,309,48,47,0.26,0.37,0.39,0.825,0.621,255,0.19,0.163,106,1588,0,335,0,385322
2026-09-27 06:06:08,"Sun, 27 Sep 2026 06:05:50 GMT",472,25,2.4,5.9,day,84.8,2581,11629,10.46,13,8,6,4,0.54,0.1,0.14,0.722,0.02,250,0.15,0.284,43,129,1,50,0,246469
2026-09-27 06:06:20,"Sun, 27 Sep 2026 06:06:11 GMT",472,26,1.8,6.0,day,86.0,1541,8538,10.76,6,5,6,1,1.0,0.1,0.16,0.786,0.63,251,0.17,0.44,31,62,0,28,0,252001
2026-09-27 06:06:58,"Sun, 27 Sep 2026 06:06:52 GMT",499,20,5.3,10.5,day,103.3,3535,20657,8.36,74,20,15,9,0.55,0.41,0.53,0.359,0.926,192,0.0,0.219,47,182,7,44,1,201799
2026-09-27 06:07:11,"Sun, 27 Sep 2026 06:07:08 GMT",505,9,6.0,10.4,day,118.8,11296,29525,16.08,141,113,25,16,0.35,0.17,0.19,0.487,0.731,255,0.79,0.301,95,810,0,188,1,362882
2026-09-27 06:08:02,"Sun, 27 Sep 2026 06:07:52 GMT",504,9,5.9,11.1,day,119.8,15863,36359,18.09,391,174,67,12,0.49,0.34,0.37,0.464,0.915,255,0.72,0.326,106,1144,0,412,0,373357
2026-09-27 06:08:14,"Sun, 27 Sep 2026 06:08:08 GMT",504,10,4.7,11.0,day,119.2,10679,28513,18.11,244,131,41,10,0.6,0.35,0.41,0.39,0.92,255,0.68,0.389,100,695,0,408,0,378808
2026-09-27 06:09:05,"Sun, 27 Sep 2026 06:08:50 GMT",472,27,1.9,6.1,day,87.0,1609,7954,10.71,13,8,6,4,0.54,0.16,0.24,0.743,0.828,247,0.0,0.338,29,80,1,49,0,251064
2026-09-27 06:09:18,"Sun, 27 Sep 2026 06:09:07 GMT",472,28,1.5,6.1,day,87.2,1118,5375,10.71,7,7,5,4,0.35,0.13,0.22,0.085,0.783,205,0.0,0.286,25,54,3,37,0,250976
2026-09-27 06:09:55,"Sun, 27 Sep 2026 06:09:52 GMT",505,10,4.9,10.2,day,99.3,9267,26800,13.15,276,84,41,17,0.4,0.42,0.46,0.429,0.742,254,0.28,0.279,77,656,0,220,0,306470
2026-09-27 06:10:20,"Sun, 27 Sep 2026 06:10:08 GMT",505,11,3.6,10.1,day,118.6,6704,21469,15.96,71,62,21,10,0.34,0.17,0.2,0.493,0.689,255,0.89,0.402,72,420,0,217,1,361989
2026-09-27 06:10:59,"Sun, 27 Sep 2026 06:10:53 GMT",504,11,3.1,10.8,day,121.0,8280,24911,18.19,226,47,43,11,0.48,0.42,0.46,0.386,0.919,255,0.75,0.418,66,536,0,367,0,383685
2026-09-27 06:11:11,"Sun, 27 Sep 2026 06:11:07 GMT",504,12,2.1,10.8,day,120.9,6809,19872,18.39,232,38,41,12,0.47,0.53,0.6,0.405,0.914,255,0.75,0.435,63,438,0,319,0,383174
2026-09-27 06:30:16,"Sun, 27 Sep 2026 06:30:09 GMT",376,59,9.4,11.4,day,98.5,17842,40780,10.03,281,233,42,11,0.61,0.22,0.23,0.182,0.086,202,0.0,0.192,97,1273,0,68,0,239550
2026-09-27 06:31:07,"Sun, 27 Sep 2026 06:30:53 GMT",492,16,4.0,9.8,day,121.1,10185,35698,20.07,108,38,24,9,0.5,0.25,0.34,0.876,0.942,255,0.35,0.526,125,425,0,170,0,414612
2026-09-27 06:31:20,"Sun, 27 Sep 2026 06:31:09 GMT",492,17,3.1,9.5,day,120.9,6377,29106,20.31,24,21,8,6,0.5,0.12,0.19,0.258,0.946,255,0.62,0.392,68,192,38,141,0,421453
2026-09-27 06:31:58,"Sun, 27 Sep 2026 06:31:53 GMT",506,6,7.5,12.9,day,109.5,19826,46822,17.65,574,172,67,39,0.22,0.41,0.45,0.525,0.277,255,0.3,0.133,138,1408,0,0,0,382139
2026-09-27 06:32:11,"Sun, 27 Sep 2026 06:32:07 GMT",472,29,7.3,7.9,day,98.0,7391,33983,12.39,75,51,16,11,0.43,0.16,0.18,0.566,0.881,239,0.0,0.184,81,474,6,51,0,278465
2026-09-27 06:33:02,"Sun, 27 Sep 2026 06:32:51 GMT",376,60,6.4,11.2,day,97.2,8950,31081,10.24,67,51,18,6,0.62,0.13,0.16,0.074,0.06,184,0.0,0.219,136,530,0,35,0,245395
2026-09-27 06:33:14,"Sun, 27 Sep 2026 06:33:08 GMT",376,61,4.5,11.2,day,97.1,3591,21158,10.2,9,9,2,7,0.64,0.06,0.12,0.132,0.831,196,0.0,0.103,70,141,0,8,0,245452
2026-09-27 06:34:06,"Sun, 27 Sep 2026 06:33:55 GMT",492,18,4.0,9.0,day,121.4,5859,24650,20.44,43,25,21,5,0.41,0.2,0.29,0.803,0.949,254,0.49,0.461,65,212,43,139,0,421579
2026-09-27 06:34:19,"Sun, 27 Sep 2026 06:34:09 GMT",504,13,6.5,8.5,day,121.8,15650,37569,19.0,235,222,32,25,0.29,0.25,0.28,0.876,0.345,254,0.31,0.251,128,953,0,395,0,396398
2026-09-27 06:34:58,"Sun, 27 Sep 2026 06:34:54 GMT",506,7,6.2,13.8,day,111.2,17242,40628,18.37,567,104,73,31,0.25,0.5,0.54,0.562,0.251,255,0.3,0.165,99,1134,0,138,0,388416
2026-09-27 06:35:10,"Sun, 27 Sep 2026 06:35:08 GMT",472,30,4.4,6.8,day,87.1,3542,15511,11.57,48,19,9,10,0.53,0.22,0.26,0.561,0.874,215,0.0,0.249,43,221,5,51,1,267958
2026-09-27 06:36:01,"Sun, 27 Sep 2026 06:35:51 GMT",376,62,3.8,11.0,day,96.7,2948,17245,10.14,18,7,9,4,0.5,0.16,0.33,0.444,0.131,232,0.0,0.213,55,113,0,9,0,244012
2026-09-27 06:47:00,"Sun, 27 Sep 2026 06:46:52 GMT",472,31,3.8,7.5,day,91.0,3468,15479,11.94,31,26,10,8,0.39,0.15,0.18,0.607,0.927,192,0.0,0.154,41,200,1,48,0,273971
2026-09-27 06:47:12,"Sun, 27 Sep 2026 06:47:05 GMT",412,12,8.9,13.6,day,94.5,24383,46446,10.86,702,390,87,19,0.42,0.36,0.37,0.662,0.182,253,0.08,0.364,63,1924,0,810,0,249635
2026-09-27 06:48:01,"Sun, 27 Sep 2026 06:47:54 GMT",391,217,10.1,10.7,day,122.3,22146,46270,16.94,796,236,81,21,0.47,0.52,0.56,0.555,0.865,255,0.13,0.128,133,1539,21,224,0,382335
2026-09-27 06:48:13,"Sun, 27 Sep 2026 06:48:08 GMT",391,218,7.0,10.6,day,122.7,14823,37190,17.01,521,139,65,21,0.38,0.52,0.56,0.634,0.881,255,0.12,0.175,83,1011,23,206,0,381583
2026-09-27 06:49:02,"Sun, 27 Sep 2026 06:48:53 GMT",504,14,5.0,6.8,day,126.3,14745,41244,19.21,228,211,41,28,0.2,0.26,0.3,0.846,0.319,254,0.31,0.28,147,878,0,386,0,384102
2026-09-27 06:51:07,"Sun, 27 Sep 2026 06:50:53 GMT",391,219,4.6,10.9,day,118.3,9987,27815,16.85,180,157,27,17,0.39,0.27,0.3,0.512,0.818,254,0.11,0.233,70,659,27,184,1,379514
2026-09-27 06:51:19,"Sun, 27 Sep 2026 06:51:08 GMT",391,220,3.3,10.9,day,118.3,7996,21674,16.67,276,60,59,19,0.25,0.51,0.56,0.608,0.87,255,0.13,0.244,67,544,33,196,0,378774
2026-09-27 06:51:55,"Sun, 27 Sep 2026 06:51:53 GMT",504,15,4.1,7.0,day,126.4,11414,34187,18.96,200,64,37,15,0.36,0.28,0.34,0.375,0.903,255,0.61,0.481,117,704,0,372,0,394768
2026-09-27 06:52:07,"Sun, 27 Sep 2026 06:51:53 GMT",504,16,2.8,7.0,day,126.4,6208,22594,18.96,24,21,7,9,0.38,0.1,0.15,0.483,0.285,255,0.25,0.261,82,229,64,208,0,394768
2026-09-27 06:52:20,"Sun, 27 Sep 2026 06:52:08 GMT",506,8,7.6,12.0,day,114.7,18904,44853,18.33,680,155,73,30,0.31,0.54,0.59,0.641,0.223,255,0.36,0.179,133,1261,0,202,0,396332
2026-09-27 06:52:56,"Sun, 27 Sep 2026 06:52:52 GMT",472,32,3.5,7.9,day,92.3,3224,12748,12.08,44,28,11,7,0.57,0.21,0.26,0.636,0.944,205,0.0,0.12,37,205,1,52,0,274608
2026-09-27 06:53:08,"Sun, 27 Sep 2026 06:53:06 GMT",376,63,5.5,9.7,day,101.5,3799,20611,10.54,36,22,9,10,0.4,0.21,0.31,0.44,0.748,211,0.0,0.128,57,174,0,4,0,249022
2026-09-27 06:53:59,"Sun, 27 Sep 2026 06:53:53 GMT",391,221,2.4,11.2,day,121.0,7324,19984,17.03,245,47,47,18,0.29,0.51,0.57,0.619,0.862,255,0.11,0.262,65,483,28,197,0,380591
2026-09-27 06:54:12,"Sun, 27 Sep 2026 06:54:07 GMT",492,19,3.7,8.2,day,124.6,18630,45956,18.9,669,70,39,54,0.32,0.55,0.63,0.135,0.538,255,0.38,0.136,179,1217,46,199,0,367058
2026-09-27 06:55:00,"Sun, 27 Sep 2026 06:54:53 GMT",504,17,2.3,7.1,day,129.1,7180,22087,19.05,84,56,19,11,0.4,0.23,0.3,0.294,0.909,255,0.77,0.491,86,359,53,289,1,399656
2026-09-27 06:55:12,"Sun, 27 Sep 2026 06:55:08 GMT",506,9,5.7,11.8,day,117.3,15407,39023,18.2,589,122,73,36,0.22,0.58,0.63,0.609,0.284,255,0.4,0.226,100,1013,0,223,0,395039
2026-09-27 06:56:00,"Sun, 27 Sep 2026 06:55:51 GMT",472,33,3.0,8.3,day,93.4,2719,10015,12.08,43,19,13,6,0.55,0.25,0.3,0.643,0.945,197,0.0,0.148,39,173,2,51,0,275475
2026-09-27 06:56:13,"Sun, 27 Sep 2026 06:56:06 GMT",376,64,3.9,9.7,day,100.1,2402,12684,10.3,15,9,5,6,0.5,0.15,0.22,0.458,0.769,206,0.0,0.159,39,102,0,1,0,246105
2026-09-27 06:57:01,"Sun, 27 Sep 2026 06:56:53 GMT",391,222,2.0,11.7,day,121.8,6855,17912,17.05,198,25,38,18,0.29,0.47,0.56,0.625,0.852,255,0.13,0.27,76,423,31,197,0,382577
2026-09-27 06:57:13,"Sun, 27 Sep 2026 06:57:09 GMT",492,20,2.6,8.0,day,129.7,8129,32792,20.65,26,25,8,10,0.33,0.1,0.14,0.955,0.859,253,0.31,0.357,88,267,61,179,0,428211
2026-09-27 06:58:02,"Sun, 27 Sep 2026 06:57:52 GMT",504,18,2.2,6.4,day,129.5,7071,19868,19.28,147,68,23,23,0.28,0.37,0.42,0.896,0.443,255,0.14,0.325,57,401,59,314,0,400356
2026-09-27 06:58:15,"Sun, 27 Sep 2026 06:58:07 GMT",506,10,4.4,11.5,day,117.5,11507,31596,18.5,360,115,61,28,0.21,0.46,0.51,0.583,0.23,255,0.41,0.264,90,781,0,311,0,396431
2026-09-27 07:01:59,"Sun, 27 Sep 2026 07:01:51 GMT",376,65,4.2,9.5,day,101.5,2444,12814,10.41,14,14,7,5,0.4,0.14,0.24,0.458,0.688,164,0.0,0.171,43,101,0,6,0,245706
2026-09-27 07:02:11,"Sun, 27 Sep 2026 07:02:06 GMT",376,66,3.0,9.6,day,101.6,2022,9560,10.43,8,7,3,4,0.67,0.12,0.25,0.178,0.852,194,0.0,0.188,32,65,0,5,0,246240
2026-09-27 07:03:01,"Sun, 27 Sep 2026 07:02:53 GMT",391,223,2.6,11.9,day,121.7,7169,18612,16.95,81,69,16,13,0.39,0.17,0.18,0.66,0.851,253,0.07,0.243,56,484,17,201,1,381265
2026-09-27 07:03:14,"Sun, 27 Sep 2026 07:03:08 GMT",492,21,2.7,7.7,day,130.5,6455,28006,20.24,11,11,5,5,0.44,0.06,0.1,0.864,0.892,255,0.82,0.476,77,182,65,172,0,421642
2026-09-27 07:04:18,"Sun, 27 Sep 2026 07:04:08 GMT",506,11,3.9,11.3,day,117.9,10104,30740,18.66,253,94,44,25,0.23,0.4,0.45,0.505,0.268,255,0.37,0.302,76,626,0,313,0,397733
2026-09-27 07:04:55,"Sun, 27 Sep 2026 07:04:51 GMT",376,67,2.2,9.7,day,101.6,1528,7563,10.33,14,2,6,4,0.58,0.33,1.0,0.162,0.854,213,0.0,0.177,24,43,0,5,0,246232
2026-09-27 07:05:20,"Sun, 27 Sep 2026 07:05:06 GMT",376,68,1.5,9.6,day,101.5,952,5413,10.44,4,4,3,2,0.67,0.19,0.36,0.831,0.829,193,0.0,0.232,11,21,0,3,0,247911
2026-09-27 07:05:57,"Sun, 27 Sep 2026 07:05:54 GMT",492,22,2.0,7.8,day,125.6,4440,21301,19.93,13,11,6,4,0.54,0.09,0.13,0.79,0.929,255,0.77,0.461,53,147,77,164,0,418899
2026-09-27 07:06:23,"Sun, 27 Sep 2026 07:06:09 GMT",492,23,1.6,7.7,day,131.6,3464,13424,20.44,24,14,7,10,0.34,0.21,0.32,0.928,0.867,254,0.38,0.357,40,116,75,149,0,423200
2026-09-27 07:07:01,"Sun, 27 Sep 2026 07:06:54 GMT",506,12,3.6,11.7,day,117.8,7625,24566,18.44,76,54,22,10,0.35,0.16,0.19,0.826,0.092,254,0.39,0.211,77,470,0,220,1,396297
2026-09-27 07:07:13,"Sun, 27 Sep 2026 07:07:07 GMT",275,10,8.2,10.3,day,114.1,36913,57967,12.06,2981,14,96,54,0.58,0.97,0.97,0.489,0.5,255,0.09,0.233,31,3087,0,551,0,251653
2026-09-27 07:08:02,"Sun, 27 Sep 2026 07:07:52 GMT",376,69,1.9,9.6,day,105.1,1373,7256,10.7,5,3,4,2,0.62,0.15,0.45,0.09,0.826,222,0.0,0.199,22,33,0,3,0,250696
2026-09-27 07:08:15,"Sun, 27 Sep 2026 07:08:06 GMT",376,70,1.5,9.6,day,105.1,1388,5955,10.61,13,3,9,4,0.36,0.29,0.68,0.168,0.856,213,0.0,0.204,21,45,0,3,0,249571
2026-09-27 07:09:05,"Sun, 27 Sep 2026 07:08:53 GMT",492,24,1.7,7.6,day,133.9,3211,12115,20.63,14,12,6,6,0.39,0.13,0.17,0.789,0.922,255,0.86,0.443,32,106,79,155,0,419174
2026-09-27 07:09:17,"Sun, 27 Sep 2026 07:09:09 GMT",492,25,1.5,7.9,day,133.6,2916,8747,20.33,10,9,6,3,0.56,0.1,0.14,0.027,0.87,255,0.8,0.353,37,101,82,140,0,419765
2026-09-27 07:09:55,"Sun, 27 Sep 2026 07:09:53 GMT",506,13,2.8,11.5,day,120.1,9355,26069,18.36,105,103,27,15,0.26,0.18,0.21,0.439,0.33,255,0.26,0.352,100,591,0,247,0,392227
2026-09-27 07:10:08,"Sun, 27 Sep 2026 07:09:53 GMT",506,14,2.0,11.5,day,120.1,5222,18201,18.36,45,29,16,7,0.4,0.16,0.21,0.433,0.32,255,0.24,0.414,75,284,0,167,1,392227
2026-09-27 07:10:20,"Sun, 27 Sep 2026 07:10:07 GMT",472,34,3.2,8.2,day,97.1,3645,12339,12.32,48,46,16,6,0.5,0.2,0.22,0.648,0.944,222,0.0,0.182,30,236,1,48,0,278726
2026-09-27 07:10:58,"Sun, 27 Sep 2026 07:10:51 GMT",376,71,1.6,9.4,day,103.3,1906,7923,10.35,7,6,5,2,0.7,0.13,0.37,0.115,0.804,225,0.0,0.174,33,53,0,4,0,244740
2026-09-27 07:11:10,"Sun, 27 Sep 2026 07:11:06 GMT",376,72,1.1,9.5,day,103.4,1465,6742,10.51,4,2,3,2,0.67,0.14,1.0,0.159,0.824,217,0.0,0.23,22,29,0,5,0,247721
2026-09-27 07:12:00,"Sun, 27 Sep 2026 07:11:53 GMT",492,26,1.4,7.5,day,134.2,2888,10293,20.44,9,7,2,5,0.9,0.1,0.17,0.506,0.44,246,0.0,0.119,43,90,80,135,0,425248
2026-09-27 07:12:13,"Sun, 27 Sep 2026 07:12:08 GMT",504,19,3.1,6.2,day,132.8,8194,26368,19.21,108,68,19,14,0.41,0.27,0.31,0.914,0.356,255,0.15,0.367,76,407,86,354,1,389098
2026-09-27 07:13:03,"Sun, 27 Sep 2026 07:12:53 GMT",506,15,1.8,11.3,day,120.7,7069,20936,18.79,80,66,14,12,0.48,0.21,0.28,0.388,0.355,255,0.05,0.365,95,384,0,214,1,397307
2026-09-27 07:13:15,"Sun, 27 Sep 2026 07:13:07 GMT",472,35,3.5,9.4,day,97.1,3134,11537,12.57,51,36,17,10,0.3,0.26,0.29,0.623,0.907,241,0.0,0.258,34,198,2,55,1,282830
2026-09-27 07:22:35,"Sun, 27 Sep 2026 07:22:07 GMT",472,36,3.4,10.1,day,98.1,3578,11641,12.55,56,27,12,10,0.47,0.25,0.3,0.564,0.917,233,0.0,0.234,41,223,3,61,1,282273
2026-09-27 07:26:48,"Sun, 27 Sep 2026 07:26:07 GMT",391,224,6.5,12.5,day,128.0,12026,27987,16.47,331,230,36,18,0.51,0.39,0.41,0.425,0.839,255,0.34,0.273,63,851,22,270,0,378062
2026-09-27 07:27:01,"Sun, 27 Sep 2026 07:26:53 GMT",504,20,3.7,6.4,day,137.5,9029,34008,19.18,75,32,13,10,0.58,0.2,0.26,0.932,0.35,255,0.08,0.406,109,384,107,337,1,403646
2026-09-27 07:27:13,"Sun, 27 Sep 2026 07:27:08 GMT",504,21,2.6,6.4,day,137.5,6095,23281,19.19,36,16,14,8,0.32,0.16,0.23,0.282,0.932,255,0.94,0.515,75,227,106,263,0,404629
2026-09-27 07:28:28,"Sun, 27 Sep 2026 07:28:25 GMT",472,37,3.4,11.0,day,99.9,3500,11522,12.48,64,42,17,9,0.42,0.26,0.29,0.583,0.909,235,0.0,0.247,37,244,3,78,1,282562
2026-09-27 07:29:17,"Sun, 27 Sep 2026 07:29:12 GMT",391,225,5.1,12.2,day,130.9,9671,24607,16.5,301,200,37,18,0.45,0.43,0.47,0.433,0.834,255,0.39,0.306,63,696,21,303,1,379823
2026-09-27 07:30:06,"Sun, 27 Sep 2026 07:29:54 GMT",504,22,2.8,6.9,day,138.0,5548,20673,18.77,46,12,16,6,0.48,0.25,0.42,0.301,0.952,255,0.98,0.501,71,181,121,261,0,405594
2026-09-27 07:30:19,"Sun, 27 Sep 2026 07:30:09 GMT",506,16,3.5,11.6,day,126.4,9578,28887,18.52,173,46,39,11,0.4,0.31,0.36,0.823,0.108,255,0.49,0.252,96,551,4,211,0,394213
2026-09-27 07:30:56,"Sun, 27 Sep 2026 07:30:52 GMT",472,38,2.8,11.2,day,99.5,2625,8792,12.51,44,37,13,6,0.56,0.26,0.3,0.937,0.929,235,0.0,0.283,35,169,3,79,0,283087
2026-09-27 07:31:20,"Sun, 27 Sep 2026 07:31:07 GMT",376,73,3.8,9.3,day,106.1,2589,13372,10.64,15,15,12,2,0.62,0.13,0.17,0.628,0.619,160,0.0,0.109,35,118,0,6,0,251691
2026-09-27 07:31:57,"Sun, 27 Sep 2026 07:31:53 GMT",391,226,3.8,11.7,day,131.3,7672,21096,16.6,172,93,24,18,0.4,0.33,0.35,0.473,0.816,255,0.56,0.349,56,528,23,304,1,380428
2026-09-27 07:32:09,"Sun, 27 Sep 2026 07:32:07 GMT",391,227,2.8,11.6,day,131.3,5513,16040,16.68,53,52,10,13,0.41,0.17,0.19,0.452,0.831,255,0.75,0.396,61,319,25,245,1,382180
2026-09-27 07:32:21,"Sun, 27 Sep 2026 07:32:07 GMT",391,228,2.0,11.6,day,131.3,2754,11132,16.68,21,6,10,3,0.7,0.19,0.31,0.765,0.963,255,0.57,0.468,46,108,23,119,0,382180
2026-09-27 07:32:59,"Sun, 27 Sep 2026 07:32:53 GMT",504,23,3.1,6.6,day,138.6,8719,24692,18.68,98,26,13,18,0.42,0.25,0.32,0.907,0.497,254,0.1,0.286,94,392,125,291,1,397922
2026-09-27 07:33:11,"Sun, 27 Sep 2026 07:33:08 GMT",506,17,3.2,11.5,day,127.9,8375,26892,18.73,154,42,36,11,0.39,0.34,0.42,0.829,0.101,255,0.49,0.29,101,452,4,221,0,392012
2026-09-27 07:34:02,"Sun, 27 Sep 2026 07:33:51 GMT",472,39,1.8,10.8,day,100.6,2094,7479,12.72,24,13,10,6,0.4,0.21,0.29,0.952,0.931,215,0.0,0.324,38,115,1,64,0,284842
2026-09-27 07:40:02,"Sun, 27 Sep 2026 07:39:52 GMT",376,74,3.5,8.6,day,109.2,2524,11206,10.79,40,11,23,6,0.29,0.36,0.47,0.562,0.649,225,0.0,0.159,31,111,0,7,0,253624
2026-09-27 07:40:15,"Sun, 27 Sep 2026 07:40:07 GMT",376,75,2.6,8.7,day,109.1,1874,8438,10.69,21,11,15,6,0.23,0.3,0.54,0.554,0.667,224,0.0,0.227,30,70,0,8,0,250665
2026-09-27 07:41:05,"Sun, 27 Sep 2026 07:40:54 GMT",391,229,3.1,10.7,day,135.3,7620,19623,16.68,79,68,24,7,0.47,0.17,0.19,0.793,0.929,255,0.27,0.343,61,467,33,240,0,380644
2026-09-27 07:41:18,"Sun, 27 Sep 2026 07:41:08 GMT",492,27,3.2,6.7,day,141.9,6610,29153,20.07,23,8,14,3,0.55,0.12,0.21,0.839,0.324,254,0.65,0.141,82,185,88,146,0,423054
2026-09-27 07:41:57,"Sun, 27 Sep 2026 07:41:54 GMT",506,18,3.5,11.5,day,128.2,8294,26985,18.9,169,47,36,10,0.47,0.35,0.4,0.859,0.091,255,0.43,0.291,83,486,9,234,0,401180
2026-09-27 07:42:10,"Sun, 27 Sep 2026 07:41:54 GMT",506,19,2.4,11.5,day,128.2,4350,17129,18.9,81,15,21,10,0.39,0.39,0.55,0.895,0.086,255,0.36,0.315,65,209,7,125,1,401180
2026-09-27 07:42:23,"Sun, 27 Sep 2026 07:42:08 GMT",506,20,2.1,11.6,day,128.0,6473,18772,18.81,139,27,22,15,0.42,0.36,0.44,0.411,0.4,254,0.06,0.321,76,383,7,179,1,397592
2026-09-27 07:43:01,"Sun, 27 Sep 2026 07:42:53 GMT",376,76,2.3,8.5,day,107.5,1562,7849,10.98,8,7,6,3,0.44,0.16,0.25,0.173,0.85,195,0.0,0.313,20,49,0,14,0,257953
2026-09-27 07:43:14,"Sun, 27 Sep 2026 07:43:07 GMT",376,77,1.7,8.5,day,107.5,912,5322,10.82,4,3,4,1,1.0,0.17,0.57,0.505,0.685,223,0.0,0.362,17,23,1,12,0,255622
2026-09-27 07:44:04,"Sun, 27 Sep 2026 07:43:53 GMT",171,32,7.9,9.1,day,150.4,35483,57068,14.63,2120,371,96,54,0.41,0.79,0.8,0.442,0.568,255,0.49,0.356,45,2678,377,2119,0,331799
2026-09-27 07:44:17,"Sun, 27 Sep 2026 07:44:08 GMT",492,28,2.6,6.9,day,142.3,7346,30276,20.03,13,10,8,3,0.54,0.07,0.15,0.326,0.483,255,0.54,0.181,82,176,82,136,0,419203
2026-09-27 07:44:56,"Sun, 27 Sep 2026 07:44:53 GMT",506,21,1.9,11.5,day,129.2,6022,16969,18.89,84,23,19,12,0.37,0.24,0.3,0.405,0.338,255,0.14,0.376,83,352,15,208,1,398529
2026-09-27 07:45:21,"Sun, 27 Sep 2026 07:45:08 GMT",506,22,1.4,11.4,day,128.0,5530,16281,18.74,131,16,22,15,0.4,0.41,0.54,0.432,0.371,255,0.12,0.336,78,320,14,192,1,395016
2026-09-27 07:45:59,"Sun, 27 Sep 2026 07:45:52 GMT",376,78,1.5,8.5,day,109.1,1226,6431,10.84,5,4,4,2,0.62,0.17,0.56,0.556,0.678,210,0.0,0.31,21,30,0,12,0,254168
2026-09-27 07:46:12,"Sun, 27 Sep 2026 07:46:07 GMT",376,79,1.1,8.5,day,109.0,860,4799,10.91,6,3,5,3,0.4,0.23,0.67,0.165,0.852,199,0.0,0.346,16,26,0,8,0,256475
2026-09-27 07:47:03,"Sun, 27 Sep 2026 07:46:53 GMT",492,29,2.0,6.7,day,142.3,4011,18577,19.65,11,11,4,4,0.69,0.11,0.2,0.978,0.904,252,0.27,0.42,45,97,83,136,0,407327
2026-09-27 07:47:16,"Sun, 27 Sep 2026 07:47:08 GMT",492,30,1.5,6.7,day,144.3,3694,18096,20.07,11,8,5,5,0.44,0.15,0.33,0.858,0.884,255,1.0,0.351,36,71,81,123,0,423552
2026-09-27 07:48:08,"Sun, 27 Sep 2026 07:47:53 GMT",506,23,1.5,11.5,day,131.3,5470,16145,18.97,89,55,19,13,0.36,0.29,0.37,0.415,0.368,254,0.04,0.409,67,305,18,218,1,403015
2026-09-27 07:48:20,"Sun, 27 Sep 2026 07:48:07 GMT",506,24,7.4,10.9,day,130.5,41869,57761,12.97,3834,4,96,54,0.74,1.0,1.0,0.509,0.493,255,0.17,0.138,3,3839,27,426,0,278695
2026-09-27 07:48:59,"Sun, 27 Sep 2026 07:48:52 GMT",376,80,1.0,8.7,day,109.0,1955,7778,10.53,6,4,4,3,0.5,0.09,0.19,0.826,0.818,202,0.0,0.188,33,67,0,11,0,250551
2026-09-27 07:49:12,"Sun, 27 Sep 2026 07:49:07 GMT",376,81,0.8,8.8,day,109.1,1154,5404,10.6,5,3,4,2,0.62,0.15,0.62,0.819,0.837,203,0.0,0.181,24,33,0,10,0,251669
2026-09-27 07:50:03,"Sun, 27 Sep 2026 07:49:53 GMT",492,31,1.4,6.7,day,145.7,2455,9847,20.0,7,5,5,4,0.35,0.14,0.28,0.865,0.868,254,0.86,0.349,28,50,76,105,0,424295
2026-09-27 07:50:16,"Sun, 27 Sep 2026 07:50:09 GMT",492,32,1.2,6.6,day,145.7,2053,7492,19.98,14,8,8,5,0.35,0.29,0.5,0.852,0.896,255,0.93,0.445,22,49,73,107,0,418920
2026-09-27 07:51:07,"Sun, 27 Sep 2026 07:50:53 GMT",506,25,3.3,11.6,day,131.0,11106,32835,18.91,127,65,28,9,0.5,0.2,0.25,0.602,0.928,255,0.6,0.346,128,620,27,292,0,403009
2026-09-27 07:56:21,"Sun, 27 Sep 2026 07:56:09 GMT",504,24,4.0,5.4,day,142.8,9319,35738,18.89,92,13,17,18,0.3,0.27,0.37,0.906,0.379,255,0.07,0.367,101,339,129,281,1,402434
2026-09-27 07:56:58,"Sun, 27 Sep 2026 07:56:54 GMT",506,26,2.9,11.5,day,132.2,8797,28300,19.15,138,66,31,9,0.49,0.29,0.33,0.594,0.926,255,0.53,0.365,86,482,39,299,0,389984
2026-09-27 07:57:10,"Sun, 27 Sep 2026 07:57:08 GMT",472,40,3.5,9.9,day,102.8,4544,13526,13.06,168,24,34,10,0.49,0.6,0.65,0.835,0.921,226,0.0,0.193,33,278,3,70,0,290886
2026-09-27 07:57:22,"Sun, 27 Sep 2026 07:57:08 GMT",472,41,2.4,9.9,day,102.8,2698,8601,13.06,91,16,33,6,0.46,0.55,0.65,0.831,0.949,222,0.0,0.253,25,165,2,49,0,290886
2026-09-27 07:57:59,"Sun, 27 Sep 2026 07:57:52 GMT",376,82,2.2,8.5,day,110.4,2283,9064,10.62,10,6,8,2,0.62,0.12,0.25,0.537,0.672,233,0.0,0.23,44,85,0,8,0,250201
2026-09-27 07:58:12,"Sun, 27 Sep 2026 07:58:08 GMT",391,230,5.3,9.3,day,145.8,9796,26864,16.75,408,45,41,21,0.47,0.67,0.74,0.813,0.812,255,0.41,0.243,64,612,35,261,1,383985
2026-09-27 07:59:01,"Sun, 27 Sep 2026 07:58:53 GMT",492,33,1.4,6.8,day,147.9,2496,9804,19.97,9,8,5,3,0.6,0.18,0.31,0.051,0.874,254,0.78,0.389,24,51,79,115,0,421381
2026-09-27 07:59:14,"Sun, 27 Sep 2026 07:59:09 GMT",504,25,3.3,5.6,day,144.6,6917,25920,19.15,83,24,13,15,0.43,0.33,0.46,0.929,0.369,254,0.06,0.397,72,249,137,274,1,405409
2026-09-27 08:00:15,"Sun, 27 Sep 2026 08:00:07 GMT",472,42,2.0,9.9,day,104.3,2467,7607,13.07,106,13,29,11,0.33,0.64,0.73,0.828,0.924,219,0.0,0.276,24,166,4,64,0,291407
2026-09-27 08:01:04,"Sun, 27 Sep 2026 08:00:51 GMT",376,83,2.0,8.4,day,109.7,1442,7108,11.06,7,5,5,4,0.35,0.19,0.39,0.515,0.651,203,0.0,0.146,19,36,0,7,0,260197
2026-09-27 08:01:16,"Sun, 27 Sep 2026 08:01:08 GMT",391,231,4.2,9.2,day,147.1,9053,23400,17.23,393,30,38,21,0.49,0.65,0.72,0.825,0.807,255,0.44,0.265,65,602,38,284,1,392424
2026-09-27 08:02:06,"Sun, 27 Sep 2026 08:01:53 GMT",492,34,1.2,6.9,day,147.8,2468,9283,20.02,9,7,5,3,0.6,0.16,0.28,0.046,0.87,255,0.78,0.378,27,55,84,121,0,422606
2026-09-27 08:02:19,"Sun, 27 Sep 2026 08:02:08 GMT",504,26,2.9,5.6,day,144.5,6038,20830,19.26,39,16,14,6,0.46,0.18,0.25,0.929,0.323,255,0.08,0.407,68,212,131,251,0,402531
2026-09-27 08:02:56,"Sun, 27 Sep 2026 08:02:52 GMT",472,43,1.5,9.8,day,103.1,2332,6593,12.91,36,19,19,3,0.63,0.26,0.31,0.842,0.962,215,0.0,0.353,28,137,5,76,0,288620
2026-09-27 08:03:21,"Sun, 27 Sep 2026 08:03:07 GMT",472,44,1.4,9.6,day,104.1,1385,5299,13.05,24,7,12,5,0.4,0.34,0.47,0.937,0.941,215,0.0,0.408,23,71,3,48,0,290933
2026-09-27 08:03:58,"Sun, 27 Sep 2026 08:03:52 GMT",376,84,1.5,8.4,day,111.4,989,5260,11.04,5,4,2,3,0.83,0.17,0.42,0.567,0.652,192,0.0,0.201,15,29,0,5,0,259267
2026-09-27 08:04:10,"Sun, 27 Sep 2026 08:04:08 GMT",391,232,3.3,9.2,day,147.5,7547,20054,17.02,330,16,30,22,0.5,0.7,0.78,0.845,0.795,255,0.41,0.278,58,469,37,238,1,389044
2026-09-27 08:04:23,"Sun, 27 Sep 2026 08:04:08 GMT",391,233,2.3,9.2,day,147.5,4269,13682,17.02,121,67,26,14,0.33,0.51,0.58,0.857,0.729,254,0.33,0.299,28,239,26,178,1,389044
2026-09-27 08:04:59,"Sun, 27 Sep 2026 08:04:54 GMT",504,27,2.5,5.3,day,145.7,5518,18490,18.92,61,29,18,7,0.48,0.29,0.33,0.908,0.325,255,0.1,0.401,38,208,142,287,0,387574
2026-09-27 08:05:12,"Sun, 27 Sep 2026 08:05:09 GMT",504,28,1.6,5.5,day,145.6,4653,13327,19.18,37,14,10,9,0.41,0.2,0.26,0.929,0.354,253,0.05,0.462,54,185,139,269,0,406692
2026-09-27 08:13:25,"Sun, 27 Sep 2026 08:13:08 GMT",391,234,2.8,9.3,day,150.4,9138,21217,16.58,320,43,29,21,0.53,0.5,0.53,0.837,0.757,255,0.46,0.292,64,646,38,355,1,382046
2026-09-27 08:14:02,"Sun, 27 Sep 2026 08:13:53 GMT",504,29,2.2,6.0,day,147.3,6106,18411,18.82,72,17,13,13,0.43,0.3,0.37,0.888,0.488,255,0.17,0.298,61,241,147,281,1,397802
2026-09-27 08:14:14,"Sun, 27 Sep 2026 08:14:08 GMT",506,27,4.5,12.7,day,136.1,11280,31355,19.19,278,100,39,16,0.45,0.42,0.48,0.648,0.887,255,0.47,0.276,85,669,39,312,0,401144
2026-09-27 08:15:04,"Sun, 27 Sep 2026 08:14:53 GMT",472,45,2.3,8.6,day,104.1,2616,7299,12.97,102,22,28,11,0.33,0.63,0.76,0.871,0.879,223,0.0,0.248,30,163,5,63,0,290483
2026-09-27 08:15:16,"Sun, 27 Sep 2026 08:15:08 GMT",376,85,2.1,8.7,day,113.5,1747,7465,10.82,15,8,7,4,0.54,0.22,0.47,0.571,0.643,245,0.0,0.16,33,67,0,6,0,255699
2026-09-27 08:16:05,"Sun, 27 Sep 2026 08:15:54 GMT",391,235,2.2,9.2,day,150.5,6590,16882,16.56,224,25,31,20,0.36,0.53,0.62,0.816,0.759,255,0.5,0.336,65,419,39,280,1,383929
2026-09-27 08:16:18,"Sun, 27 Sep 2026 08:16:09 GMT",492,35,1.9,7.2,day,153.7,3898,16843,19.49,11,7,5,5,0.44,0.12,0.26,0.731,0.953,255,0.91,0.257,44,91,79,119,0,413724
2026-09-27 08:17:23,"Sun, 27 Sep 2026 08:17:09 GMT",506,28,3.8,12.8,day,136.5,9080,26571,19.02,173,77,28,12,0.51,0.31,0.35,0.62,0.913,255,0.71,0.386,78,559,36,297,1,395676
2026-09-27 08:18:01,"Sun, 27 Sep 2026 08:17:51 GMT",472,46,1.9,8.6,day,106.2,2380,7208,13.14,55,17,13,9,0.47,0.4,0.52,0.941,0.878,217,0.0,0.306,33,138,3,62,1,291428
2026-09-27 08:18:14,"Sun, 27 Sep 2026 08:18:07 GMT",376,86,2.2,8.9,day,111.9,2760,9583,10.79,23,23,12,5,0.38,0.17,0.24,0.482,0.162,238,0.0,0.096,44,132,0,7,0,253466
2026-09-27 08:19:04,"Sun, 27 Sep 2026 08:18:54 GMT",391,236,2.1,9.4,day,151.6,7451,18643,16.52,157,34,26,20,0.3,0.34,0.37,0.817,0.733,255,0.48,0.337,64,468,43,289,1,385915
2026-09-27 08:19:17,"Sun, 27 Sep 2026 08:19:09 GMT",492,36,1.8,7.4,day,151.7,2800,11861,19.56,6,5,4,4,0.38,0.11,0.22,0.361,0.478,254,0.67,0.13,32,54,69,90,0,414315
2026-09-27 08:19:55,"Sun, 27 Sep 2026 08:19:53 GMT",504,30,2.1,6.4,day,148.6,5543,18591,18.86,17,15,4,7,0.61,0.11,0.2,0.738,0.936,255,0.65,0.365,74,160,149,252,0,400175
2026-09-27 08:20:09,"Sun, 27 Sep 2026 08:19:53 GMT",504,31,1.5,6.4,day,148.6,2928,11706,18.86,7,6,4,4,0.44,0.17,0.54,0.516,0.915,255,0.86,0.46,26,42,104,138,0,400175
2026-09-27 08:20:22,"Sun, 27 Sep 2026 08:20:08 GMT",506,29,3.2,13.1,day,137.1,9311,25025,18.74,151,69,29,9,0.58,0.27,0.32,0.627,0.923,255,0.78,0.404,95,553,53,292,0,394323
2026-09-27 08:20:59,"Sun, 27 Sep 2026 08:20:52 GMT",376,87,1.6,8.9,day,112.4,1069,6026,10.89,16,2,7,4,0.57,0.46,1.0,0.592,0.638,235,0.0,0.244,16,35,0,11,0,257923
2026-09-27 08:21:11,"Sun, 27 Sep 2026 08:21:08 GMT",376,88,1.1,9.0,day,112.8,791,5124,10.86,3,3,2,2,0.75,0.19,0.5,0.58,0.654,203,0.0,0.328,12,16,0,3,0,257856
2026-09-27 08:22:00,"Sun, 27 Sep 2026 08:21:54 GMT",391,237,1.9,9.4,day,151.1,5865,15841,16.54,143,62,22,17,0.38,0.46,0.54,0.809,0.729,255,0.59,0.368,52,310,52,266,1,383943
2026-09-27 08:22:12,"Sun, 27 Sep 2026 08:22:10 GMT",492,37,1.3,7.4,day,151.4,2635,10455,19.62,7,7,4,4,0.44,0.1,0.26,0.36,0.476,255,0.71,0.167,40,68,68,93,0,418737
2026-09-27 08:23:02,"Sun, 27 Sep 2026 08:22:54 GMT",506,30,2.2,12.7,day,136.7,7310,20448,18.74,143,59,32,9,0.5,0.35,0.4,0.637,0.925,255,0.68,0.414,65,414,57,271,0,392466
2026-09-27 08:23:14,"Sun, 27 Sep 2026 08:23:09 GMT",506,31,2.1,13.0,day,136.4,8342,20625,18.46,122,122,22,15,0.37,0.23,0.25,0.408,0.476,255,0.16,0.282,65,538,66,287,1,390338
2026-09-27 08:24:03,"Sun, 27 Sep 2026 08:23:52 GMT",376,89,1.2,9.1,day,114.9,1329,6649,10.82,6,4,5,3,0.4,0.18,0.46,0.582,0.654,244,0.0,0.319,18,34,0,7,0,254218
2026-09-27 08:24:15,"Sun, 27 Sep 2026 08:24:07 GMT",376,90,0.9,9.2,day,115.0,1050,5079,10.83,10,3,6,4,0.42,0.37,0.77,0.14,0.863,237,0.0,0.227,14,27,0,4,0,256085
2026-09-27 08:32:34,"Sun, 27 Sep 2026 08:32:06 GMT",472,47,2.6,7.8,day,107.5,2761,8369,13.03,110,9,28,10,0.39,0.65,0.75,0.867,0.868,233,0.0,0.287,26,168,7,76,0,291941
2026-09-27 08:32:59,"Sun, 27 Sep 2026 08:32:52 GMT",376,91,1.4,9.5,day,116.4,1505,6783,10.81,4,4,3,3,0.44,0.09,0.29,0.594,0.653,243,0.0,0.342,31,47,0,9,0,256292
2026-09-27 08:33:12,"Sun, 27 Sep 2026 08:33:07 GMT",376,92,0.9,9.5,day,116.5,1401,6733,10.77,8,3,4,3,0.67,0.21,0.35,0.13,0.87,228,0.0,0.259,17,39,0,7,0,254594
2026-09-27 08:34:04,"Sun, 27 Sep 2026 08:33:52 GMT",492,38,1.6,7.3,day,152.0,2915,12794,19.61,5,5,4,2,0.62,0.08,0.19,0.798,0.9,253,0.8,0.336,37,62,70,103,0,420666
2026-09-27 08:34:16,"Sun, 27 Sep 2026 08:34:07 GMT",504,32,2.8,6.7,day,145.5,6068,20806,18.58,77,16,15,11,0.47,0.36,0.51,0.917,0.447,251,0.04,0.302,65,216,118,221,1,374992
2026-09-27 08:34:54,"Sun, 27 Sep 2026 08:34:52 GMT",506,32,2.4,12.7,day,138.9,8028,22216,19.04,142,55,30,11,0.43,0.33,0.39,0.632,0.904,255,0.67,0.4,72,424,68,290,0,398462
2026-09-27 08:35:07,"Sun, 27 Sep 2026 08:34:52 GMT",506,33,1.7,12.7,day,138.9,4359,15351,19.04,46,25,13,9,0.39,0.25,0.32,0.652,0.885,255,0.78,0.446,50,182,63,182,1,398462
2026-09-27 08:35:20,"Sun, 27 Sep 2026 08:35:07 GMT",472,48,2.2,7.9,day,107.7,2066,6740,13.17,37,12,9,9,0.46,0.33,0.41,0.956,0.892,222,0.0,0.372,30,111,8,66,0,292631
2026-09-27 08:35:58,"Sun, 27 Sep 2026 08:35:51 GMT",376,93,1.1,9.5,day,116.2,1049,5818,11.06,3,2,2,3,0.5,0.12,1.0,0.142,0.87,199,0.0,0.343,17,25,0,5,0,260406
2026-09-27 08:36:23,"Sun, 27 Sep 2026 08:36:11 GMT",6,60,10.6,13.0,day,150.7,33923,56473,13.58,750,612,56,54,0.25,0.36,0.38,0.274,0.47,255,0.49,0.338,98,2066,716,2155,0,324610
2026-09-27 08:37:01,"Sun, 27 Sep 2026 08:36:53 GMT",492,39,1.9,7.9,day,151.4,3746,15367,19.34,6,5,4,4,0.38,0.07,0.19,0.734,0.954,255,0.83,0.393,49,85,64,98,0,409870
2026-09-27 08:37:14,"Sun, 27 Sep 2026 08:37:09 GMT",504,33,2.3,6.5,day,148.9,4460,14780,18.83,11,10,6,5,0.37,0.09,0.14,0.312,0.953,254,0.91,0.502,50,124,122,203,0,396280
2026-09-27 08:38:04,"Sun, 27 Sep 2026 08:37:52 GMT",506,34,2.2,12.9,day,138.1,6808,18386,18.53,140,63,37,10,0.38,0.39,0.46,0.663,0.915,255,0.54,0.408,58,357,82,294,0,386583
2026-09-27 08:38:17,"Sun, 27 Sep 2026 08:38:08 GMT",472,49,1.4,8.7,day,110.9,1641,6222,13.21,13,7,5,4,0.65,0.2,0.32,0.972,0.858,178,0.0,0.334,27,66,6,47,0,290648
2026-09-27 08:38:55,"Sun, 27 Sep 2026 08:38:51 GMT",376,94,1.1,9.3,day,119.0,865,5063,11.12,4,2,2,3,0.67,0.27,1.0,0.005,0.815,208,0.0,0.128,11,15,0,2,0,260132
2026-09-27 08:39:20,"Sun, 27 Sep 2026 08:39:08 GMT",391,238,2.6,9.1,day,152.9,6288,18926,16.31,148,20,31,15,0.32,0.43,0.51,0.817,0.737,255,0.48,0.365,65,343,44,233,1,380951
2026-09-27 08:39:58,"Sun, 27 Sep 2026 08:39:55 GMT",492,40,1.3,7.8,day,151.8,3286,11731,19.33,7,6,4,4,0.44,0.08,0.15,0.394,0.563,255,0.71,0.156,43,87,63,85,0,410755
2026-09-27 08:40:11,"Sun, 27 Sep 2026 08:40:08 GMT",504,34,2.7,6.8,day,148.4,5976,18118,18.32,78,8,16,11,0.44,0.36,0.49,0.92,0.459,250,0.01,0.316,66,217,113,200,1,388599
2026-09-27 08:41:15,"Sun, 27 Sep 2026 08:41:08 GMT",472,50,1.2,8.5,day,111.4,1407,5187,13.3,10,5,5,7,0.29,0.17,0.24,0.776,0.819,210,0.0,0.253,22,59,6,38,0,292037
2026-09-27 08:42:05,"Sun, 27 Sep 2026 08:41:53 GMT",376,95,0.8,9.4,day,119.0,987,5207,11.05,8,3,5,3,0.53,0.31,0.73,0.129,0.866,234,0.0,0.291,14,26,0,7,0,259012
2026-09-27 08:42:18,"Sun, 27 Sep 2026 08:42:08 GMT",391,239,2.2,9.0,day,154.0,5489,16435,16.46,103,16,24,14,0.31,0.36,0.47,0.851,0.722,255,0.47,0.402,71,287,43,220,1,382995
2026-09-27 08:42:56,"Sun, 27 Sep 2026 08:42:54 GMT",492,41,1.2,7.7,day,151.9,2213,8528,19.23,8,5,6,3,0.44,0.15,0.35,0.839,0.9,254,0.88,0.414,30,52,60,86,0,407157
2026-09-27 08:43:09,"Sun, 27 Sep 2026 08:42:54 GMT",492,42,0.9,7.7,day,151.9,1228,4974,19.23,3,2,3,1,1.0,0.2,1.0,0.833,0.889,254,1.0,0.376,10,15,37,46,0,407157
2026-09-27 08:43:22,"Sun, 27 Sep 2026 08:43:10 GMT",504,35,2.2,5.9,day,151.8,4960,14911,19.01,39,22,14,7,0.4,0.21,0.28,0.923,0.315,254,0.15,0.389,57,184,133,249,0,395420
2026-09-27 08:49:20,"Sun, 27 Sep 2026 08:49:09 GMT",504,36,1.7,5.9,day,149.6,3802,12886,18.78,14,6,7,5,0.4,0.18,0.34,0.962,0.372,246,0.0,0.402,37,79,131,191,0,398001
2026-09-27 08:49:58,"Sun, 27 Sep 2026 08:49:53 GMT",472,51,1.8,8.3,day,114.6,2098,7196,13.61,27,7,12,6,0.38,0.27,0.39,0.941,0.831,206,0.0,0.268,36,100,8,43,0,297792
2026-09-27 08:50:11,"Sun, 27 Sep 2026 08:50:07 GMT",376,96,1.5,9.9,day,122.2,1173,6117,11.21,5,4,4,2,0.62,0.14,0.38,0.7,0.633,182,0.0,0.127,22,35,0,5,0,258998
2026-09-27 08:51:01,"Sun, 27 Sep 2026 08:50:54 GMT",391,240,2.5,8.8,day,155.4,5791,16737,16.4,110,32,22,14,0.36,0.34,0.42,0.88,0.718,255,0.41,0.361,60,326,50,224,1,382410
2026-09-27 08:51:14,"Sun, 27 Sep 2026 08:51:08 GMT",391,241,1.8,9.2,day,155.3,4836,14296,16.14,88,28,29,12,0.25,0.36,0.43,0.85,0.75,255,0.66,0.424,51,244,51,202,0,380496
2026-09-27 08:52:04,"Sun, 27 Sep 2026 08:51:53 GMT",504,37,1.4,5.8,day,148.0,6483,17379,18.65,74,36,14,15,0.35,0.27,0.34,0.93,0.444,255,0.05,0.339,69,278,124,230,1,397149
2026-09-27 08:52:17,"Sun, 27 Sep 2026 08:52:08 GMT",506,35,3.2,12.0,day,137.5,8807,22818,18.83,127,59,24,15,0.35,0.26,0.29,0.711,0.844,255,0.28,0.282,74,496,88,287,1,390588
2026-09-27 08:53:20,"Sun, 27 Sep 2026 08:53:07 GMT",376,97,1.6,10.2,day,122.7,1155,5532,11.2,4,4,3,2,0.67,0.1,0.25,0.539,0.644,237,0.0,0.156,24,42,1,5,0,260957
2026-09-27 08:53:58,"Sun, 27 Sep 2026 08:53:53 GMT",391,242,1.8,8.8,day,153.5,4993,14201,16.38,87,22,21,13,0.32,0.33,0.4,0.884,0.754,254,0.59,0.419,58,265,52,201,1,381182
2026-09-27 08:54:11,"Sun, 27 Sep 2026 08:54:08 GMT",391,243,1.3,8.7,day,153.4,3965,12199,16.21,28,18,12,8,0.29,0.16,0.23,0.848,0.734,254,0.82,0.488,63,176,46,164,0,381357
2026-09-27 08:55:02,"Sun, 27 Sep 2026 08:54:54 GMT",504,38,1.6,6.0,day,148.1,4101,12569,18.77,30,9,9,9,0.37,0.25,0.41,0.952,0.394,247,0.0,0.406,50,122,113,186,0,399557
2026-09-27 08:55:15,"Sun, 27 Sep 2026 08:55:09 GMT",506,36,2.3,11.6,day,137.8,7181,20016,19.22,65,47,16,11,0.37,0.19,0.23,0.923,0.734,255,0.08,0.143,70,338,85,236,1,401230
2026-09-27 08:56:06,"Sun, 27 Sep 2026 08:55:53 GMT",472,52,2.2,8.0,day,115.9,2532,7606,13.57,69,15,28,11,0.22,0.46,0.54,0.858,0.884,235,0.0,0.309,29,150,8,61,0,295288
2026-09-27 08:56:18,"Sun, 27 Sep 2026 08:56:07 GMT",376,98,1.5,10.3,day,122.6,1008,5457,11.2,4,4,4,1,1.0,0.17,0.36,0.703,0.63,190,0.0,0.201,12,24,1,6,0,259905
2026-09-27 08:56:56,"Sun, 27 Sep 2026 08:56:53 GMT",391,244,1.5,9.0,day,154.2,5646,15063,16.12,34,30,9,10,0.38,0.12,0.16,0.292,0.887,253,0.29,0.28,76,285,55,195,0,379186
2026-09-27 08:57:22,"Sun, 27 Sep 2026 08:57:09 GMT",492,43,1.5,8.1,day,151.4,3794,13452,19.16,15,9,6,3,0.83,0.13,0.22,0.525,0.425,248,0.0,0.084,49,112,64,99,0,405609
2026-09-27 08:58:00,"Sun, 27 Sep 2026 08:57:54 GMT",504,39,1.3,5.5,day,148.5,4056,11509,18.95,29,17,9,6,0.54,0.2,0.3,0.958,0.334,249,0.0,0.448,47,144,113,211,0,398755
2026-09-27 08:58:13,"Sun, 27 Sep 2026 08:58:08 GMT",506,37,2.5,11.2,day,137.8,6737,20509,19.44,67,31,20,11,0.3,0.22,0.28,0.446,0.314,253,0.07,0.334,69,300,91,234,1,403659
2026-09-27 08:59:05,"Sun, 27 Sep 2026 08:58:50 GMT",71,29,8.7,10.1,day,119.0,28666,50231,11.25,452,236,47,52,0.18,0.29,0.31,0.794,0.694,252,0.01,0.422,134,1573,690,1637,0,243330
2026-09-27 08:59:18,"Sun, 27 Sep 2026 08:59:08 GMT",376,99,1.4,10.1,day,122.0,884,5049,11.32,5,3,4,3,0.42,0.22,0.45,0.181,0.837,203,0.0,0.208,13,23,0,8,0,262703
2026-09-27 08:59:55,"Sun, 27 Sep 2026 08:59:52 GMT",391,245,1.2,8.8,day,154.1,4271,13393,16.08,16,15,5,9,0.36,0.09,0.14,0.846,0.692,254,0.62,0.383,61,171,43,146,0,376087
2026-09-27 09:00:21,"Sun, 27 Sep 2026 09:00:08 GMT",492,44,1.0,7.9,day,149.4,2702,10960,19.25,4,4,3,4,0.33,0.08,0.29,0.367,0.491,255,0.75,0.238,33,49,65,88,0,407896
2026-09-27 09:04:09,"Sun, 27 Sep 2026 09:03:54 GMT",506,38,2.1,11.3,day,138.5,7349,21812,18.88,55,29,15,14,0.26,0.18,0.24,0.698,0.888,255,0.53,0.359,87,313,85,218,0,390949
2026-09-27 09:04:21,"Sun, 27 Sep 2026 09:04:08 GMT",506,39,2.0,12.1,day,137.8,6907,19166,18.49,120,31,22,15,0.36,0.34,0.4,0.413,0.483,255,0.26,0.286,69,357,84,231,1,393442
2026-09-27 09:04:58,"Sun, 27 Sep 2026 09:04:52 GMT",376,100,1.5,10.0,day,124.9,1233,6255,11.31,4,3,3,2,0.67,0.12,0.25,0.01,0.755,221,0.0,0.077,19,32,0,6,0,262800
2026-09-27 09:05:10,"Sun, 27 Sep 2026 09:05:07 GMT",376,101,1.1,9.9,day,124.9,746,4679,11.44,3,2,3,1,1.0,0.2,1.0,0.542,0.648,242,0.0,0.337,11,15,0,3,0,264366
2026-09-27 09:05:59,"Sun, 27 Sep 2026 09:05:54 GMT",492,45,2.3,8.2,day,155.3,36243,54755,16.03,3380,20,96,54,0.65,0.98,0.98,0.485,0.496,255,0.58,0.091,17,3450,78,157,0,369662
2026-09-27 09:06:12,"Sun, 27 Sep 2026 09:06:09 GMT",492,46,0.9,8.0,day,149.9,5161,22186,19.19,8,5,4,3,0.67,0.06,0.22,0.391,0.537,255,1.0,0.23,83,132,67,104,0,405812
2026-09-27 09:07:13,"Sun, 27 Sep 2026 09:07:09 GMT",506,40,1.7,11.5,day,138.1,5394,16465,18.86,60,14,16,13,0.29,0.27,0.36,0.444,0.4,254,0.05,0.382,69,226,92,222,0,391873
2026-09-27 09:08:02,"Sun, 27 Sep 2026 09:07:52 GMT",376,102,1.1,9.8,day,122.6,617,4027,11.24,2,1,2,1,1.0,0.2,0.0,0.005,0.778,198,0.0,0.176,9,10,0,2,0,261066
2026-09-27 09:08:15,"Sun, 27 Sep 2026 09:08:06 GMT",376,103,0.8,9.8,day,122.6,662,4328,11.17,2,1,2,1,1.0,0.33,0.0,0.12,0.87,200,0.0,0.39,5,6,0,3,0,260769
2026-09-27 09:09:03,"Sun, 27 Sep 2026 09:08:53 GMT",492,47,0.8,8.0,day,149.8,2956,16074,19.33,4,3,2,3,0.67,0.08,0.4,0.911,0.889,253,1.0,0.288,34,50,63,90,0,407471
2026-09-27 09:09:16,"Sun, 27 Sep 2026 09:09:09 GMT",492,48,0.7,8.0,day,149.9,2241,11191,19.48,6,6,4,3,0.5,0.12,0.32,0.047,0.877,255,0.83,0.368,27,49,63,89,0,413531
2026-09-27 09:10:06,"Sun, 27 Sep 2026 09:09:54 GMT",506,41,2.0,11.3,day,136.7,7402,19966,18.73,33,33,8,10,0.41,0.08,0.09,0.449,0.441,249,0.0,0.314,78,420,87,241,0,394519
2026-09-27 09:10:54,"Sun, 27 Sep 2026 09:10:53 GMT",376,104,1.3,9.4,day,121.5,625,3918,11.18,3,2,3,2,0.5,0.25,1.0,0.375,0.938,223,0.0,0.148,9,12,0,0,0,261356
2026-09-27 09:11:07,"Sun, 27 Sep 2026 09:10:53 GMT",376,105,0.9,9.4,day,121.5,197,2103,11.18,0,0,1,1,0.0,0.0,0.0,0.0,0.0,0,0.0,0.0,0,0,0,0,0,261356
2026-09-27 09:11:19,"Sun, 27 Sep 2026 09:11:07 GMT",376,106,0.8,9.4,day,121.4,597,3564,11.2,2,2,1,2,1.0,0.18,0.0,0.573,0.731,221,0.0,0.127,8,11,0,1,0,261672
2026-09-27 09:12:08,"Sun, 27 Sep 2026 09:11:54 GMT",492,49,0.9,8.2,day,148.4,1975,9508,19.2,11,6,5,3,0.73,0.24,0.46,0.052,0.87,254,0.36,0.331,23,45,60,89,0,407177
2026-09-27 09:12:21,"Sun, 27 Sep 2026 09:12:08 GMT",492,50,0.6,8.0,day,148.6,2035,7162,19.24,8,7,6,6,0.22,0.17,0.32,0.884,0.877,254,0.5,0.365,24,47,62,87,0,405348
2026-09-27 09:12:58,"Sun, 27 Sep 2026 09:12:53 GMT",506,42,2.0,12.0,day,138.8,6634,20418,18.59,21,19,7,8,0.38,0.08,0.1,0.343,0.465,252,0.14,0.382,86,276,89,230,0,390009
2026-09-27 09:13:10,"Sun, 27 Sep 2026 09:13:08 GMT",472,53,2.6,7.7,day,122.6,2984,10032,13.97,75,7,21,8,0.45,0.48,0.61,0.883,0.865,249,0.0,0.294,39,155,8,66,0,299364
2026-09-27 09:14:11,"Sun, 27 Sep 2026 09:14:08 GMT",376,107,0.9,9.5,day,126.8,811,5052,11.51,3,1,2,2,0.75,0.23,1.0,0.986,0.84,228,0.0,0.073,11,13,0,1,0,265481
2026-09-27 09:22:56,"Sun, 27 Sep 2026 09:22:51 GMT",376,108,1.4,9.2,day,126.7,1632,7148,11.2,7,4,4,4,0.44,0.12,0.3,0.202,0.817,248,0.0,0.149,36,57,0,3,0,260026
2026-09-27 09:23:21,"Sun, 27 Sep 2026 09:23:08 GMT",391,246,2.4,8.9,day,156.3,5913,18930,16.01,75,12,17,10,0.44,0.28,0.4,0.91,0.731,255,0.52,0.358,83,265,48,181,1,380664
2026-09-27 09:23:59,"Sun, 27 Sep 2026 09:23:53 GMT",492,51,0.9,8.0,day,149.1,2095,8658,19.22,5,5,4,3,0.42,0.11,0.25,0.871,0.889,254,1.0,0.352,25,44,63,95,0,407432
2026-09-27 09:24:13,"Sun, 27 Sep 2026 09:24:09 GMT",504,40,2.5,4.4,day,147.6,7293,24438,18.93,23,17,12,10,0.19,0.09,0.14,0.402,0.874,253,0.57,0.417,96,254,124,226,0,392883
2026-09-27 09:25:04,"Sun, 27 Sep 2026 09:24:52 GMT",472,54,3.1,7.2,day,120.9,2777,9651,13.85,41,36,14,7,0.42,0.31,0.36,0.924,0.811,206,0.0,0.225,25,134,7,58,0,301174
2026-09-27 09:25:16,"Sun, 27 Sep 2026 09:25:08 GMT",472,55,2.3,7.2,day,120.7,1853,7118,14.03,30,27,14,5,0.43,0.33,0.38,0.858,0.886,243,0.0,0.352,18,91,6,52,0,303356
2026-09-27 09:26:19,"Sun, 27 Sep 2026 09:26:09 GMT",391,247,1.9,8.9,day,156.2,4580,15055,15.89,41,25,12,8,0.43,0.21,0.33,0.938,0.746,255,0.44,0.366,67,191,52,174,0,377175
2026-09-27 09:26:58,"Sun, 27 Sep 2026 09:26:53 GMT",504,41,2.0,4.7,day,147.2,4348,16017,18.73,11,7,7,4,0.39,0.12,0.27,0.28,0.85,255,1.0,0.341,45,91,113,173,0,392762
2026-09-27 09:27:23,"Sun, 27 Sep 2026 09:27:09 GMT",504,42,1.3,4.3,day,147.7,3623,12565,18.92,14,11,7,5,0.4,0.13,0.17,0.539,0.922,254,0.86,0.381,30,107,110,188,0,394352
2026-09-27 09:28:01,"Sun, 27 Sep 2026 09:27:54 GMT",472,56,2.0,7.1,day,121.4,1532,6160,14.12,18,10,11,5,0.33,0.29,0.42,0.866,0.884,244,0.0,0.38,21,62,2,36,0,304058
2026-09-27 09:28:14,"Sun, 27 Sep 2026 09:28:07 GMT",472,57,1.4,7.2,day,121.4,1219,5132,13.98,9,5,5,6,0.3,0.18,0.35,0.969,0.815,191,0.0,0.335,27,50,2,29,0,301519
2026-09-27 09:29:05,"Sun, 27 Sep 2026 09:28:52 GMT",391,248,1.6,8.7,day,154.9,4250,14196,15.97,35,6,11,6,0.53,0.24,0.51,0.938,0.746,254,0.4,0.393,72,147,45,137,0,377316
2026-09-27 09:29:17,"Sun, 27 Sep 2026 09:29:08 GMT",391,249,1.2,8.8,day,155.0,3051,11312,15.98,21,4,11,5,0.38,0.21,0.6,0.941,0.743,253,0.24,0.428,54,99,34,98,0,377855
2026-09-27 09:29:56,"Sun, 27 Sep 2026 09:29:52 GMT",504,43,1.1,4.7,day,145.8,3729,12270,18.87,13,11,3,8,0.54,0.12,0.22,0.293,0.356,252,0.08,0.087,47,106,111,165,0,395468
2026-09-27 09:30:22,"Sun, 27 Sep 2026 09:30:09 GMT",504,44,0.9,4.4,day,146.1,3586,10245,18.83,11,8,4,5,0.55,0.09,0.13,0.17,0.189,253,0.36,0.108,41,121,112,175,0,393036
2026-09-27 09:31:02,"Sun, 27 Sep 2026 09:30:52 GMT",472,58,1.2,7.4,day,124.0,1033,4845,14.07,8,4,3,5,0.53,0.25,0.44,0.98,0.836,201,0.0,0.373,15,32,2,21,0,302867
2026-09-27 09:31:15,"Sun, 27 Sep 2026 09:31:06 GMT",376,109,1.9,8.6,day,124.0,1221,6123,11.01,5,4,3,2,0.83,0.17,0.56,0.544,0.622,149,0.0,0.13,20,30,0,3,0,255498
2026-09-27 09:32:06,"Sun, 27 Sep 2026 09:31:53 GMT",391,250,1.1,8.7,day,155.1,3223,11345,16.0,14,8,6,8,0.29,0.13,0.21,0.724,0.734,255,0.71,0.381,51,111,34,104,0,378440
2026-09-27 09:32:18,"Sun, 27 Sep 2026 09:32:09 GMT",391,251,1.1,8.6,day,155.2,3066,10210,16.01,11,10,4,6,0.46,0.11,0.24,0.779,0.675,254,0.18,0.439,48,97,42,104,0,379979
2026-09-27 09:32:56,"Sun, 27 Sep 2026 09:32:54 GMT",504,45,1.2,4.6,day,146.0,6137,15771,18.46,25,15,11,5,0.45,0.1,0.15,0.709,0.95,254,0.68,0.348,90,250,111,195,0,387609
2026-09-27 09:33:09,"Sun, 27 Sep 2026 09:32:54 GMT",504,46,0.8,4.6,day,146.0,3573,11156,18.46,10,9,8,3,0.42,0.1,0.16,0.716,0.959,254,0.8,0.466,51,105,83,129,0,387609
2026-09-27 09:33:22,"Sun, 27 Sep 2026 09:33:09 GMT",506,43,2.3,11.3,day,137.5,8911,26181,16.33,61,20,18,10,0.34,0.16,0.23,0.44,0.439,254,0.1,0.361,122,385,75,213,1,306637
2026-09-27 09:41:11,"Sun, 27 Sep 2026 09:41:08 GMT",492,52,1.3,7.5,day,148.2,3198,15917,19.2,6,5,4,3,0.5,0.1,0.3,0.035,0.741,253,0.17,0.101,35,61,57,77,0,403603
2026-09-27 09:41:24,"Sun, 27 Sep 2026 09:41:08 GMT",492,53,0.9,7.5,day,148.2,1462,8866,19.2,5,3,2,4,0.62,0.25,0.62,0.517,0.47,252,0.2,0.143,11,20,37,42,0,403603
2026-09-27 09:43:57,"Sun, 27 Sep 2026 09:43:07 GMT",376,110,2.4,8.5,day,131.8,1668,8067,11.7,11,7,7,3,0.52,0.2,0.39,0.659,0.625,241,0.0,0.154,27,54,0,2,0,268902
2026-09-27 09:44:22,"Sun, 27 Sep 2026 09:44:09 GMT",492,54,1.0,7.3,day,148.0,2083,7990,18.92,5,4,4,4,0.31,0.12,0.33,0.867,0.867,253,0.6,0.392,27,43,52,70,0,398340
2026-09-27 09:45:00,"Sun, 27 Sep 2026 09:44:53 GMT",506,44,3.0,10.8,day,140.3,8765,24849,18.83,57,37,15,15,0.25,0.13,0.17,0.426,0.355,254,0.05,0.346,104,426,68,229,0,394433
2026-09-27 09:45:13,"Sun, 27 Sep 2026 09:45:09 GMT",506,45,2.3,10.3,day,140.2,5845,19105,19.09,20,15,6,8,0.42,0.08,0.12,0.97,0.936,254,0.05,0.293,87,240,84,222,0,399097
2026-09-27 09:46:04,"Sun, 27 Sep 2026 09:45:52 GMT",376,111,2.1,8.4,day,127.8,1102,6012,11.36,9,4,8,2,0.56,0.27,0.69,0.652,0.626,225,0.0,0.219,20,33,0,6,0,263587
2026-09-27 09:46:17,"Sun, 27 Sep 2026 09:46:07 GMT",376,112,1.6,8.5,day,127.8,1266,6518,11.33,5,4,4,3,0.42,0.12,0.25,0.131,0.874,230,0.0,0.233,19,41,0,9,0,261945
2026-09-27 09:47:07,"Sun, 27 Sep 2026 09:46:56 GMT",492,55,0.9,7.3,day,150.6,3042,9888,18.9,13,8,8,4,0.41,0.12,0.17,0.364,0.507,255,1.0,0.215,40,106,59,84,0,401032
2026-09-27 09:47:20,"Sun, 27 Sep 2026 09:47:11 GMT",492,56,1.7,7.3,day,147.7,2863,7922,19.25,15,10,4,9,0.42,0.12,0.18,0.849,0.289,254,0.4,0.09,42,120,52,73,0,409004
2026-09-27 09:47:59,"Sun, 27 Sep 2026 09:47:53 GMT",506,46,2.2,10.3,day,138.7,7014,20205,18.94,36,33,10,9,0.4,0.11,0.14,0.444,0.38,245,0.0,0.384,86,342,85,253,0,393023
2026-09-27 09:48:12,"Sun, 27 Sep 2026 09:48:08 GMT",506,47,1.8,10.1,day,138.9,5746,18189,19.05,36,24,11,11,0.3,0.14,0.2,0.426,0.367,247,0.0,0.381,78,255,80,212,0,391753
2026-09-27 09:49:04,"Sun, 27 Sep 2026 09:48:52 GMT",376,113,1.3,8.4,day,131.9,802,5047,11.65,4,2,3,2,0.67,0.18,1.0,0.133,0.861,215,0.0,0.293,16,22,0,9,0,267826
2026-09-27 09:49:16,"Sun, 27 Sep 2026 09:49:06 GMT",376,114,0.8,8.5,day,131.7,670,4396,11.53,4,2,2,3,0.67,0.25,1.0,0.138,0.87,222,0.0,0.259,12,16,0,3,0,265563
2026-09-27 09:50:07,"Sun, 27 Sep 2026 09:49:54 GMT",492,57,0.7,7.2,day,148.5,1846,7175,19.24,6,5,6,4,0.25,0.1,0.19,0.943,0.904,251,0.5,0.331,29,60,42,66,0,409738
2026-09-27 09:50:20,"Sun, 27 Sep 2026 09:50:07 GMT",492,58,0.7,7.3,day,148.5,1816,5536,19.23,10,6,7,7,0.2,0.17,0.26,0.891,0.872,253,0.1,0.285,23,59,54,78,0,406578
2026-09-27 09:50:59,"Sun, 27 Sep 2026 09:50:53 GMT",506,48,1.6,10.3,day,138.5,4560,14764,19.0,24,12,7,9,0.38,0.13,0.2,0.626,0.39,251,0.04,0.298,68,186,61,172,0,396276
2026-09-27 09:55:00,"Sun, 27 Sep 2026 09:54:53 GMT",376,115,1.7,8.4,day,127.0,868,5216,11.44,3,3,3,1,1.0,0.16,0.5,0.552,0.63,207,0.0,0.27,13,19,0,6,0,265750
2026-09-27 09:55:13,"Sun, 27 Sep 2026 09:55:07 GMT",376,116,1.3,8.4,day,127.0,484,3561,11.47,2,1,1,2,1.0,0.29,0.0,0.094,0.824,243,0.0,0.155,6,7,0,2,0,266256
2026-09-27 09:56:03,"Sun, 27 Sep 2026 09:55:54 GMT",492,59,0.7,6.9,day,146.4,1608,6641,19.22,5,5,4,2,0.62,0.15,0.36,0.019,0.711,252,0.2,0.22,20,34,51,69,0,410736
2026-09-27 09:56:16,"Sun, 27 Sep 2026 09:56:09 GMT",504,47,1.8,3.8,day,147.6,6291,21026,17.17,23,14,9,5,0.51,0.12,0.19,0.451,0.905,254,0.7,0.377,69,187,109,190,0,335853
2026-09-27 09:57:07,"Sun, 27 Sep 2026 09:56:53 GMT",506,49,1.6,10.2,day,139.5,4659,15203,19.13,34,12,13,11,0.24,0.19,0.31,0.447,0.356,246,0.0,0.396,74,182,65,163,0,395846
2026-09-27 09:57:19,"Sun, 27 Sep 2026 09:57:07 GMT",472,59,2.7,7.0,day,127.3,2873,9826,14.27,59,27,18,7,0.47,0.43,0.57,0.9,0.83,241,0.0,0.249,34,137,3,41,0,307181
2026-09-27 09:57:57,"Sun, 27 Sep 2026 09:57:52 GMT",376,117,0.9,8.5,day,132.5,702,4349,11.53,3,2,2,2,0.75,0.33,1.0,0.139,0.877,220,0.0,0.331,6,9,0,3,0,266156
2026-09-27 09:58:22,"Sun, 27 Sep 2026 09:58:10 GMT",391,252,2.3,7.9,day,154.9,5031,18123,16.1,68,6,13,10,0.52,0.37,0.58,0.938,0.672,255,0.26,0.267,69,186,32,103,1,377924
2026-09-27 09:59:00,"Sun, 27 Sep 2026 09:58:54 GMT",492,60,0.7,6.9,day,148.8,1842,7188,19.02,8,4,4,6,0.33,0.22,0.53,0.921,0.887,251,0.12,0.294,20,37,48,61,0,406386
2026-09-27 09:59:13,"Sun, 27 Sep 2026 09:59:08 GMT",504,48,1.3,4.2,day,145.1,4228,15388,18.69,8,7,5,3,0.53,0.07,0.12,0.78,0.965,254,0.62,0.347,54,113,108,177,0,393161
2026-09-27 10:00:04,"Sun, 27 Sep 2026 09:59:53 GMT",506,50,5.3,8.3,day,140.8,39118,55651,15.53,3537,29,96,54,0.68,0.98,0.99,0.513,0.495,255,0.39,0.134,14,3601,84,387,0,343954
2026-09-27 10:00:16,"Sun, 27 Sep 2026 10:00:08 GMT",472,60,2.4,7.5,day,130.5,1945,7751,14.33,31,19,13,5,0.48,0.33,0.42,0.875,0.841,249,0.0,0.266,22,93,5,39,0,308212
2026-09-27 10:01:06,"Sun, 27 Sep 2026 10:00:53 GMT",376,118,1.3,8.5,day,128.5,774,4309,11.32,2,2,1,2,1.0,0.15,0.0,0.948,0.769,179,0.0,0.126,10,13,0,1,0,264413
2026-09-27 10:01:19,"Sun, 27 Sep 2026 10:01:08 GMT",391,253,2.1,8.1,day,157.3,4986,15520,15.74,53,45,12,8,0.55,0.22,0.3,0.947,0.679,255,0.36,0.31,67,242,40,135,1,374241
2026-09-27 10:01:57,"Sun, 27 Sep 2026 10:01:53 GMT",492,61,0.8,6.8,day,146.9,2158,6843,18.86,7,6,4,4,0.44,0.1,0.21,0.365,0.489,255,0.86,0.186,36,67,50,76,0,394349
2026-09-27 10:02:22,"Sun, 27 Sep 2026 10:02:08 GMT",504,49,1.6,4.0,day,145.1,4844,17099,18.68,17,14,4,9,0.47,0.12,0.21,0.814,0.232,254,0.53,0.112,56,137,102,165,0,392488
2026-09-27 10:03:00,"Sun, 27 Sep 2026 10:02:52 GMT",472,61,1.7,7.0,day,130.2,1647,6641,14.29,26,4,17,4,0.38,0.43,0.72,0.901,0.842,235,0.0,0.359,23,61,6,39,0,307135
2026-09-27 10:03:13,"Sun, 27 Sep 2026 10:03:08 GMT",472,62,1.5,7.5,day,130.5,1042,4791,14.39,10,3,7,3,0.48,0.29,0.77,0.886,0.846,240,0.0,0.402,21,34,2,22,0,308397
2026-09-27 10:04:05,"Sun, 27 Sep 2026 10:03:52 GMT",376,119,1.0,8.4,day,133.1,496,3882,11.67,1,1,1,1,1.0,0.12,0.0,0.708,0.241,244,0.0,0.369,8,8,0,2,0,269447
2026-09-27 10:04:17,"Sun, 27 Sep 2026 10:04:08 GMT",391,254,1.9,7.6,day,155.6,4282,14312,16.38,39,11,13,8,0.38,0.23,0.36,0.94,0.679,255,0.33,0.34,58,167,36,120,0,384656
2026-09-27 10:04:55,"Sun, 27 Sep 2026 10:04:53 GMT",504,50,1.6,4.2,day,140.9,3555,13972,18.41,14,5,4,7,0.5,0.15,0.29,0.272,0.933,254,1.0,0.482,43,91,117,175,0,372059
2026-09-27 10:05:08,"Sun, 27 Sep 2026 10:04:53 GMT",504,51,1.1,4.2,day,140.9,1840,8170,18.41,6,2,4,4,0.38,0.25,1.0,0.274,0.954,254,1.0,0.513,16,24,84,105,0,372059
2026-09-27 10:05:20,"Sun, 27 Sep 2026 10:05:08 GMT",504,52,0.7,4.1,day,145.2,3857,12224,18.48,30,9,11,6,0.45,0.23,0.33,0.942,0.416,248,0.0,0.362,43,128,100,160,0,385820
2026-09-27 10:11:55,"Sun, 27 Sep 2026 10:11:53 GMT",472,63,1.6,7.0,day,131.0,1515,5530,14.29,22,14,13,5,0.34,0.32,0.41,0.886,0.823,238,0.0,0.306,18,68,3,27,0,306470
2026-09-27 10:12:19,"Sun, 27 Sep 2026 10:12:08 GMT",376,120,1.6,8.7,day,129.4,1153,5624,11.33,6,5,3,3,0.67,0.18,0.27,0.418,0.148,197,0.0,0.064,17,34,0,4,0,262305
2026-09-27 10:12:55,"Sun, 27 Sep 2026 10:12:52 GMT",391,255,1.8,7.2,day,156.3,3508,12868,16.29,24,11,9,6,0.44,0.23,0.41,0.96,0.644,253,0.12,0.302,50,106,30,80,0,382560
2026-09-27 10:13:20,"Sun, 27 Sep 2026 10:13:09 GMT",391,256,1.5,7.4,day,156.0,3679,11914,15.89,39,15,9,12,0.36,0.25,0.41,0.273,0.868,251,0.15,0.283,56,156,27,91,0,375910
2026-09-27 10:14:08,"Sun, 27 Sep 2026 10:13:56 GMT",504,53,1.1,4.3,day,145.4,3546,11141,18.75,25,8,8,8,0.39,0.22,0.36,0.952,0.356,251,0.04,0.406,49,116,93,154,0,393786
2026-09-27 10:14:20,"Sun, 27 Sep 2026 10:14:08 GMT",506,51,3.1,10.0,day,138.5,10843,32854,18.83,78,26,11,13,0.55,0.16,0.23,0.945,0.776,254,0.12,0.224,154,478,84,245,1,391492
2026-09-27 10:15:09,"Sun, 27 Sep 2026 10:15:06 GMT",472,64,1.5,7.3,day,130.7,1962,6869,14.23,13,7,10,3,0.43,0.17,0.24,0.897,0.821,219,0.0,0.332,28,78,3,35,0,305520
2026-09-27 10:15:57,"Sun, 27 Sep 2026 10:15:53 GMT",391,257,1.1,7.2,day,156.2,2862,11782,15.96,12,5,6,6,0.33,0.13,0.35,0.97,0.623,245,0.0,0.306,48,89,21,66,0,375669
2026-09-27 10:16:09,"Sun, 27 Sep 2026 10:16:08 GMT",171,33,4.3,7.7,day,161.2,26546,50294,13.33,594,462,50,38,0.31,0.34,0.36,0.229,0.658,255,0.58,0.427,148,1750,346,1795,1,314355
2026-09-27 10:16:21,"Sun, 27 Sep 2026 10:16:08 GMT",171,34,3.0,7.7,day,161.2,15514,41355,13.33,43,32,12,12,0.3,0.06,0.09,0.055,0.612,255,0.47,0.466,244,683,260,906,0,314355
2026-09-27 10:16:58,"Sun, 27 Sep 2026 10:16:55 GMT",504,54,1.1,4.1,day,145.5,5381,21545,18.88,7,7,4,2,0.88,0.05,0.1,0.487,0.36,209,0.0,0.069,69,129,86,144,0,394936
2026-09-27 10:17:22,"Sun, 27 Sep 2026 10:17:09 GMT",506,52,2.3,10.1,day,138.8,10430,32193,19.27,54,24,9,12,0.5,0.14,0.21,0.956,0.783,254,0.17,0.267,145,394,77,235,1,400834
2026-09-27 10:17:59,"Sun, 27 Sep 2026 10:17:53 GMT",472,65,1.2,7.1,day,130.9,1525,5962,14.45,15,7,10,3,0.5,0.25,0.38,0.934,0.831,222,0.0,0.357,24,60,3,31,0,309486
2026-09-27 10:18:11,"Sun, 27 Sep 2026 10:18:07 GMT",376,121,1.4,8.6,day,132.9,760,4787,11.51,4,1,4,1,1.0,0.24,1.0,0.547,0.611,196,0.0,0.178,14,17,0,0,0,267954
2026-09-27 10:19:00,"Sun, 27 Sep 2026 10:18:53 GMT",391,258,1.2,6.9,day,156.7,3168,11402,16.55,7,3,5,3,0.47,0.08,0.32,0.969,0.63,228,0.0,0.369,62,91,27,62,0,387912
2026-09-27 10:19:13,"Sun, 27 Sep 2026 10:19:09 GMT",492,62,1.7,6.1,day,149.4,3085,11807,19.3,14,14,5,5,0.56,0.14,0.19,0.866,0.435,196,0.0,0.082,35,97,49,74,0,406489
2026-09-27 10:20:02,"Sun, 27 Sep 2026 10:19:54 GMT",504,55,1.1,3.9,day,145.8,3044,10837,18.68,14,11,4,6,0.58,0.14,0.22,0.592,0.286,253,0.5,0.092,35,98,91,148,0,383185
2026-09-27 10:21:03,"Sun, 27 Sep 2026 10:20:53 GMT",175,23,7.0,7.6,day,133.3,19774,41820,12.38,286,149,57,12,0.42,0.22,0.24,0.222,0.335,255,0.05,0.196,139,1288,111,756,0,301178
2026-09-27 10:21:15,"Sun, 27 Sep 2026 10:21:07 GMT",376,122,1.3,8.7,day,134.9,662,4428,11.64,4,1,4,1,1.0,0.33,1.0,0.547,0.611,201,0.0,0.227,9,12,0,1,0,269510
2026-09-27 10:22:04,"Sun, 27 Sep 2026 10:21:52 GMT",391,259,0.9,6.8,day,156.5,2230,8821,16.21,5,4,2,4,0.62,0.08,0.19,0.731,0.756,254,0.4,0.456,39,62,21,55,0,381053
2026-09-27 10:22:16,"Sun, 27 Sep 2026 10:22:09 GMT",492,63,1.8,6.1,day,144.9,1970,8245,19.03,14,11,10,2,0.7,0.29,0.48,0.854,0.974,254,0.43,0.436,17,48,41,61,0,401567
2026-09-27 10:23:05,"Sun, 27 Sep 2026 10:22:53 GMT",504,56,1.3,4.4,day,142.9,3505,12164,18.84,48,10,14,11,0.31,0.35,0.47,0.909,0.435,254,0.02,0.305,40,139,82,135,1,394545
2026-09-27 10:23:18,"Sun, 27 Sep 2026 10:23:07 GMT",506,53,2.4,10.4,day,140.8,6406,24453,18.86,22,18,8,5,0.55,0.09,0.14,0.957,0.822,254,0.32,0.334,90,239,76,197,0,396104
2026-09-27 10:31:41,"Sun, 27 Sep 2026 10:31:08 GMT",492,64,1.3,5.9,day,145.7,2650,12600,18.74,22,7,8,8,0.34,0.3,0.52,0.125,0.671,255,0.36,0.133,32,74,43,68,0,389484
2026-09-27 10:32:07,"Sun, 27 Sep 2026 10:31:53 GMT",506,54,1.8,10.3,day,142.0,4814,19617,19.06,12,7,5,4,0.6,0.09,0.14,0.436,0.326,204,0.0,0.435,64,139,69,157,0,390329
2026-09-27 10:32:19,"Sun, 27 Sep 2026 10:32:07 GMT",30,76,10.9,11.3,day,133.3,28583,52793,14.88,355,284,51,29,0.24,0.19,0.2,0.808,0.466,255,0.06,0.385,153,1881,273,1443,0,329670
2026-09-27 10:32:57,"Sun, 27 Sep 2026 10:32:53 GMT",376,123,1.9,8.9,day,137.6,1081,5738,11.68,8,6,7,2,0.57,0.22,0.38,0.573,0.609,207,0.0,0.171,16,36,1,3,0,269928
2026-09-27 10:33:10,"Sun, 27 Sep 2026 10:33:07 GMT",376,124,1.4,8.9,day,137.7,865,4787,11.57,6,3,6,1,1.0,0.22,0.5,0.568,0.611,199,0.0,0.242,14,27,1,9,0,267386
2026-09-27 10:34:02,"Sun, 27 Sep 2026 10:33:54 GMT",492,65,1.1,5.8,day,146.0,2063,8920,19.11,16,5,7,6,0.38,0.28,0.5,0.125,0.647,254,0.31,0.159,24,58,44,59,0,403405
2026-09-27 10:34:15,"Sun, 27 Sep 2026 10:34:09 GMT",492,66,0.8,5.8,day,146.1,1549,5480,19.05,9,7,7,3,0.43,0.19,0.36,0.032,0.87,255,0.11,0.313,21,48,40,61,0,400781
2026-09-27 10:35:08,"Sun, 27 Sep 2026 10:34:53 GMT",506,55,1.5,10.4,day,141.7,3721,15448,19.25,12,9,6,5,0.4,0.1,0.16,0.443,0.289,253,0.33,0.359,50,120,67,125,0,405087
2026-09-27 10:35:20,"Sun, 27 Sep 2026 10:35:07 GMT",472,66,2.0,7.4,day,135.2,1770,6719,14.32,35,8,14,5,0.5,0.46,0.65,0.917,0.804,218,0.0,0.247,21,76,2,24,0,307415
2026-09-27 10:35:58,"Sun, 27 Sep 2026 10:35:51 GMT",376,125,1.1,9.0,day,139.4,751,4887,11.63,5,2,5,1,1.0,0.36,1.0,0.573,0.611,204,0.0,0.269,9,14,1,5,0,268977
2026-09-27 10:36:11,"Sun, 27 Sep 2026 10:36:08 GMT",363,6,9.0,10.7,day,125.1,32669,55326,13.39,2460,14,96,54,0.47,0.94,0.95,0.503,0.452,254,0.02,0.147,62,2626,0,0,0,290420
2026-09-27 10:37:03,"Sun, 27 Sep 2026 10:36:54 GMT",492,67,1.0,5.7,day,147.9,4487,11907,18.81,31,29,10,9,0.34,0.13,0.16,0.357,0.527,255,0.77,0.127,49,238,37,63,0,396640
2026-09-27 10:38:06,"Sun, 27 Sep 2026 10:37:54 GMT",506,56,1.6,10.5,day,141.8,6863,20008,18.78,114,40,20,18,0.32,0.33,0.4,0.409,0.44,255,0.17,0.321,68,346,77,212,1,397024
2026-09-27 10:38:19,"Sun, 27 Sep 2026 10:38:08 GMT",472,67,1.8,7.4,day,135.4,1677,6542,14.34,26,10,14,4,0.46,0.38,0.57,0.92,0.808,221,0.0,0.308,20,68,0,26,0,307887
2026-09-27 10:38:57,"Sun, 27 Sep 2026 10:38:52 GMT",376,126,1.2,9.2,day,137.2,1072,5417,11.4,4,3,2,3,0.67,0.12,0.4,0.13,0.866,235,0.0,0.236,22,32,1,6,0,264563
2026-09-27 10:39:22,"Sun, 27 Sep 2026 10:39:08 GMT",391,260,1.4,6.8,day,158.3,4691,14780,15.85,13,13,7,4,0.46,0.06,0.1,0.518,0.728,255,0.92,0.46,81,207,23,93,0,375116
2026-09-27 10:40:00,"Sun, 27 Sep 2026 10:39:52 GMT",492,68,1.0,5.9,day,150.2,3160,11518,18.88,33,15,8,7,0.59,0.25,0.32,0.035,0.84,254,0.06,0.194,36,132,49,86,0,395783
2026-09-27 10:40:13,"Sun, 27 Sep 2026 10:40:08 GMT",504,57,1.6,4.4,day,142.2,4396,16231,18.61,10,9,4,4,0.62,0.08,0.16,0.433,0.92,253,0.6,0.445,65,120,90,153,0,387396
2026-09-27 10:41:04,"Sun, 27 Sep 2026 10:40:53 GMT",88,41,7.2,8.3,day,149.2,28878,51694,14.25,816,244,67,31,0.39,0.46,0.49,0.73,0.711,255,0.36,0.434,147,1781,503,1961,0,325715
2026-09-27 10:41:16,"Sun, 27 Sep 2026 10:41:08 GMT",472,68,1.4,7.3,day,135.4,1411,5771,14.48,19,8,12,4,0.4,0.35,0.56,0.93,0.811,216,0.0,0.355,21,55,1,26,0,311134
