utc,last_modified,preset,n,dist,dist2,mode,bright,px,pxlo,edge,blob,blob2,bw,bh,fill,dom,dom2,cx,cy,bpk,bsat,bact,nblobs,blocks,vetoed,veto30,hit,bytes
2026-09-13 00:01:55,"Sun, 13 Sep 2026 00:01:46 GMT",4,1630,0.3,11.6,night,63.9,43,956,8.87,0,0,1,1,0.0,0.0,0.0,0.0,0.0,0,0.0,0.0,0,0,0,0,0,78928
2026-09-13 00:02:47,"Sun, 13 Sep 2026 00:02:01 GMT",42,34,4.2,10.8,night,36.1,1219,13334,3.18,34,4,17,5,0.4,0.59,0.77,0.424,0.621,100,0.0,0.322,18,58,0,23,0,37438
2026-09-13 00:02:58,"Sun, 13 Sep 2026 00:02:46 GMT",35,65,4.2,11.0,night,18.6,4864,12615,2.98,299,9,60,16,0.31,0.88,0.94,0.42,0.482,210,0.0,0.32,23,338,20,193,0,37640
2026-09-13 00:03:10,"Sun, 13 Sep 2026 00:03:01 GMT",2,1720,0.3,12.6,night,35.3,44,109,5.34,2,0,2,1,1.0,1.0,0.0,0.161,0.759,185,0.0,0.288,1,2,0,1,0,62231
2026-09-13 00:03:51,"Sun, 13 Sep 2026 00:03:47 GMT",30,1546,0.4,9.4,night,46.5,15,126,8.09,0,0,1,1,0.0,0.0,0.0,0.0,0.0,0,0.0,0.0,0,0,0,0,0,88779
2026-09-13 00:04:03,"Sun, 13 Sep 2026 00:04:01 GMT",30,1547,0.3,9.4,night,46.5,6,59,8.08,0,0,1,1,0.0,0.0,0.0,0.0,0.0,0,0.0,0.0,0,0,0,0,0,88707
2026-09-13 00:04:51,"Sun, 13 Sep 2026 00:04:46 GMT",3,1635,0.3,9.5,night,58.6,6,22,6.67,0,0,1,1,0.0,0.0,0.0,0.0,0.0,0,0.0,0.0,0,0,0,0,0,72675
2026-09-13 00:05:07,"Sun, 13 Sep 2026 00:05:01 GMT",3,1636,0.2,9.5,night,58.6,3,9,6.67,0,0,1,1,0.0,0.0,0.0,0.0,0.0,0,0.0,0.0,0,0,0,0,0,72715
2026-09-13 00:05:59,"Sun, 13 Sep 2026 00:05:46 GMT",4,1631,0.3,11.6,night,63.9,81,1349,8.88,0,0,1,1,0.0,0.0,0.0,0.0,0.0,0,0.0,0.0,0,0,0,0,0,78944
2026-09-13 00:06:11,"Sun, 13 Sep 2026 00:06:00 GMT",31,1322,0.3,9.0,night,40.4,86,264,7.15,6,0,6,1,1.0,1.0,1.0,0.38,0.389,85,0.0,0.148,1,6,0,0,0,83964
2026-09-13 00:06:52,"Sun, 13 Sep 2026 00:06:46 GMT",2,1721,0.2,12.5,night,35.2,33,79,5.32,1,0,1,1,1.0,1.0,0.0,0.156,0.759,175,0.0,0.235,1,1,0,0,0,61996
2026-09-13 00:07:04,"Sun, 13 Sep 2026 00:07:01 GMT",2,1722,0.1,12.5,night,35.2,25,59,5.32,1,0,1,1,1.0,1.0,0.0,0.156,0.759,175,0.0,0.281,1,1,0,0,0,62027
2026-09-13 00:07:56,"Sun, 13 Sep 2026 00:07:46 GMT",30,1548,0.2,9.4,night,46.5,2,45,8.11,0,0,1,1,0.0,0.0,0.0,0.0,0.0,0,0.0,0.0,0,0,0,0,0,88874
2026-09-13 00:08:20,"Sun, 13 Sep 2026 00:08:01 GMT",30,1549,0.2,9.4,night,46.6,1,26,8.1,0,0,1,1,0.0,0.0,0.0,0.0,0.0,0,0.0,0.0,0,0,0,0,0,89019
2026-09-13 00:09:00,"Sun, 13 Sep 2026 00:08:46 GMT",3,1637,0.2,9.6,night,58.6,4,15,6.68,0,0,1,1,0.0,0.0,0.0,0.0,0.0,0,0.0,0.0,0,0,0,0,0,72686
2026-09-13 00:09:12,"Sun, 13 Sep 2026 00:09:01 GMT",4,1632,0.4,11.7,night,63.2,20,261,8.9,0,0,1,1,0.0,0.0,0.0,0.0,0.0,0,0.0,0.0,0,0,0,0,0,79310
2026-09-13 00:09:52,"Sun, 13 Sep 2026 00:09:46 GMT",31,1323,0.5,9.3,night,40.7,77,215,7.18,3,2,3,1,1.0,0.6,1.0,0.375,0.389,122,0.0,0.191,2,5,0,0,0,84006
2026-09-13 00:10:04,"Sun, 13 Sep 2026 00:10:01 GMT",31,1324,0.4,9.3,night,40.7,53,161,7.19,3,0,3,1,1.0,1.0,1.0,0.385,0.389,119,0.0,0.25,1,3,0,0,0,84248
2026-09-13 00:10:52,"Sun, 13 Sep 2026 00:10:46 GMT",2,1723,0.2,12.5,night,35.2,40,81,5.33,3,0,3,1,1.0,1.0,1.0,0.156,0.759,211,0.0,0.291,1,3,0,2,0,61952
2026-09-13 00:11:04,"Sun, 13 Sep 2026 00:11:01 GMT",2,1724,0.1,12.5,night,35.2,30,64,5.32,2,0,2,1,1.0,1.0,0.0,0.151,0.759,210,0.0,0.29,1,2,0,1,0,62015
2026-09-13 00:11:57,"Sun, 13 Sep 2026 00:11:46 GMT",30,1550,0.2,9.4,night,46.6,11,64,8.1,0,0,1,1,0.0,0.0,0.0,0.0,0.0,0,0.0,0.0,0,0,0,0,0,88883
2026-09-13 00:28:12,"Sun, 13 Sep 2026 00:28:01 GMT",4,1633,0.3,11.6,night,63.8,193,1000,8.86,2,2,2,1,1.0,0.33,0.0,0.589,0.759,190,0.0,0.068,4,6,0,0,0,78789
2026-09-13 00:28:51,"Sun, 13 Sep 2026 00:28:46 GMT",31,1325,0.6,8.9,night,39.8,49,222,7.0,2,0,2,1,1.0,1.0,0.0,0.401,0.389,103,0.0,0.285,1,2,0,0,0,82244
2026-09-13 00:29:14,"Sun, 13 Sep 2026 00:29:01 GMT",31,1326,0.5,8.8,night,40.1,14,133,7.11,0,0,1,1,0.0,0.0,0.0,0.0,0.0,0,0.0,0.0,0,0,0,0,0,83720
2026-09-13 00:29:53,"Sun, 13 Sep 2026 00:29:46 GMT",2,1725,0.1,12.5,night,35.1,37,80,5.32,2,0,2,1,1.0,1.0,0.0,0.151,0.759,206,0.0,0.333,1,2,0,1,0,61987
2026-09-13 00:30:04,"Sun, 13 Sep 2026 00:30:01 GMT",2,1726,0.1,12.5,night,35.2,30,70,5.33,2,0,2,1,1.0,1.0,0.0,0.151,0.759,206,0.0,0.373,1,2,0,2,0,61944
2026-09-13 00:30:55,"Sun, 13 Sep 2026 00:30:46 GMT",30,1551,0.2,9.3,night,46.4,28,137,8.1,1,0,1,1,1.0,1.0,0.0,0.167,0.537,51,0.0,0.119,1,1,0,0,0,88775
2026-09-13 00:31:10,"Sun, 13 Sep 2026 00:31:01 GMT",3,1638,0.3,9.6,night,59.3,13,111,6.72,0,0,1,1,0.0,0.0,0.0,0.0,0.0,0,0.0,0.0,0,0,0,0,0,72949
2026-09-13 00:31:57,"Sun, 13 Sep 2026 00:31:46 GMT",4,1634,0.4,11.5,night,64.0,108,1057,8.84,2,1,2,1,1.0,0.5,0.0,0.589,0.759,188,0.0,0.124,3,4,0,0,0,78495
2026-09-13 00:32:08,"Sun, 13 Sep 2026 00:32:01 GMT",4,1635,0.2,11.5,night,64.0,61,493,8.87,1,1,1,1,1.0,0.5,0.0,0.583,0.759,181,0.0,0.181,2,2,0,0,0,79096
2026-09-13 00:32:51,"Sun, 13 Sep 2026 00:32:46 GMT",31,1327,0.3,8.9,night,40.1,96,244,7.11,7,0,5,2,0.7,1.0,1.0,0.376,0.399,111,0.0,0.157,1,7,0,1,0,83648
2026-09-13 00:33:03,"Sun, 13 Sep 2026 00:33:01 GMT",31,1328,0.3,8.9,night,40.1,79,207,7.11,7,0,5,2,0.7,1.0,1.0,0.376,0.399,111,0.0,0.208,1,7,0,3,0,83689
2026-09-13 00:33:50,"Sun, 13 Sep 2026 00:33:46 GMT",2,1727,0.4,12.4,night,35.3,30,62,5.37,1,0,1,1,1.0,1.0,0.0,0.146,0.759,205,0.0,0.349,1,1,0,1,0,62008
2026-09-13 00:34:13,"Sun, 13 Sep 2026 00:34:02 GMT",30,1552,0.5,9.2,night,47.7,4,49,8.24,0,0,1,1,0.0,0.0,0.0,0.0,0.0,0,0.0,0.0,0,0,0,0,0,89971
2026-09-13 00:34:48,"Sun, 13 Sep 2026 00:34:46 GMT",36,40,2.6,10.7,night,126.7,1031,9587,8.57,7,6,4,2,0.88,0.18,0.39,0.555,0.749,254,0.14,0.19,20,38,2,18,0,83759
2026-09-13 00:35:03,"Sun, 13 Sep 2026 00:35:00 GMT",3,1639,0.3,9.6,night,58.8,20,109,6.71,0,0,1,1,0.0,0.0,0.0,0.0,0.0,0,0.0,0.0,0,0,0,0,0,73114
2026-09-13 00:35:58,"Sun, 13 Sep 2026 00:35:47 GMT",4,1636,0.2,11.6,night,63.8,102,1025,8.89,1,1,1,1,1.0,0.5,0.0,0.583,0.759,190,0.0,0.23,2,2,0,0,0,79018
2026-09-13 00:36:10,"Sun, 13 Sep 2026 00:36:02 GMT",4,1637,0.2,11.5,night,63.8,45,358,8.86,1,1,1,1,1.0,0.5,0.0,0.583,0.759,184,0.0,0.276,2,2,0,0,0,78872
2026-09-13 00:36:53,"Sun, 13 Sep 2026 00:36:47 GMT",31,1329,0.3,8.8,night,40.0,108,244,7.12,8,0,6,2,0.67,1.0,1.0,0.406,0.398,107,0.0,0.167,1,8,0,2,0,83582
2026-09-13 00:37:04,"Sun, 13 Sep 2026 00:37:01 GMT",35,66,1.9,10.5,night,14.0,805,3887,2.8,5,4,5,1,1.0,0.15,0.28,0.344,0.593,192,0.0,0.553,16,33,19,49,0,36619
2026-09-13 00:37:50,"Sun, 13 Sep 2026 00:37:46 GMT",68,21,2.6,8.9,night,44.2,7178,23260,4.99,106,78,25,16,0.27,0.28,0.35,0.26,0.806,209,0.0,0.437,75,378,86,345,0,57492
2026-09-13 00:38:06,"Sun, 13 Sep 2026 00:38:01 GMT",30,1553,0.3,9.2,night,46.3,13,83,8.12,0,0,1,1,0.0,0.0,0.0,0.0,0.0,0,0.0,0.0,0,0,0,0,0,89054
2026-09-13 00:39:08,"Sun, 13 Sep 2026 00:39:01 GMT",3,1640,0.3,9.5,night,58.9,3,48,6.71,0,0,1,1,0.0,0.0,0.0,0.0,0.0,0,0.0,0.0,0,0,0,0,0,73215
2026-09-13 00:39:54,"Sun, 13 Sep 2026 00:39:46 GMT",4,1638,0.2,11.5,night,63.9,28,270,8.86,0,0,1,1,0.0,0.0,0.0,0.0,0.0,0,0.0,0.0,0,0,0,0,0,79018
2026-09-13 00:49:37,"Sun, 13 Sep 2026 00:49:01 GMT",2,1728,0.3,12.6,night,35.3,56,120,5.33,3,1,3,1,1.0,0.75,1.0,0.177,0.759,85,0.0,0.21,2,4,0,2,0,62142
2026-09-13 00:49:49,"Sun, 13 Sep 2026 00:49:46 GMT",30,1554,0.2,9.2,night,46.4,18,106,8.09,0,0,1,1,0.0,0.0,0.0,0.0,0.0,0,0.0,0.0,0,0,0,0,0,88732
2026-09-13 00:50:05,"Sun, 13 Sep 2026 00:50:01 GMT",3,1641,0.3,9.6,night,58.9,22,135,6.73,0,0,1,1,0.0,0.0,0.0,0.0,0.0,0,0.0,0.0,0,0,0,0,0,73408
2026-09-13 00:50:53,"Sun, 13 Sep 2026 00:50:46 GMT",4,1639,0.5,11.7,night,64.3,154,946,8.88,2,1,2,1,1.0,0.4,0.0,0.474,0.926,53,0.0,0.211,4,5,0,2,0,78907
2026-09-13 00:51:05,"Sun, 13 Sep 2026 00:51:01 GMT",4,1640,0.3,11.7,night,64.3,90,662,8.9,2,1,2,1,1.0,0.67,0.0,0.474,0.926,49,0.0,0.259,2,3,0,2,0,79049
2026-09-13 00:51:57,"Sun, 13 Sep 2026 00:51:46 GMT",31,1330,0.7,9.3,night,40.6,124,391,7.19,4,0,4,1,1.0,1.0,1.0,0.443,0.389,106,0.0,0.144,1,4,0,0,0,84206
2026-09-13 00:52:09,"Sun, 13 Sep 2026 00:52:02 GMT",31,1331,0.5,9.3,night,40.6,67,244,7.18,4,0,4,1,1.0,1.0,1.0,0.443,0.389,106,0.0,0.195,1,4,0,0,0,84353
2026-09-13 00:53:01,"Sun, 13 Sep 2026 00:52:47 GMT",2,1729,0.4,12.3,night,35.2,45,104,5.35,2,1,2,1,1.0,0.67,0.0,0.182,0.759,84,0.0,0.196,2,3,0,1,0,61996
2026-09-13 00:53:53,"Sun, 13 Sep 2026 00:53:47 GMT",3,1642,0.2,9.7,night,59.0,22,142,6.68,0,0,1,1,0.0,0.0,0.0,0.0,0.0,0,0.0,0.0,0,0,0,0,0,72241
2026-09-13 00:54:04,"Sun, 13 Sep 2026 00:54:01 GMT",3,1643,0.2,9.6,night,58.9,6,38,6.75,0,0,1,1,0.0,0.0,0.0,0.0,0.0,0,0.0,0.0,0,0,0,0,0,73376
2026-09-13 00:54:56,"Sun, 13 Sep 2026 00:54:46 GMT",4,1641,0.3,11.6,night,63.9,196,1487,8.88,2,2,1,2,1.0,0.29,0.0,0.604,0.731,168,0.0,0.063,5,7,0,2,0,78971
2026-09-13 00:55:12,"Sun, 13 Sep 2026 00:55:00 GMT",4,1642,0.3,11.6,night,63.9,150,1056,8.88,2,2,2,2,0.5,0.4,0.0,0.797,0.731,176,0.0,0.08,3,5,0,1,0,78976
2026-09-13 00:55:52,"Sun, 13 Sep 2026 00:55:47 GMT",31,1332,0.5,9.5,night,41.2,68,232,7.25,3,0,3,2,0.5,1.0,1.0,0.448,0.377,109,0.0,0.105,1,3,0,0,0,84911
2026-09-13 00:56:08,"Sun, 13 Sep 2026 00:56:01 GMT",2,1730,0.3,12.4,night,35.3,48,131,5.45,2,1,2,1,1.0,0.67,0.0,0.172,0.759,88,0.0,0.329,2,3,0,2,0,63905
2026-09-13 00:57:00,"Sun, 13 Sep 2026 00:56:46 GMT",30,1555,0.4,9.2,night,46.7,11,143,7.94,0,0,1,1,0.0,0.0,0.0,0.0,0.0,0,0.0,0.0,0,0,0,0,0,85748
2026-09-13 00:57:12,"Sun, 13 Sep 2026 00:57:01 GMT",30,1556,0.3,9.2,night,46.2,2,94,8.01,0,0,1,1,0.0,0.0,0.0,0.0,0.0,0,0.0,0.0,0,0,0,0,0,87986
2026-09-13 00:57:48,"Sun, 13 Sep 2026 00:57:45 GMT",3,1644,0.2,9.6,night,58.9,3,34,6.75,0,0,1,1,0.0,0.0,0.0,0.0,0.0,0,0.0,0.0,0,0,0,0,0,73361
2026-09-13 00:58:04,"Sun, 13 Sep 2026 00:58:00 GMT",3,1645,0.2,9.6,night,58.8,2,19,6.74,0,0,1,1,0.0,0.0,0.0,0.0,0.0,0,0.0,0.0,0,0,0,0,0,73408
2026-09-13 00:58:52,"Sun, 13 Sep 2026 00:58:46 GMT",4,1643,0.2,11.6,night,63.9,37,337,8.88,0,0,1,1,0.0,0.0,0.0,0.0,0.0,0,0.0,0.0,0,0,0,0,0,78949
2026-09-13 00:59:04,"Sun, 13 Sep 2026 00:59:01 GMT",5,187,1.2,10.8,night,79.3,310,2445,8.76,4,3,4,1,1.0,0.44,0.57,0.422,0.37,126,0.0,0.062,3,9,0,1,0,87303
2026-09-13 00:59:52,"Sun, 13 Sep 2026 00:59:46 GMT",39,35,5.4,11.0,night,17.8,6916,14596,1.75,214,200,59,17,0.21,0.49,0.5,0.191,0.736,205,0.0,0.335,14,436,74,267,0,28404
2026-09-13 01:00:08,"Sun, 13 Sep 2026 01:00:01 GMT",2,1731,0.4,12.7,night,35.7,41,91,5.43,2,0,2,1,1.0,1.0,0.0,0.172,0.759,150,0.0,0.369,1,2,0,2,0,62668
2026-09-13 01:03:00,"Sun, 13 Sep 2026 01:02:46 GMT",38,18,5.8,7.5,night,50.4,7336,26234,4.3,156,62,35,14,0.32,0.31,0.34,0.439,0.701,158,0.0,0.291,66,507,9,101,0,48192
2026-09-13 01:03:12,"Sun, 13 Sep 2026 01:03:01 GMT",31,1333,0.5,8.9,night,40.1,90,286,7.12,6,0,4,2,0.75,1.0,1.0,0.439,0.377,107,0.0,0.151,1,6,0,1,0,83803
2026-09-13 01:04:12,"Sun, 13 Sep 2026 01:04:01 GMT",2,1732,0.3,12.5,night,35.0,35,80,5.32,2,0,2,1,1.0,1.0,0.0,0.182,0.741,222,0.0,0.06,1,2,0,0,0,62238
2026-09-13 01:05:01,"Sun, 13 Sep 2026 01:04:46 GMT",30,1557,0.2,9.1,night,46.4,7,60,8.09,0,0,1,1,0.0,0.0,0.0,0.0,0.0,0,0.0,0.0,0,0,0,0,0,88913
2026-09-13 01:05:13,"Sun, 13 Sep 2026 01:05:01 GMT",30,1558,0.2,9.2,night,46.3,2,32,8.09,0,0,1,1,0.0,0.0,0.0,0.0,0.0,0,0.0,0.0,0,0,0,0,0,88842
2026-09-13 01:05:57,"Sun, 13 Sep 2026 01:05:46 GMT",3,1646,0.2,8.7,night,58.9,6,51,6.73,0,0,1,1,0.0,0.0,0.0,0.0,0.0,0,0.0,0.0,0,0,0,0,0,73252
2026-09-13 01:06:09,"Sun, 13 Sep 2026 01:06:01 GMT",4,1644,0.4,11.5,night,64.0,110,1177,8.9,1,0,1,1,1.0,1.0,0.0,0.573,0.796,58,0.0,0.162,1,1,0,0,0,79278
2026-09-13 01:06:57,"Sun, 13 Sep 2026 01:06:46 GMT",31,1334,0.4,8.9,night,40.1,74,293,7.12,3,0,3,1,1.0,1.0,1.0,0.479,0.352,96,0.0,0.06,1,3,0,0,0,83787
2026-09-13 01:07:09,"Sun, 13 Sep 2026 01:07:01 GMT",31,1335,0.3,8.9,night,40.1,39,176,7.12,3,0,3,1,1.0,1.0,1.0,0.479,0.352,98,0.0,0.116,1,3,0,0,0,83828
2026-09-13 01:07:57,"Sun, 13 Sep 2026 01:07:46 GMT",2,1733,0.4,12.3,night,34.8,27,101,5.29,2,0,2,1,1.0,1.0,0.0,0.193,0.741,220,0.0,0.088,1,2,0,0,0,62164
2026-09-13 01:08:09,"Sun, 13 Sep 2026 01:08:01 GMT",2,1734,0.3,12.3,night,34.8,16,74,5.29,1,0,1,1,1.0,1.0,0.0,0.188,0.741,221,0.0,0.169,1,1,0,0,0,62081
2026-09-13 01:08:57,"Sun, 13 Sep 2026 01:08:46 GMT",30,1559,0.2,9.1,night,46.3,14,93,8.08,0,0,1,1,0.0,0.0,0.0,0.0,0.0,0,0.0,0.0,0,0,0,0,0,88832
2026-09-13 01:09:09,"Sun, 13 Sep 2026 01:09:02 GMT",3,1647,0.2,8.7,night,58.9,5,30,6.75,0,0,1,1,0.0,0.0,0.0,0.0,0.0,0,0.0,0.0,0,0,0,0,0,73568
2026-09-13 01:09:49,"Sun, 13 Sep 2026 01:09:46 GMT",4,1645,0.3,11.5,night,63.7,66,509,8.89,0,0,1,1,0.0,0.0,0.0,0.0,0.0,0,0.0,0.0,0,0,0,0,0,78956
2026-09-13 01:10:14,"Sun, 13 Sep 2026 01:10:01 GMT",4,1646,0.2,11.5,night,63.7,45,699,8.87,0,0,1,1,0.0,0.0,0.0,0.0,0.0,0,0.0,0.0,0,0,0,0,0,79112
2026-09-13 01:11:14,"Sun, 13 Sep 2026 01:11:01 GMT",31,1336,0.3,8.9,night,40.0,66,186,7.12,4,0,4,1,1.0,1.0,1.0,0.484,0.37,103,0.0,0.06,1,4,0,0,0,83641
2026-09-13 01:11:50,"Sun, 13 Sep 2026 01:11:47 GMT",2,1735,0.4,12.4,night,35.2,27,70,5.37,1,0,1,1,1.0,1.0,0.0,0.188,0.741,222,0.0,0.219,1,1,0,0,0,62420
2026-09-13 01:12:50,"Sun, 13 Sep 2026 01:12:46 GMT",3,1648,0.2,8.8,night,59.0,8,52,6.75,0,0,1,1,0.0,0.0,0.0,0.0,0.0,0,0.0,0.0,0,0,0,0,0,73260
2026-09-13 01:13:14,"Sun, 13 Sep 2026 01:13:02 GMT",3,1649,0.1,8.7,night,58.9,5,26,6.76,0,0,1,1,0.0,0.0,0.0,0.0,0.0,0,0.0,0.0,0,0,0,0,0,73427
2026-09-13 01:14:18,"Sun, 13 Sep 2026 01:14:01 GMT",4,1647,0.2,11.6,night,63.9,50,722,8.89,0,0,1,1,0.0,0.0,0.0,0.0,0.0,0,0.0,0.0,0,0,0,0,0,79118
2026-09-13 01:20:32,"Sun, 13 Sep 2026 01:20:01 GMT",30,1560,0.2,9.1,night,46.2,16,103,8.06,0,0,1,1,0.0,0.0,0.0,0.0,0.0,0,0.0,0.0,0,0,0,0,0,88710
2026-09-13 01:20:55,"Sun, 13 Sep 2026 01:20:47 GMT",3,1650,0.2,8.7,night,58.9,6,27,6.75,0,0,1,1,0.0,0.0,0.0,0.0,0.0,0,0.0,0.0,0,0,0,0,0,73328
2026-09-13 01:21:11,"Sun, 13 Sep 2026 01:21:00 GMT",4,1648,3.1,12.7,night,73.7,2571,13187,8.86,12,11,4,7,0.43,0.13,0.26,0.182,0.824,230,0.0,0.06,49,93,0,0,0,75527
2026-09-13 01:21:58,"Sun, 13 Sep 2026 01:21:46 GMT",38,19,6.5,7.0,night,51.7,7324,27402,4.08,158,77,31,14,0.36,0.31,0.35,0.442,0.701,168,0.0,0.287,65,507,6,86,0,45993
2026-09-13 01:22:10,"Sun, 13 Sep 2026 01:22:01 GMT",31,1337,0.3,8.9,night,40.0,69,276,7.09,4,0,3,2,0.67,1.0,1.0,0.417,0.38,103,0.0,0.135,1,4,0,0,0,83614
2026-09-13 01:22:49,"Sun, 13 Sep 2026 01:22:46 GMT",2,1736,0.3,12.4,night,34.9,53,89,5.3,3,0,3,2,0.5,1.0,1.0,0.177,0.753,220,0.0,0.309,1,3,0,2,0,62175
2026-09-13 01:23:25,"Sun, 13 Sep 2026 01:23:02 GMT",2,1737,0.2,12.4,night,34.9,35,75,5.3,1,1,1,1,1.0,0.5,0.0,0.188,0.741,221,0.0,0.31,2,2,0,2,0,62173
2026-09-13 01:23:48,"Sun, 13 Sep 2026 01:23:45 GMT",30,1561,0.1,9.2,night,46.3,11,88,8.08,0,0,1,1,0.0,0.0,0.0,0.0,0.0,0,0.0,0.0,0,0,0,0,0,88643
2026-09-13 01:24:04,"Sun, 13 Sep 2026 01:24:01 GMT",30,1562,0.1,9.1,night,46.3,3,45,8.09,0,0,1,1,0.0,0.0,0.0,0.0,0.0,0,0.0,0.0,0,0,0,0,0,88796
2026-09-13 01:24:51,"Sun, 13 Sep 2026 01:24:47 GMT",3,1651,0.1,7.7,night,58.9,5,25,6.73,0,0,1,1,0.0,0.0,0.0,0.0,0.0,0,0.0,0.0,0,0,0,0,0,73434
2026-09-13 01:25:58,"Sun, 13 Sep 2026 01:25:46 GMT",31,1338,0.6,9.4,night,40.6,54,220,7.2,2,0,2,1,1.0,1.0,0.0,0.474,0.352,85,0.0,0.157,1,2,0,0,0,84781
2026-09-13 01:26:13,"Sun, 13 Sep 2026 01:26:01 GMT",31,1339,0.5,9.5,night,40.6,29,131,7.2,2,0,2,1,1.0,1.0,0.0,0.474,0.352,98,0.0,0.207,1,2,0,0,0,84898
2026-09-13 01:26:49,"Sun, 13 Sep 2026 01:26:46 GMT",2,1738,0.2,12.3,night,34.8,36,83,5.28,1,1,1,1,1.0,0.5,0.0,0.188,0.741,220,0.0,0.352,2,2,0,2,0,62074
2026-09-13 01:27:12,"Sun, 13 Sep 2026 01:27:01 GMT",2,1739,0.2,12.3,night,34.8,28,71,5.29,2,1,2,1,1.0,0.67,0.0,0.193,0.741,220,0.0,0.246,2,3,0,2,0,62154
2026-09-13 01:27:47,"Sun, 13 Sep 2026 01:27:45 GMT",30,1563,0.1,9.2,night,46.3,43,129,8.06,2,0,2,1,1.0,1.0,0.0,0.161,0.537,91,0.0,0.112,1,2,0,0,0,88640
2026-09-13 01:27:59,"Sun, 13 Sep 2026 01:27:45 GMT",30,1564,0.1,9.2,night,46.3,22,92,8.06,0,0,1,1,0.0,0.0,0.0,0.0,0.0,0,0.0,0.0,0,0,0,0,0,88640
2026-09-13 01:28:10,"Sun, 13 Sep 2026 01:28:02 GMT",3,1652,0.2,7.8,night,59.0,5,16,6.76,0,0,1,1,0.0,0.0,0.0,0.0,0.0,0,0.0,0.0,0,0,0,0,0,73718
2026-09-13 01:28:58,"Sun, 13 Sep 2026 01:28:46 GMT",4,1649,1.1,11.4,night,63.9,85,1344,8.88,1,0,1,1,1.0,1.0,0.0,0.708,0.704,177,0.0,0.116,1,1,0,0,0,79007
2026-09-13 01:29:14,"Sun, 13 Sep 2026 01:29:01 GMT",4,1650,0.8,11.3,night,63.8,60,581,8.87,0,0,1,1,0.0,0.0,0.0,0.0,0.0,0,0.0,0.0,0,0,0,0,0,79008
2026-09-13 01:29:53,"Sun, 13 Sep 2026 01:29:46 GMT",31,1340,0.5,9.5,night,41.2,89,185,7.25,3,2,3,1,1.0,0.6,1.0,0.531,0.352,97,0.0,0.06,2,5,0,0,0,84938
2026-09-13 01:30:05,"Sun, 13 Sep 2026 01:30:01 GMT",31,1341,0.3,9.5,night,41.2,52,130,7.25,3,0,3,1,1.0,1.0,1.0,0.531,0.352,94,0.0,0.116,1,3,0,0,0,85022
2026-09-13 01:30:52,"Sun, 13 Sep 2026 01:30:46 GMT",2,1740,0.5,12.6,night,35.6,37,74,5.41,1,1,1,1,1.0,0.5,0.0,0.188,0.741,220,0.0,0.427,2,2,0,1,0,62577
2026-09-13 01:31:08,"Sun, 13 Sep 2026 01:31:01 GMT",30,1565,0.3,9.2,night,46.4,1,48,8.08,0,0,1,1,0.0,0.0,0.0,0.0,0.0,0,0.0,0.0,0,0,0,0,0,88563
2026-09-13 01:32:00,"Sun, 13 Sep 2026 01:31:46 GMT",3,1653,0.3,7.8,night,59.1,4,14,6.66,0,0,1,1,0.0,0.0,0.0,0.0,0.0,0,0.0,0.0,0,0,0,0,0,72044
2026-09-13 01:32:11,"Sun, 13 Sep 2026 01:32:01 GMT",3,1654,0.3,7.8,night,58.9,4,14,6.77,0,0,1,1,0.0,0.0,0.0,0.0,0.0,0,0.0,0.0,0,0,0,0,0,73731
2026-09-13 01:36:39,"Sun, 13 Sep 2026 01:36:01 GMT",3,1655,0.2,7.7,night,58.9,3,13,6.76,0,0,1,1,0.0,0.0,0.0,0.0,0.0,0,0.0,0.0,0,0,0,0,0,73687
2026-09-13 01:36:51,"Sun, 13 Sep 2026 01:36:46 GMT",4,1651,0.4,11.5,night,64.0,74,1007,8.91,0,0,1,1,0.0,0.0,0.0,0.0,0.0,0,0.0,0.0,0,0,0,0,0,79189
2026-09-13 01:37:50,"Sun, 13 Sep 2026 01:37:46 GMT",39,36,3.0,11.5,night,17.7,3237,8014,2.75,59,34,16,10,0.37,0.36,0.39,0.076,0.793,224,0.0,0.513,17,164,79,208,0,37831
2026-09-13 01:38:17,"Sun, 13 Sep 2026 01:38:01 GMT",2,1741,0.4,12.5,night,35.4,46,104,5.39,2,0,2,1,1.0,1.0,0.0,0.224,0.741,87,0.0,0.06,1,2,0,0,0,62582
2026-09-13 01:38:57,"Sun, 13 Sep 2026 01:38:46 GMT",30,1566,0.3,9.2,night,46.2,39,152,8.06,4,0,4,1,1.0,1.0,1.0,0.161,0.537,73,0.0,0.113,1,4,0,0,0,88424
2026-09-13 01:39:09,"Sun, 13 Sep 2026 01:39:01 GMT",30,1567,0.2,9.2,night,46.2,15,109,8.07,1,0,1,1,1.0,1.0,0.0,0.177,0.537,76,0.0,0.122,1,1,0,0,0,88688
2026-09-13 01:39:56,"Sun, 13 Sep 2026 01:39:46 GMT",3,1656,0.2,7.8,night,58.9,4,25,6.75,0,0,1,1,0.0,0.0,0.0,0.0,0.0,0,0.0,0.0,0,0,0,0,0,73417
2026-09-13 01:40:08,"Sun, 13 Sep 2026 01:40:01 GMT",4,1652,0.4,11.7,night,66.3,57,1646,8.63,0,0,1,1,0.0,0.0,0.0,0.0,0.0,0,0.0,0.0,0,0,0,0,0,76287
2026-09-13 01:41:00,"Sun, 13 Sep 2026 01:40:46 GMT",5,188,4.0,13.5,night,88.9,4960,22905,5.74,30,27,12,7,0.36,0.14,0.19,0.049,0.108,128,0.0,0.168,62,218,0,17,0,63712
2026-09-13 01:41:36,"Sun, 13 Sep 2026 01:41:01 GMT",31,1342,0.5,9.0,night,40.1,75,261,7.11,5,0,5,1,1.0,1.0,1.0,0.573,0.37,94,0.0,0.06,1,5,0,0,0,83849
2026-09-13 01:41:59,"Sun, 13 Sep 2026 01:41:46 GMT",2,1742,0.3,12.5,night,35.2,27,89,5.33,1,0,1,1,1.0,1.0,0.0,0.229,0.741,70,0.0,0.116,1,1,0,0,0,62448
2026-09-13 01:42:11,"Sun, 13 Sep 2026 01:42:01 GMT",2,1743,0.2,12.5,night,35.2,21,65,5.34,1,0,1,1,1.0,1.0,0.0,0.229,0.741,72,0.0,0.169,1,1,0,0,0,62532
2026-09-13 01:42:54,"Sun, 13 Sep 2026 01:42:46 GMT",30,1568,0.3,9.1,night,46.5,2,72,8.09,0,0,1,1,0.0,0.0,0.0,0.0,0.0,0,0.0,0.0,0,0,0,0,0,88767
2026-09-13 01:43:06,"Sun, 13 Sep 2026 01:43:01 GMT",91,67,5.8,9.9,night,30.2,4172,19674,3.09,92,19,30,11,0.28,0.37,0.47,0.132,0.553,89,0.0,0.193,57,249,0,40,0,47427
2026-09-13 01:43:57,"Sun, 13 Sep 2026 01:43:46 GMT",38,20,4.9,6.5,night,61.9,6133,27485,6.5,63,29,19,8,0.41,0.18,0.23,0.4,0.685,181,0.0,0.351,89,350,14,108,0,68233
2026-09-13 01:44:09,"Sun, 13 Sep 2026 01:44:01 GMT",4,1653,0.6,11.3,night,64.1,41,881,8.88,0,0,1,1,0.0,0.0,0.0,0.0,0.0,0,0.0,0.0,0,0,0,0,0,79070
2026-09-13 01:44:56,"Sun, 13 Sep 2026 01:44:45 GMT",31,1343,0.4,8.9,night,40.1,62,200,7.12,3,0,3,1,1.0,1.0,1.0,0.552,0.389,101,0.0,0.06,1,3,0,0,0,83854
2026-09-13 01:45:08,"Sun, 13 Sep 2026 01:45:02 GMT",31,1344,0.3,8.9,night,40.1,63,137,7.11,3,1,3,1,1.0,0.75,1.0,0.552,0.389,108,0.0,0.116,2,4,0,0,0,83777
2026-09-13 01:46:12,"Sun, 13 Sep 2026 01:46:01 GMT",2,1744,0.5,12.2,night,34.5,32,88,5.27,2,0,2,2,0.5,1.0,0.0,0.224,0.75,99,0.0,0.14,1,2,0,0,0,61963
2026-09-13 01:46:55,"Sun, 13 Sep 2026 01:46:46 GMT",30,1569,0.3,9.1,night,46.1,3,61,8.06,0,0,1,1,0.0,0.0,0.0,0.0,0.0,0,0.0,0.0,0,0,0,0,0,88573
2026-09-13 01:47:07,"Sun, 13 Sep 2026 01:47:01 GMT",3,1657,0.2,7.0,night,58.9,2,19,6.78,0,0,1,1,0.0,0.0,0.0,0.0,0.0,0,0.0,0.0,0,0,0,0,0,73911
2026-09-13 01:47:58,"Sun, 13 Sep 2026 01:47:45 GMT",4,1654,0.4,11.5,night,63.6,57,885,8.92,1,0,1,1,1.0,1.0,0.0,0.583,0.759,178,0.0,0.232,1,1,0,0,0,79463
2026-09-13 01:53:50,"Sun, 13 Sep 2026 01:53:46 GMT",30,1570,0.2,9.1,night,46.1,15,71,8.05,0,0,1,1,0.0,0.0,0.0,0.0,0.0,0,0.0,0.0,0,0,0,0,0,88599
2026-09-13 01:54:13,"Sun, 13 Sep 2026 01:54:01 GMT",30,1571,0.2,9.2,night,46.1,6,48,8.06,0,0,1,1,0.0,0.0,0.0,0.0,0.0,0,0.0,0.0,0,0,0,0,0,88499
2026-09-13 01:54:57,"Sun, 13 Sep 2026 01:54:46 GMT",3,1658,0.2,7.1,night,58.9,6,66,6.8,0,0,1,1,0.0,0.0,0.0,0.0,0.0,0,0.0,0.0,0,0,0,0,0,73911
2026-09-13 01:55:12,"Sun, 13 Sep 2026 01:55:01 GMT",3,1659,0.2,7.0,night,58.8,8,19,6.78,0,0,1,1,0.0,0.0,0.0,0.0,0.0,0,0.0,0.0,0,0,0,0,0,73886
2026-09-13 01:56:16,"Sun, 13 Sep 2026 01:56:01 GMT",31,1345,0.7,9.7,night,41.3,55,246,6.92,2,0,2,1,1.0,1.0,0.0,0.568,0.389,91,0.0,0.115,1,2,0,0,0,79542
2026-09-13 01:56:56,"Sun, 13 Sep 2026 01:56:46 GMT",2,1745,0.4,12.6,night,35.6,21,59,5.42,0,0,1,1,0.0,0.0,0.0,0.0,0.0,0,0.0,0.0,0,0,0,0,0,62827
2026-09-13 01:57:07,"Sun, 13 Sep 2026 01:57:01 GMT",2,1746,0.3,12.6,night,35.6,21,42,5.43,0,0,1,1,0.0,0.0,0.0,0.0,0.0,0,0.0,0.0,0,0,0,0,0,62863
2026-09-13 01:58:06,"Sun, 13 Sep 2026 01:58:01 GMT",30,1572,0.3,9.1,night,46.4,3,33,8.09,0,0,1,1,0.0,0.0,0.0,0.0,0.0,0,0.0,0.0,0,0,0,0,0,88845
2026-09-13 01:58:49,"Sun, 13 Sep 2026 01:58:46 GMT",3,1660,0.2,7.0,night,59.0,1,12,6.78,0,0,1,1,0.0,0.0,0.0,0.0,0.0,0,0.0,0.0,0,0,0,0,0,73692
2026-09-13 01:59:05,"Sun, 13 Sep 2026 01:59:02 GMT",4,1655,0.4,11.3,night,63.8,85,845,8.87,1,0,1,1,1.0,1.0,0.0,0.583,0.759,177,0.0,0.278,1,1,0,0,0,79077
2026-09-13 01:59:48,"Sun, 13 Sep 2026 01:59:47 GMT",23,547,1.2,10.4,night,23.4,168,1507,5.59,5,0,3,2,0.83,1.0,1.0,0.575,0.378,77,0.0,0.088,1,5,0,0,0,65762
2026-09-13 02:00:12,"Sun, 13 Sep 2026 02:00:02 GMT",31,1346,0.4,9.8,night,40.6,71,185,7.21,4,1,3,2,0.67,0.8,1.0,0.583,0.38,101,0.0,0.083,2,5,0,0,0,84904
2026-09-13 02:00:47,"Sun, 13 Sep 2026 02:00:46 GMT",2,1747,0.3,12.4,night,35.3,37,71,5.38,0,0,1,1,0.0,0.0,0.0,0.0,0.0,0,0.0,0.0,0,0,0,0,0,62475
2026-09-13 02:00:59,"Sun, 13 Sep 2026 02:00:46 GMT",2,1748,0.2,12.4,night,35.3,25,55,5.38,0,0,1,1,0.0,0.0,0.0,0.0,0.0,0,0.0,0.0,0,0,0,0,0,62475
2026-09-13 02:01:11,"Sun, 13 Sep 2026 02:01:01 GMT",2,1749,0.2,12.4,night,35.3,20,69,5.37,0,0,1,1,0.0,0.0,0.0,0.0,0.0,0,0.0,0.0,0,0,0,0,0,62543
2026-09-13 02:02:03,"Sun, 13 Sep 2026 02:01:46 GMT",30,1573,0.2,9.2,night,46.1,58,146,8.03,4,0,2,2,1.0,1.0,1.0,0.161,0.528,94,0.0,0.112,1,4,0,0,0,88510
2026-09-13 02:02:14,"Sun, 13 Sep 2026 02:02:02 GMT",3,1661,0.4,7.1,night,58.7,2,18,6.59,0,0,1,1,0.0,0.0,0.0,0.0,0.0,0,0.0,0.0,0,0,0,0,0,70308
2026-09-13 02:08:59,"Sun, 13 Sep 2026 02:08:47 GMT",30,1574,0.6,9.1,night,48.0,0,61,8.22,0,0,1,1,0.0,0.0,0.0,0.0,0.0,0,0.0,0.0,0,0,0,0,0,89653
2026-09-13 02:09:11,"Sun, 13 Sep 2026 02:09:01 GMT",30,1575,0.2,9.2,night,46.2,3,33,8.05,0,0,1,1,0.0,0.0,0.0,0.0,0.0,0,0.0,0.0,0,0,0,0,0,88623
2026-09-13 02:10:10,"Sun, 13 Sep 2026 02:10:01 GMT",3,1662,0.2,7.0,night,59.0,11,23,6.8,0,0,1,1,0.0,0.0,0.0,0.0,0.0,0,0.0,0.0,0,0,0,0,0,73928
2026-09-13 02:10:56,"Sun, 13 Sep 2026 02:10:46 GMT",4,1656,0.4,11.3,night,63.9,165,1553,8.88,1,1,1,1,1.0,0.5,0.0,0.583,0.759,174,0.0,0.322,2,2,0,1,0,78869
2026-09-13 02:11:11,"Sun, 13 Sep 2026 02:11:02 GMT",5,189,3.0,13.6,night,88.9,2254,14819,5.76,12,6,6,5,0.4,0.17,0.34,0.271,0.481,224,0.0,0.19,35,70,0,12,0,63807
2026-09-13 02:12:14,"Sun, 13 Sep 2026 02:12:01 GMT",2,1750,0.5,12.2,night,34.6,43,81,5.29,1,0,1,1,1.0,1.0,0.0,0.229,0.741,69,0.0,0.211,1,1,0,0,0,62153
2026-09-13 02:12:49,"Sun, 13 Sep 2026 02:12:46 GMT",30,1576,0.3,9.1,night,46.1,8,59,8.06,0,0,1,1,0.0,0.0,0.0,0.0,0.0,0,0.0,0.0,0,0,0,0,0,88709
2026-09-13 02:13:16,"Sun, 13 Sep 2026 02:13:01 GMT",30,1577,0.2,9.2,night,46.1,6,39,8.06,0,0,1,1,0.0,0.0,0.0,0.0,0.0,0,0.0,0.0,0,0,0,0,0,88608
2026-09-13 02:13:59,"Sun, 13 Sep 2026 02:13:46 GMT",3,1663,0.2,7.0,night,58.8,9,17,6.82,0,0,1,1,0.0,0.0,0.0,0.0,0.0,0,0.0,0.0,0,0,0,0,0,73847
2026-09-13 02:14:11,"Sun, 13 Sep 2026 02:14:00 GMT",3,1664,0.2,7.0,night,58.8,6,15,6.8,0,0,1,1,0.0,0.0,0.0,0.0,0.0,0,0.0,0.0,0,0,0,0,0,73949
2026-09-13 02:15:21,"Sun, 13 Sep 2026 02:15:01 GMT",31,1347,0.6,9.2,night,40.0,121,240,7.09,10,0,7,2,0.71,1.0,1.0,0.539,0.383,107,0.0,0.105,1,10,0,0,0,83568
2026-09-13 02:15:56,"Sun, 13 Sep 2026 02:15:46 GMT",2,1751,0.3,12.3,night,34.8,45,84,5.31,1,0,1,1,1.0,1.0,0.0,0.229,0.741,70,0.0,0.259,1,1,0,0,0,62340
2026-09-13 02:16:08,"Sun, 13 Sep 2026 02:16:01 GMT",2,1752,0.2,12.3,night,34.8,34,63,5.32,0,0,1,1,0.0,0.0,0.0,0.0,0.0,0,0.0,0.0,0,0,0,0,0,62333
2026-09-13 02:16:54,"Sun, 13 Sep 2026 02:16:46 GMT",30,1578,0.2,9.2,night,46.1,7,43,8.04,0,0,1,1,0.0,0.0,0.0,0.0,0.0,0,0.0,0.0,0,0,0,0,0,88470
2026-09-13 02:17:06,"Sun, 13 Sep 2026 02:17:01 GMT",30,1579,0.1,9.2,night,46.1,2,28,8.03,0,0,1,1,0.0,0.0,0.0,0.0,0.0,0,0.0,0.0,0,0,0,0,0,88523
2026-09-13 02:18:00,"Sun, 13 Sep 2026 02:17:46 GMT",3,1665,0.3,7.0,night,59.0,4,19,6.81,0,0,1,1,0.0,0.0,0.0,0.0,0.0,0,0.0,0.0,0,0,0,0,0,73912
2026-09-13 02:18:12,"Sun, 13 Sep 2026 02:18:01 GMT",4,1657,0.4,11.2,night,64.0,107,719,8.88,1,0,1,1,1.0,1.0,0.0,0.583,0.759,180,0.0,0.362,1,1,0,1,0,79138
2026-09-13 02:18:51,"Sun, 13 Sep 2026 02:18:46 GMT",31,1348,0.4,9.2,night,40.0,61,201,7.1,3,0,3,1,1.0,1.0,1.0,0.562,0.37,97,0.0,0.119,1,3,0,0,0,83575
2026-09-13 02:19:03,"Sun, 13 Sep 2026 02:19:01 GMT",31,1349,0.3,9.2,night,39.9,42,142,7.11,2,0,2,1,1.0,1.0,0.0,0.557,0.37,99,0.0,0.155,1,2,0,0,0,83617
2026-09-13 02:19:53,"Sun, 13 Sep 2026 02:19:46 GMT",2,1753,0.2,12.3,night,34.8,41,73,5.29,3,0,3,1,1.0,1.0,1.0,0.229,0.741,84,0.0,0.146,1,3,0,0,0,62226
2026-09-13 02:20:09,"Sun, 13 Sep 2026 02:20:00 GMT",2,1754,0.2,12.3,night,34.8,35,59,5.29,2,0,2,1,1.0,1.0,0.0,0.224,0.741,88,0.0,0.237,1,2,0,1,0,62257
2026-09-13 02:27:58,"Sun, 13 Sep 2026 02:27:46 GMT",30,1580,0.6,9.0,night,47.3,18,126,8.16,0,0,1,1,0.0,0.0,0.0,0.0,0.0,0,0.0,0.0,0,0,0,0,0,89243
2026-09-13 02:28:10,"Sun, 13 Sep 2026 02:28:02 GMT",30,1581,0.3,9.2,night,46.1,3,65,8.04,0,0,1,1,0.0,0.0,0.0,0.0,0.0,0,0.0,0.0,0,0,0,0,0,88465
2026-09-13 02:28:49,"Sun, 13 Sep 2026 02:28:46 GMT",3,1666,0.2,7.0,night,59.1,7,40,6.8,0,0,1,1,0.0,0.0,0.0,0.0,0.0,0,0.0,0.0,0,0,0,0,0,73918
2026-09-13 02:29:17,"Sun, 13 Sep 2026 02:29:01 GMT",3,1667,0.2,7.0,night,59.0,4,20,6.8,0,0,1,1,0.0,0.0,0.0,0.0,0.0,0,0.0,0.0,0,0,0,0,0,73829
2026-09-13 02:29:57,"Sun, 13 Sep 2026 02:29:46 GMT",4,1658,0.7,10.9,night,62.6,144,1244,8.77,1,0,1,1,1.0,1.0,0.0,0.99,0.759,159,0.0,0.091,1,1,0,0,0,78448
2026-09-13 02:30:13,"Sun, 13 Sep 2026 02:30:01 GMT",5,190,1.7,10.4,night,78.3,629,5682,9.24,3,3,3,2,0.5,0.25,0.5,0.146,0.136,163,0.0,0.357,8,12,0,5,0,90627
2026-09-13 02:30:53,"Sun, 13 Sep 2026 02:30:46 GMT",2,1755,4.2,9.6,night,29.9,44,5098,4.8,2,0,2,2,0.5,1.0,0.0,0.224,0.731,189,0.0,0.127,1,2,0,0,0,59461
2026-09-13 02:31:09,"Sun, 13 Sep 2026 02:31:01 GMT",2,1756,1.3,12.3,night,34.8,26,60,5.3,2,0,1,2,1.0,1.0,0.0,0.219,0.731,219,0.0,0.152,1,2,0,0,0,62339
2026-09-13 02:31:53,"Sun, 13 Sep 2026 02:31:46 GMT",30,1582,0.2,9.2,night,46.0,4,70,8.04,0,0,1,1,0.0,0.0,0.0,0.0,0.0,0,0.0,0.0,0,0,0,0,0,88528
2026-09-13 02:32:05,"Sun, 13 Sep 2026 02:32:01 GMT",30,1583,0.2,9.2,night,46.0,2,33,8.04,0,0,1,1,0.0,0.0,0.0,0.0,0.0,0,0.0,0.0,0,0,0,0,0,88566
2026-09-13 02:32:53,"Sun, 13 Sep 2026 02:32:46 GMT",3,1668,0.2,7.0,night,59.0,4,14,6.82,0,0,1,1,0.0,0.0,0.0,0.0,0.0,0,0.0,0.0,0,0,0,0,0,74067
2026-09-13 02:33:05,"Sun, 13 Sep 2026 02:33:01 GMT",4,1659,3.3,11.4,night,71.4,14076,32624,7.01,231,176,41,19,0.3,0.22,0.24,0.788,0.782,205,0.0,0.062,117,1069,0,0,0,62801
2026-09-13 02:34:05,"Sun, 13 Sep 2026 02:34:01 GMT",31,1350,0.5,9.8,night,40.9,115,324,7.23,4,3,3,2,0.67,0.57,0.57,0.518,0.319,75,0.0,0.06,2,7,0,0,0,84565
2026-09-13 02:34:57,"Sun, 13 Sep 2026 02:34:45 GMT",2,1757,0.8,12.2,night,34.6,37,90,5.28,2,0,2,1,1.0,1.0,0.0,0.203,0.722,219,0.0,0.06,1,2,0,0,0,62204
2026-09-13 02:35:33,"Sun, 13 Sep 2026 02:35:01 GMT",2,1758,0.6,12.2,night,34.6,27,66,5.28,1,0,1,1,1.0,1.0,0.0,0.198,0.722,215,0.0,0.116,1,1,0,0,0,62209
2026-09-13 02:35:56,"Sun, 13 Sep 2026 02:35:46 GMT",30,1584,0.1,9.2,night,46.0,3,67,8.04,0,0,1,1,0.0,0.0,0.0,0.0,0.0,0,0.0,0.0,0,0,0,0,0,88524
2026-09-13 02:36:08,"Sun, 13 Sep 2026 02:36:01 GMT",30,1585,0.1,9.2,night,46.0,3,39,8.02,0,0,1,1,0.0,0.0,0.0,0.0,0.0,0,0.0,0.0,0,0,0,0,0,88618
2026-09-13 02:36:48,"Sun, 13 Sep 2026 02:36:46 GMT",3,1669,0.2,7.0,night,58.9,3,17,6.81,0,0,1,1,0.0,0.0,0.0,0.0,0.0,0,0.0,0.0,0,0,0,0,0,73970
2026-09-13 02:37:04,"Sun, 13 Sep 2026 02:37:01 GMT",4,1660,1.0,11.2,night,63.9,665,5960,8.86,8,4,3,5,0.53,0.27,0.5,0.272,0.815,199,0.0,0.145,15,30,0,0,0,79089
2026-09-13 02:37:55,"Sun, 13 Sep 2026 02:37:47 GMT",31,1351,0.5,9.8,night,40.5,49,207,7.19,3,0,3,1,1.0,1.0,1.0,0.479,0.333,84,0.0,0.06,1,3,0,0,0,84586
2026-09-13 02:38:07,"Sun, 13 Sep 2026 02:38:01 GMT",31,1352,0.3,9.8,night,40.5,34,143,7.19,3,0,3,1,1.0,1.0,1.0,0.479,0.333,88,0.0,0.116,1,3,0,0,0,84694
2026-09-13 02:39:19,"Sun, 13 Sep 2026 02:39:01 GMT",2,1759,0.9,12.5,night,35.1,25,74,5.34,0,0,1,1,0.0,0.0,0.0,0.0,0.0,0,0.0,0.0,0,0,0,0,0,62569
2026-09-13 02:44:31,"Sun, 13 Sep 2026 02:43:46 GMT",3,1670,0.3,7.0,night,59.2,4,19,6.83,0,0,1,1,0.0,0.0,0.0,0.0,0.0,0,0.0,0.0,0,0,0,0,0,74220
2026-09-13 02:44:55,"Sun, 13 Sep 2026 02:44:46 GMT",4,1661,0.7,11.3,night,64.0,379,3957,8.87,6,1,2,5,0.6,0.6,1.0,0.181,0.762,213,0.0,0.151,5,10,0,0,0,79214
2026-09-13 02:45:07,"Sun, 13 Sep 2026 02:45:01 GMT",4,1662,0.5,11.3,night,63.9,106,2012,8.87,1,0,1,1,1.0,1.0,0.0,0.177,0.759,184,0.0,0.17,1,1,0,0,0,79195
2026-09-13 02:45:58,"Sun, 13 Sep 2026 02:45:46 GMT",31,1353,0.3,9.7,night,40.8,50,217,7.2,3,0,3,1,1.0,1.0,1.0,0.5,0.333,89,0.0,0.113,1,3,0,0,0,84421
2026-09-13 02:46:10,"Sun, 13 Sep 2026 02:46:01 GMT",2,1760,0.4,12.4,night,34.9,24,74,5.31,0,0,1,1,0.0,0.0,0.0,0.0,0.0,0,0.0,0.0,0,0,0,0,0,62503
2026-09-13 02:46:50,"Sun, 13 Sep 2026 02:46:47 GMT",30,1586,0.2,9.2,night,46.0,25,120,8.03,1,0,1,1,1.0,1.0,0.0,0.167,0.537,96,0.0,0.132,1,1,0,0,0,88372
2026-09-13 02:47:06,"Sun, 13 Sep 2026 02:47:01 GMT",30,1587,0.2,9.2,night,46.0,9,80,8.05,0,0,1,1,0.0,0.0,0.0,0.0,0.0,0,0.0,0.0,0,0,0,0,0,88498
2026-09-13 02:47:57,"Sun, 13 Sep 2026 02:47:46 GMT",3,1671,0.2,7.0,night,59.2,2,15,6.84,0,0,1,1,0.0,0.0,0.0,0.0,0.0,0,0.0,0.0,0,0,0,0,0,74440
2026-09-13 02:48:13,"Sun, 13 Sep 2026 02:48:01 GMT",3,1672,0.2,7.0,night,58.9,1,9,6.84,0,0,1,1,0.0,0.0,0.0,0.0,0.0,0,0.0,0.0,0,0,0,0,0,74343
2026-09-13 02:49:02,"Sun, 13 Sep 2026 02:48:46 GMT",4,1663,0.9,10.9,night,62.6,62,1666,8.78,0,0,1,1,0.0,0.0,0.0,0.0,0.0,0,0.0,0.0,0,0,0,0,0,78666
2026-09-13 02:49:14,"Sun, 13 Sep 2026 02:49:01 GMT",5,191,1.5,10.1,night,77.1,297,2728,8.79,4,2,4,1,1.0,0.5,1.0,0.516,0.333,104,0.0,0.06,3,8,0,4,0,83167
2026-09-13 02:49:49,"Sun, 13 Sep 2026 02:49:45 GMT",2,1761,0.4,12.4,night,34.9,25,61,5.37,0,0,1,1,0.0,0.0,0.0,0.0,0.0,0,0.0,0.0,0,0,0,0,0,63303
2026-09-13 02:50:13,"Sun, 13 Sep 2026 02:50:01 GMT",2,1762,0.4,12.5,night,35.1,23,44,5.35,0,0,1,1,0.0,0.0,0.0,0.0,0.0,0,0.0,0.0,0,0,0,0,0,62751
2026-09-13 02:50:53,"Sun, 13 Sep 2026 02:50:46 GMT",30,1588,0.2,9.2,night,45.9,9,69,8.03,0,0,1,1,0.0,0.0,0.0,0.0,0.0,0,0.0,0.0,0,0,0,0,0,88292
2026-09-13 02:51:09,"Sun, 13 Sep 2026 02:51:01 GMT",30,1589,0.2,9.2,night,45.9,4,32,8.03,0,0,1,1,0.0,0.0,0.0,0.0,0.0,0,0.0,0.0,0,0,0,0,0,88227
2026-09-13 02:51:56,"Sun, 13 Sep 2026 02:51:46 GMT",3,1673,0.2,7.0,night,59.1,5,66,6.84,0,0,1,1,0.0,0.0,0.0,0.0,0.0,0,0.0,0.0,0,0,0,0,0,74126
2026-09-13 02:52:12,"Sun, 13 Sep 2026 02:52:01 GMT",4,1664,0.4,11.3,night,64.1,758,3287,8.49,10,8,4,6,0.42,0.26,0.34,0.59,0.731,170,0.0,0.109,12,38,0,0,0,73059
2026-09-13 02:52:48,"Sun, 13 Sep 2026 02:52:46 GMT",5,192,1.1,10.1,night,76.9,541,2602,9.53,12,4,6,4,0.5,0.44,0.46,0.22,0.218,177,0.0,0.335,6,27,0,11,0,93886
2026-09-13 02:53:12,"Sun, 13 Sep 2026 02:53:01 GMT",31,1354,0.2,9.7,night,40.8,73,378,7.21,2,1,2,1,1.0,0.67,0.0,0.516,0.333,94,0.0,0.112,2,3,0,0,0,84455
2026-09-13 02:53:48,"Sun, 13 Sep 2026 02:53:45 GMT",2,1763,0.4,12.1,night,34.9,29,89,5.36,0,0,1,1,0.0,0.0,0.0,0.0,0.0,0,0.0,0.0,0,0,0,0,0,62454
2026-09-13 02:54:11,"Sun, 13 Sep 2026 02:54:01 GMT",2,1764,0.3,12.2,night,34.9,29,70,5.36,0,0,1,1,0.0,0.0,0.0,0.0,0.0,0,0.0,0.0,0,0,0,0,0,62406
2026-09-13 02:54:51,"Sun, 13 Sep 2026 02:54:46 GMT",30,1590,0.2,9.2,night,45.9,4,47,8.0,0,0,1,1,0.0,0.0,0.0,0.0,0.0,0,0.0,0.0,0,0,0,0,0,88175
2026-09-13 02:55:03,"Sun, 13 Sep 2026 02:55:01 GMT",36,41,4.5,10.9,night,99.3,1246,17378,8.27,6,6,4,3,0.5,0.17,0.35,0.441,0.63,243,0.0,0.412,16,35,2,19,0,82007
2026-09-13 02:55:55,"Sun, 13 Sep 2026 02:55:45 GMT",4,1665,0.6,11.6,night,65.5,100,1606,8.78,0,0,1,1,0.0,0.0,0.0,0.0,0.0,0,0.0,0.0,0,0,0,0,0,78639
2026-09-13 02:56:07,"Sun, 13 Sep 2026 02:56:02 GMT",4,1666,0.4,11.2,night,64.0,44,921,8.86,0,0,1,1,0.0,0.0,0.0,0.0,0.0,0,0.0,0.0,0,0,0,0,0,79028
2026-09-13 02:57:53,"Sun, 13 Sep 2026 02:57:46 GMT",2,1765,0.3,12.2,night,35.1,27,74,5.38,2,0,2,1,1.0,1.0,0.0,0.193,0.722,218,0.0,0.098,1,2,0,0,0,62548
2026-09-13 02:58:09,"Sun, 13 Sep 2026 02:58:01 GMT",30,1591,0.8,9.0,night,48.2,9,82,8.2,0,0,1,1,0.0,0.0,0.0,0.0,0.0,0,0.0,0.0,0,0,0,0,0,88650
2026-09-13 02:58:58,"Sun, 13 Sep 2026 02:58:47 GMT",91,68,3.0,9.4,night,37.5,540,9579,5.64,3,1,3,1,1.0,0.6,1.0,0.156,0.833,87,0.0,0.438,3,5,0,5,0,62079
2026-09-13 02:59:13,"Sun, 13 Sep 2026 02:59:01 GMT",3,1674,0.4,6.9,night,59.5,6,43,6.85,0,0,1,1,0.0,0.0,0.0,0.0,0.0,0,0.0,0.0,0,0,0,0,0,74373
2026-09-13 02:59:48,"Sun, 13 Sep 2026 02:59:46 GMT",4,1667,0.4,11.2,night,64.3,25,685,8.83,0,0,1,1,0.0,0.0,0.0,0.0,0.0,0,0.0,0.0,0,0,0,0,0,79244
2026-09-13 03:00:04,"Sun, 13 Sep 2026 03:00:01 GMT",4,1668,0.3,11.2,night,64.3,8,321,8.83,0,0,1,1,0.0,0.0,0.0,0.0,0.0,0,0.0,0.0,0,0,0,0,0,79248
2026-09-13 03:00:51,"Sun, 13 Sep 2026 03:00:46 GMT",31,1355,0.2,9.7,night,40.7,46,157,7.18,3,0,2,2,0.75,1.0,1.0,0.486,0.321,93,0.0,0.11,1,3,0,0,0,84278
2026-09-13 03:01:03,"Sun, 13 Sep 2026 03:01:01 GMT",64,17,1.6,12.9,night,29.3,5320,17210,4.26,203,35,34,18,0.33,0.57,0.63,0.233,0.508,226,0.0,0.446,44,359,36,283,0,50239
2026-09-13 03:02:18,"Sun, 13 Sep 2026 03:02:02 GMT",30,1592,0.4,9.3,night,45.8,5,55,8.0,0,0,1,1,0.0,0.0,0.0,0.0,0.0,0,0.0,0.0,0,0,0,0,0,88407
2026-09-13 03:02:54,"Sun, 13 Sep 2026 03:02:46 GMT",3,1675,0.3,7.0,night,59.3,7,26,6.86,0,0,1,1,0.0,0.0,0.0,0.0,0.0,0,0.0,0.0,0,0,0,0,0,74468
2026-09-13 03:03:06,"Sun, 13 Sep 2026 03:03:01 GMT",3,1676,0.2,7.0,night,59.3,3,13,6.86,0,0,1,1,0.0,0.0,0.0,0.0,0.0,0,0.0,0.0,0,0,0,0,0,74326
2026-09-13 03:03:54,"Sun, 13 Sep 2026 03:03:46 GMT",4,1669,0.3,11.3,night,64.1,5,356,8.87,0,0,1,1,0.0,0.0,0.0,0.0,0.0,0,0.0,0.0,0,0,0,0,0,78973
2026-09-13 03:04:05,"Sun, 13 Sep 2026 03:04:02 GMT",38,21,5.6,7.2,night,48.5,6309,23638,3.89,105,61,28,14,0.27,0.25,0.3,0.449,0.676,172,0.0,0.275,74,416,8,69,0,43756
2026-09-13 03:04:56,"Sun, 13 Sep 2026 03:04:46 GMT",31,1356,0.2,9.8,night,40.9,27,239,7.22,1,0,1,1,1.0,1.0,0.0,0.5,0.315,81,0.0,0.06,1,1,0,0,0,84602
2026-09-13 03:05:20,"Sun, 13 Sep 2026 03:05:01 GMT",2,1766,0.3,12.3,night,34.8,24,65,5.3,2,0,2,1,1.0,1.0,0.0,0.193,0.722,220,0.0,0.152,1,2,0,0,0,62519
2026-09-13 03:05:48,"Sun, 13 Sep 2026 03:05:46 GMT",30,1593,0.3,9.2,night,46.1,7,65,8.06,0,0,1,1,0.0,0.0,0.0,0.0,0.0,0,0.0,0.0,0,0,0,0,0,88673
2026-09-13 03:06:11,"Sun, 13 Sep 2026 03:06:00 GMT",30,1594,0.2,9.2,night,46.1,1,38,8.04,0,0,1,1,0.0,0.0,0.0,0.0,0.0,0,0.0,0.0,0,0,0,0,0,88618
2026-09-13 03:08:03,"Sun, 13 Sep 2026 03:08:01 GMT",31,1357,0.2,9.7,night,40.8,102,662,7.19,2,1,2,1,1.0,0.5,0.0,0.474,0.315,97,0.0,0.087,3,4,0,0,0,84374
2026-09-13 03:08:58,"Sun, 13 Sep 2026 03:08:46 GMT",2,1767,0.2,12.2,night,34.8,29,85,5.33,0,0,1,1,0.0,0.0,0.0,0.0,0.0,0,0.0,0.0,0,0,0,0,0,62687
2026-09-13 03:09:10,"Sun, 13 Sep 2026 03:09:01 GMT",2,1768,0.2,12.3,night,34.8,18,61,5.33,0,0,1,1,0.0,0.0,0.0,0.0,0.0,0,0.0,0.0,0,0,0,0,0,62753
2026-09-13 03:18:48,"Sun, 13 Sep 2026 03:18:46 GMT",4,1670,0.4,11.4,night,64.2,295,1477,8.86,1,1,1,1,1.0,0.17,0.0,0.823,0.704,112,0.0,0.101,6,6,0,0,0,79039
2026-09-13 03:19:04,"Sun, 13 Sep 2026 03:19:01 GMT",4,1671,0.3,11.3,night,64.3,133,1228,8.83,1,0,1,1,1.0,1.0,0.0,0.583,0.685,102,0.0,0.128,1,1,0,0,0,78820
2026-09-13 03:19:47,"Sun, 13 Sep 2026 03:19:46 GMT",31,1358,0.4,9.8,night,41.2,45,183,7.23,2,0,2,1,1.0,1.0,0.0,0.453,0.315,94,0.0,0.06,1,2,0,0,0,84664
2026-09-13 03:20:11,"Sun, 13 Sep 2026 03:20:01 GMT",2,1769,2.0,10.3,night,35.9,30,106,5.34,0,0,1,1,0.0,0.0,0.0,0.0,0.0,0,0.0,0.0,0,0,0,0,0,63450
2026-09-13 03:20:58,"Sun, 13 Sep 2026 03:20:46 GMT",30,1595,0.5,9.0,night,48.9,16,125,8.19,0,0,1,1,0.0,0.0,0.0,0.0,0.0,0,0.0,0.0,0,0,0,0,0,89315
2026-09-13 03:21:22,"Sun, 13 Sep 2026 03:21:01 GMT",30,1596,0.4,9.2,night,46.7,4,63,8.04,0,0,1,1,0.0,0.0,0.0,0.0,0.0,0,0.0,0.0,0,0,0,0,0,88719
2026-09-13 03:22:01,"Sun, 13 Sep 2026 03:21:46 GMT",3,1677,0.4,6.6,night,60.1,23,231,6.83,0,0,1,1,0.0,0.0,0.0,0.0,0.0,0,0.0,0.0,0,0,0,0,0,74085
2026-09-13 03:22:13,"Sun, 13 Sep 2026 03:22:01 GMT",3,1678,0.3,6.6,night,60.1,10,62,6.83,0,0,1,1,0.0,0.0,0.0,0.0,0.0,0,0.0,0.0,0,0,0,0,0,74085
2026-09-13 03:22:48,"Sun, 13 Sep 2026 03:22:46 GMT",4,1672,0.4,11.3,night,64.9,128,1413,8.8,1,1,1,1,1.0,0.5,0.0,0.583,0.685,106,0.0,0.181,2,2,0,0,0,78865
2026-09-13 03:23:16,"Sun, 13 Sep 2026 03:23:01 GMT",37,15,3.9,9.5,night,89.3,3111,20124,2.46,69,29,43,13,0.12,0.3,0.39,0.273,0.388,144,0.0,0.412,48,231,0,137,0,42773
2026-09-13 03:23:51,"Sun, 13 Sep 2026 03:23:45 GMT",35,67,1.2,10.8,night,14.4,368,2792,2.83,2,1,2,1,1.0,0.67,0.0,0.349,0.481,145,0.0,0.514,2,3,14,17,0,36848
2026-09-13 03:24:14,"Sun, 13 Sep 2026 03:24:02 GMT",2,1770,4.6,7.1,night,40.1,38,4854,5.57,2,0,2,1,1.0,1.0,0.0,0.005,0.315,42,0.0,0.06,1,2,0,0,0,65612
2026-09-13 03:24:53,"Sun, 13 Sep 2026 03:24:46 GMT",30,1597,0.7,9.1,night,46.7,9,100,7.99,0,0,1,1,0.0,0.0,0.0,0.0,0.0,0,0.0,0.0,0,0,0,0,0,87933
2026-09-13 03:25:09,"Sun, 13 Sep 2026 03:25:01 GMT",30,1598,0.6,9.1,night,46.7,2,49,7.98,0,0,1,1,0.0,0.0,0.0,0.0,0.0,0,0.0,0.0,0,0,0,0,0,87946
2026-09-13 03:25:56,"Sun, 13 Sep 2026 03:25:47 GMT",3,1679,0.9,6.3,night,60.0,5,77,6.76,0,0,1,1,0.0,0.0,0.0,0.0,0.0,0,0.0,0.0,0,0,0,0,0,73470
2026-09-13 03:26:08,"Sun, 13 Sep 2026 03:26:01 GMT",38,22,2.9,6.4,night,63.0,2944,19225,5.46,48,6,17,10,0.28,0.34,0.52,0.41,0.682,171,0.0,0.373,47,140,10,71,0,60426
2026-09-13 03:26:55,"Sun, 13 Sep 2026 03:26:46 GMT",4,1673,0.6,11.1,night,66.3,223,1352,8.79,3,1,2,2,0.75,0.6,1.0,0.465,0.932,185,0.0,0.122,3,5,0,0,0,78694
2026-09-13 03:27:11,"Sun, 13 Sep 2026 03:27:01 GMT",31,1359,0.6,9.3,night,40.9,35,272,7.14,1,0,1,1,1.0,1.0,0.0,0.469,0.315,99,0.0,0.113,1,1,0,0,0,83959
2026-09-13 03:27:51,"Sun, 13 Sep 2026 03:27:46 GMT",46,18,3.8,6.1,night,48.5,640,9059,5.9,9,5,7,3,0.43,0.3,0.53,0.094,0.792,234,0.0,0.288,13,30,0,6,0,70724
2026-09-13 03:28:03,"Sun, 13 Sep 2026 03:28:01 GMT",46,19,2.9,5.5,night,49.3,307,3724,5.92,4,4,4,1,1.0,0.29,0.36,0.016,0.315,87,0.0,0.116,6,14,0,4,0,71046
2026-09-13 03:28:14,"Sun, 13 Sep 2026 03:28:01 GMT",46,20,2.0,5.5,night,49.3,121,1224,5.92,3,2,3,1,1.0,0.6,1.0,0.073,0.796,96,0.0,0.537,2,5,1,4,0,71046
2026-09-13 03:28:50,"Sun, 13 Sep 2026 03:28:46 GMT",30,1599,1.4,8.8,night,49.4,8,77,8.09,0,0,1,1,0.0,0.0,0.0,0.0,0.0,0,0.0,0.0,0,0,0,0,0,89016
2026-09-13 03:29:17,"Sun, 13 Sep 2026 03:29:01 GMT",30,1600,1.0,8.8,night,49.7,4,53,8.11,0,0,1,1,0.0,0.0,0.0,0.0,0.0,0,0.0,0.0,0,0,0,0,0,89142
2026-09-13 03:29:52,"Sun, 13 Sep 2026 03:29:46 GMT",3,1680,1.8,6.1,night,63.9,5,58,6.8,0,0,1,1,0.0,0.0,0.0,0.0,0.0,0,0.0,0.0,0,0,0,0,0,73728
2026-09-13 03:30:04,"Sun, 13 Sep 2026 03:30:01 GMT",4,1674,1.9,10.2,night,69.5,158,1050,8.73,3,1,1,3,1.0,0.43,1.0,0.24,0.296,87,0.0,0.076,5,7,0,0,0,77988
2026-09-13 03:35:43,"Sun, 13 Sep 2026 03:35:01 GMT",31,1360,3.5,10.8,night,48.2,42,5960,7.56,1,0,1,1,1.0,1.0,0.0,0.438,0.315,117,0.0,0.06,1,1,0,0,0,88137
2026-09-13 03:35:59,"Sun, 13 Sep 2026 03:35:46 GMT",127,8,9.2,10.2,night,78.1,3755,27672,5.9,84,64,42,5,0.4,0.35,0.39,0.186,0.293,205,0.0,0.077,30,238,0,14,0,74598
2026-09-13 03:36:15,"Sun, 13 Sep 2026 03:36:01 GMT",48,40,5.7,8.5,night,67.7,6123,21777,8.36,335,7,57,16,0.37,0.87,0.92,0.258,0.505,172,0.0,0.229,22,383,0,74,0,94509
2026-09-13 03:36:51,"Sun, 13 Sep 2026 03:36:46 GMT",53,372,5.5,6.6,night,54.2,8067,28134,6.35,349,20,64,17,0.32,0.75,0.83,0.32,0.486,114,0.0,0.192,45,463,0,81,0,76519
2026-09-13 03:39:11,"Sun, 13 Sep 2026 03:39:00 GMT",8,366,0.0,13.4,night,210.9,0,0,2.36,0,0,1,1,0.0,0.0,0.0,0.0,0.0,0,0.0,0.0,0,0,0,0,0,19422
2026-09-13 03:39:54,"Sun, 13 Sep 2026 03:39:51 GMT",48,41,4.3,11.0,night,82.9,1292,13304,7.95,24,14,8,6,0.5,0.35,0.44,0.961,0.274,162,0.0,0.112,17,69,0,0,0,91395
2026-09-13 03:40:11,"Sun, 13 Sep 2026 03:40:05 GMT",48,42,3.5,10.3,night,79.2,238,7992,8.02,1,0,1,1,1.0,1.0,0.0,0.896,0.204,112,0.0,0.143,1,1,0,0,0,95482
2026-09-13 03:40:59,"Sun, 13 Sep 2026 03:40:49 GMT",53,373,3.0,8.5,night,63.3,1506,16963,7.05,8,5,7,2,0.57,0.19,0.36,0.76,0.447,107,0.0,0.236,22,43,0,22,0,86187
2026-09-13 03:41:35,"Sun, 13 Sep 2026 03:41:06 GMT",53,374,2.1,8.5,night,64.0,456,8317,7.06,3,3,3,1,1.0,0.3,0.5,0.583,0.5,128,0.0,0.426,6,10,0,8,0,86514
2026-09-13 03:41:47,"Sun, 13 Sep 2026 03:41:46 GMT",24,83,6.4,9.6,night,76.2,13852,45389,7.2,89,72,25,9,0.4,0.1,0.11,0.669,0.194,127,0.0,0.262,165,919,3,374,0,82338
2026-09-13 03:41:59,"Sun, 13 Sep 2026 03:41:46 GMT",24,84,4.5,9.6,night,76.2,6859,31284,7.2,33,17,13,6,0.42,0.1,0.15,0.54,0.455,131,0.0,0.335,116,326,3,227,0,82338
2026-09-13 03:42:15,"Sun, 13 Sep 2026 03:42:01 GMT",88,2,7.6,8.9,night,69.8,11904,38065,2.65,306,114,53,20,0.29,0.37,0.4,0.221,0.601,143,0.0,0.06,88,838,0,0,0,50359
2026-09-13 03:42:51,"Sun, 13 Sep 2026 03:42:46 GMT",27,7,10.6,11.2,night,60.2,14378,38369,7.49,403,291,54,13,0.57,0.4,0.41,0.496,0.478,219,0.0,0.113,38,1007,0,30,0,85537
2026-09-13 03:43:03,"Sun, 13 Sep 2026 03:43:01 GMT",26,314,6.0,7.2,night,79.1,5664,24577,5.73,172,33,33,11,0.47,0.56,0.63,0.135,0.815,191,0.0,0.103,43,307,0,31,0,76613
2026-09-13 03:43:14,"Sun, 13 Sep 2026 03:43:01 GMT",26,315,4.2,7.2,night,79.1,2871,15865,5.73,130,19,30,8,0.54,0.73,0.77,0.122,0.828,191,0.0,0.15,14,177,0,19,0,76613
2026-09-13 03:43:50,"Sun, 13 Sep 2026 03:43:46 GMT",48,43,6.8,7.0,night,86.4,2917,21051,8.1,131,25,19,14,0.49,0.68,0.72,0.081,0.772,232,0.0,0.329,17,193,0,90,0,100848
2026-09-13 03:44:02,"Sun, 13 Sep 2026 03:44:01 GMT",48,44,5.0,6.8,night,83.8,699,12877,8.06,31,3,8,8,0.48,0.69,0.84,0.028,0.77,209,0.0,0.415,10,45,0,45,0,101982
2026-09-13 03:44:15,"Sun, 13 Sep 2026 03:44:01 GMT",48,45,3.5,6.8,night,83.8,50,6366,8.06,1,0,1,1,1.0,1.0,0.0,0.021,0.815,170,0.0,0.507,1,1,0,1,0,101982
2026-09-13 03:44:51,"Sun, 13 Sep 2026 03:44:46 GMT",53,375,2.3,9.0,night,70.5,149,6055,7.67,1,0,1,1,1.0,1.0,0.0,0.781,0.444,98,0.0,0.319,1,1,0,1,0,95490
2026-09-13 03:45:15,"Sun, 13 Sep 2026 03:45:01 GMT",53,376,1.5,9.1,night,69.3,18,2012,7.59,0,0,1,1,0.0,0.0,0.0,0.0,0.0,0,0.0,0.0,0,0,0,0,0,94865
2026-09-13 03:45:56,"Sun, 13 Sep 2026 03:45:46 GMT",24,85,3.9,9.6,night,81.2,2899,23523,7.62,8,5,7,2,0.57,0.12,0.35,0.527,0.484,130,0.0,0.372,43,68,0,55,0,89929
2026-09-13 03:46:08,"Sun, 13 Sep 2026 03:46:01 GMT",49,41,6.8,13.4,night,88.2,6384,34971,10.93,109,82,29,11,0.34,0.35,0.44,0.292,0.4,245,0.0,0.304,68,313,0,75,0,117943
2026-09-13 03:46:48,"Sun, 13 Sep 2026 03:46:46 GMT",26,316,2.6,6.9,night,82.1,576,7567,6.18,14,7,10,2,0.7,0.54,0.67,0.144,0.307,219,0.0,0.357,5,26,0,19,0,80728
2026-09-13 03:47:16,"Sun, 13 Sep 2026 03:47:01 GMT",26,317,1.9,6.9,night,81.6,99,3151,6.14,1,1,1,1,1.0,0.5,0.0,0.01,0.315,209,0.0,0.269,2,2,0,1,0,80350
2026-09-13 03:50:27,"Sun, 13 Sep 2026 03:50:01 GMT",49,42,5.4,10.2,night,90.4,4674,29079,11.94,30,23,19,5,0.32,0.17,0.22,0.906,0.125,183,0.0,0.148,59,180,0,57,0,124690
2026-09-13 03:50:51,"Sun, 13 Sep 2026 03:50:46 GMT",26,318,2.4,6.9,night,84.0,10,2284,6.2,0,0,1,1,0.0,0.0,0.0,0.0,0.0,0,0.0,0.0,0,0,0,0,0,81662
2026-09-13 03:51:06,"Sun, 13 Sep 2026 03:51:00 GMT",26,319,1.7,6.9,night,84.3,7,670,6.22,0,0,1,1,0.0,0.0,0.0,0.0,0.0,0,0.0,0.0,0,0,0,0,0,81989
2026-09-13 03:51:53,"Sun, 13 Sep 2026 03:51:46 GMT",98,347,6.0,6.3,night,97.8,8878,37531,10.32,65,60,15,10,0.43,0.16,0.21,0.929,0.248,211,0.0,0.153,99,407,0,26,0,120442
2026-09-13 03:52:45,"Sun, 13 Sep 2026 03:52:02 GMT",53,377,3.1,9.7,night,84.7,735,15953,10.48,1,1,1,1,1.0,0.12,0.0,0.156,0.389,120,0.0,0.147,8,8,0,3,0,118962
2026-09-13 03:52:57,"Sun, 13 Sep 2026 03:52:46 GMT",24,86,3.9,9.8,night,96.1,4437,28526,9.66,9,6,7,3,0.43,0.07,0.17,0.53,0.481,162,0.0,0.406,70,121,2,85,0,107958
2026-09-13 03:53:09,"Sun, 13 Sep 2026 03:53:02 GMT",24,87,3.1,9.5,night,98.3,1593,21293,9.8,5,2,5,1,1.0,0.25,1.0,0.521,0.481,146,0.0,0.455,15,20,0,19,0,108972
2026-09-13 03:55:21,"Sun, 13 Sep 2026 03:55:01 GMT",98,348,3.1,7.9,night,95.4,2843,20863,10.05,8,7,5,5,0.32,0.07,0.13,0.893,0.289,190,0.0,0.187,54,112,0,27,0,120840
2026-09-13 03:55:57,"Sun, 13 Sep 2026 03:55:46 GMT",53,378,2.8,9.7,night,87.1,305,10773,10.75,1,0,1,1,1.0,1.0,0.0,0.781,0.444,143,0.0,0.382,1,1,0,1,0,123627
2026-09-13 03:57:49,"Sun, 13 Sep 2026 03:57:47 GMT",166,182,5.5,5.6,night,85.7,7399,37543,11.58,11,9,8,6,0.23,0.04,0.11,0.644,0.655,189,0.0,0.164,142,252,0,17,0,126020
2026-09-13 03:58:12,"Sun, 13 Sep 2026 03:58:01 GMT",26,320,4.8,5.5,night,93.3,1083,10597,6.52,74,4,21,6,0.59,0.94,0.95,0.084,0.844,137,0.0,0.174,3,79,0,2,0,84430
2026-09-13 03:58:51,"Sun, 13 Sep 2026 03:58:46 GMT",98,349,3.2,8.5,night,96.7,1122,15869,10.24,3,3,3,1,1.0,0.18,0.5,0.729,0.315,166,0.0,0.326,10,17,0,8,0,122682
2026-09-13 03:59:03,"Sun, 13 Sep 2026 03:59:01 GMT",98,350,2.5,8.5,night,98.1,341,8699,10.36,2,2,2,1,1.0,0.4,0.0,0.724,0.315,165,0.0,0.399,3,5,0,5,0,123675
2026-09-13 03:59:55,"Sun, 13 Sep 2026 03:59:47 GMT",53,379,2.9,10.4,night,90.5,169,8215,11.1,0,0,1,1,0.0,0.0,0.0,0.0,0.0,0,0.0,0.0,0,0,0,0,0,126209
2026-09-13 04:00:07,"Sun, 13 Sep 2026 04:00:01 GMT",53,380,2.1,10.4,day,91.4,30,3144,11.17,0,0,1,1,0.0,0.0,0.0,0.0,0.0,0,0.0,0.0,0,0,0,0,0,126817
2026-09-13 04:00:59,"Sun, 13 Sep 2026 04:00:47 GMT",24,88,3.5,10.0,day,109.7,5674,28993,11.6,7,7,4,4,0.44,0.04,0.09,0.61,0.177,185,0.0,0.327,89,157,1,94,0,121521
2026-09-13 04:01:11,"Sun, 13 Sep 2026 04:01:01 GMT",166,183,4.3,6.0,day,88.2,4457,27218,11.89,8,6,7,6,0.19,0.09,0.2,0.639,0.66,193,0.0,0.225,52,93,2,15,0,128302
2026-09-13 04:01:58,"Sun, 13 Sep 2026 04:01:46 GMT",26,321,4.4,5.7,day,97.3,563,8786,6.68,32,7,12,5,0.53,0.74,0.82,0.055,0.861,136,0.0,0.22,5,43,0,1,0,84997
2026-09-13 04:05:38,"Sun, 13 Sep 2026 04:05:01 GMT",166,184,4.1,7.0,day,95.0,2821,23014,12.62,4,4,4,1,1.0,0.08,0.33,0.943,0.259,167,0.0,0.506,32,48,1,9,0,132646
2026-09-13 04:05:55,"Sun, 13 Sep 2026 04:05:47 GMT",26,322,2.3,6.9,day,103.8,25,2169,7.18,0,0,1,1,0.0,0.0,0.0,0.0,0.0,0,0.0,0.0,0,0,0,0,0,90339
2026-09-13 04:06:07,"Sun, 13 Sep 2026 04:06:01 GMT",26,323,1.7,6.9,day,105.0,4,695,7.23,0,0,1,1,0.0,0.0,0.0,0.0,0.0,0,0.0,0.0,0,0,0,0,0,91040
2026-09-13 04:07:00,"Sun, 13 Sep 2026 04:06:46 GMT",98,351,2.3,8.4,day,112.1,439,9852,11.56,1,1,1,1,1.0,0.33,0.0,0.896,0.278,216,0.0,0.189,3,3,0,1,0,132640
2026-09-13 04:07:12,"Sun, 13 Sep 2026 04:07:01 GMT",152,3,8.7,11.2,day,109.2,15810,41095,2.23,630,157,79,29,0.27,0.52,0.54,0.349,0.63,221,0.0,0.082,83,1216,0,0,0,52151
2026-09-13 04:08:05,"Sun, 13 Sep 2026 04:08:02 GMT",24,89,3.3,10.2,day,118.9,2715,25212,12.4,6,5,6,1,1.0,0.12,0.21,0.88,0.148,219,0.0,0.263,26,52,2,29,0,126438
2026-09-13 04:08:54,"Sun, 13 Sep 2026 04:08:46 GMT",166,185,2.8,6.5,day,99.5,737,13170,13.14,3,2,2,2,0.75,0.43,1.0,0.309,0.469,166,0.0,0.279,4,7,0,2,0,135825
2026-09-13 04:09:18,"Sun, 13 Sep 2026 04:09:01 GMT",166,186,2.1,6.4,day,99.9,171,5631,13.21,0,0,1,1,0.0,0.0,0.0,0.0,0.0,0,0.0,0.0,0,0,0,0,0,136123
2026-09-13 04:09:59,"Sun, 13 Sep 2026 04:09:46 GMT",26,324,1.9,6.2,day,104.8,5,1510,7.12,0,0,1,1,0.0,0.0,0.0,0.0,0.0,0,0.0,0.0,0,0,0,0,0,89114
2026-09-13 04:10:35,"Sun, 13 Sep 2026 04:10:02 GMT",26,325,1.3,6.6,day,104.3,3,401,7.11,0,0,1,1,0.0,0.0,0.0,0.0,0.0,0,0.0,0.0,0,0,0,0,0,89303
2026-09-13 04:10:48,"Sun, 13 Sep 2026 04:10:46 GMT",98,352,2.1,8.8,day,113.1,78,4888,11.66,1,0,1,1,1.0,1.0,0.0,0.448,0.463,219,0.0,0.332,1,1,0,1,0,133338
2026-09-13 04:11:00,"Sun, 13 Sep 2026 04:10:46 GMT",98,353,1.4,8.8,day,113.1,11,1367,11.66,0,0,1,1,0.0,0.0,0.0,0.0,0.0,0,0.0,0.0,0,0,0,0,0,133338
2026-09-13 04:11:13,"Sun, 13 Sep 2026 04:11:01 GMT",53,381,2.2,10.9,day,104.2,78,8013,12.46,1,0,1,1,1.0,1.0,0.0,0.74,0.352,156,0.0,0.085,1,1,0,0,0,136119
2026-09-13 04:11:49,"Sun, 13 Sep 2026 04:11:46 GMT",24,90,2.3,10.3,day,121.7,880,16555,12.6,7,1,5,2,0.7,0.44,1.0,0.881,0.153,214,0.0,0.255,10,16,0,9,0,127768
2026-09-13 04:12:26,"Sun, 13 Sep 2026 04:12:02 GMT",24,91,1.9,10.0,day,123.5,382,9726,12.78,6,2,4,2,0.75,0.75,1.0,0.877,0.154,216,0.0,0.289,2,8,0,3,0,129094
2026-09-13 04:12:55,"Sun, 13 Sep 2026 04:12:46 GMT",166,187,2.0,6.9,day,103.9,76,4012,13.66,0,0,1,1,0.0,0.0,0.0,0.0,0.0,0,0.0,0.0,0,0,0,0,0,139340
2026-09-13 04:13:07,"Sun, 13 Sep 2026 04:13:01 GMT",166,188,1.6,7.4,day,105.0,26,1290,13.73,0,0,1,1,0.0,0.0,0.0,0.0,0.0,0,0.0,0.0,0,0,0,0,0,139686
2026-09-13 04:14:00,"Sun, 13 Sep 2026 04:13:46 GMT",26,326,2.0,5.9,day,104.3,6,1013,7.03,0,0,1,1,0.0,0.0,0.0,0.0,0.0,0,0.0,0.0,0,0,0,0,0,87589
2026-09-13 04:14:12,"Sun, 13 Sep 2026 04:14:01 GMT",98,354,1.1,8.9,day,110.5,2,388,11.44,0,0,1,1,0.0,0.0,0.0,0.0,0.0,0,0.0,0.0,0,0,0,0,0,132322
2026-09-13 04:14:49,"Sun, 13 Sep 2026 04:14:46 GMT",53,382,1.5,10.9,day,103.1,33,1388,12.34,1,0,1,1,1.0,1.0,0.0,0.74,0.352,147,0.0,0.14,1,1,0,0,0,135235
2026-09-13 04:15:14,"Sun, 13 Sep 2026 04:15:01 GMT",53,383,1.1,10.9,day,103.8,12,320,12.42,0,0,1,1,0.0,0.0,0.0,0.0,0.0,0,0.0,0.0,0,0,0,0,0,135861
2026-09-13 04:15:55,"Sun, 13 Sep 2026 04:15:46 GMT",24,92,1.5,9.7,day,123.6,246,3273,12.77,3,1,3,1,1.0,0.75,1.0,0.885,0.148,213,0.0,0.402,2,4,0,3,0,128615
2026-09-13 04:16:07,"Sun, 13 Sep 2026 04:16:01 GMT",24,93,1.0,10.0,day,124.6,173,1522,12.82,3,1,3,1,1.0,0.75,1.0,0.885,0.148,216,0.0,0.438,2,4,0,4,0,128983
2026-09-13 04:16:52,"Sun, 13 Sep 2026 04:16:46 GMT",166,189,1.7,8.1,day,105.8,46,645,13.74,1,1,1,1,1.0,0.5,0.0,0.448,0.315,171,0.0,0.226,2,2,0,0,0,139951
2026-09-13 04:17:05,"Sun, 13 Sep 2026 04:17:01 GMT",26,327,2.9,6.4,day,117.1,9,2541,7.91,0,0,1,1,0.0,0.0,0.0,0.0,0.0,0,0.0,0.0,0,0,0,0,0,97122
2026-09-13 04:24:43,"Sun, 13 Sep 2026 04:24:01 GMT",166,190,2.3,6.6,day,106.3,138,3047,14.08,1,1,1,1,1.0,0.33,0.0,0.323,0.389,161,0.0,0.246,3,3,0,1,0,142268
2026-09-13 04:24:55,"Sun, 13 Sep 2026 04:24:46 GMT",26,328,2.3,6.1,day,106.9,13,804,7.21,0,0,1,1,0.0,0.0,0.0,0.0,0.0,0,0.0,0.0,0,0,0,0,0,89141
2026-09-13 04:25:20,"Sun, 13 Sep 2026 04:25:01 GMT",26,329,1.5,6.0,day,107.3,12,184,7.23,0,0,1,1,0.0,0.0,0.0,0.0,0.0,0,0.0,0.0,0,0,0,0,0,89315
2026-09-13 04:26:00,"Sun, 13 Sep 2026 04:25:46 GMT",98,355,1.9,8.2,day,120.2,46,2174,12.39,0,0,1,1,0.0,0.0,0.0,0.0,0.0,0,0.0,0.0,0,0,0,0,0,139651
2026-09-13 04:26:12,"Sun, 13 Sep 2026 04:26:02 GMT",98,356,1.2,8.3,day,121.3,27,491,12.45,0,0,1,1,0.0,0.0,0.0,0.0,0.0,0,0.0,0.0,0,0,0,0,0,140218
2026-09-13 04:26:49,"Sun, 13 Sep 2026 04:26:47 GMT",53,384,1.2,10.4,day,113.4,61,2538,13.25,0,0,1,1,0.0,0.0,0.0,0.0,0.0,0,0.0,0.0,0,0,0,0,0,140251
2026-09-13 04:27:01,"Sun, 13 Sep 2026 04:26:47 GMT",53,385,0.8,10.4,day,113.4,26,448,13.25,0,0,1,1,0.0,0.0,0.0,0.0,0.0,0,0.0,0.0,0,0,0,0,0,140251
2026-09-13 04:27:13,"Sun, 13 Sep 2026 04:27:01 GMT",24,94,1.2,10.2,day,124.6,631,3654,12.77,5,4,4,2,0.62,0.21,0.56,0.879,0.156,222,0.0,0.367,13,24,0,6,0,129809
2026-09-13 04:27:54,"Sun, 13 Sep 2026 04:27:47 GMT",166,191,1.7,7.3,day,109.1,184,1418,14.28,2,1,2,1,1.0,0.5,0.0,0.432,0.315,208,0.0,0.243,3,4,0,0,0,142239
2026-09-13 04:28:07,"Sun, 13 Sep 2026 04:28:01 GMT",166,192,1.3,7.3,day,109.8,126,643,14.36,3,1,2,2,0.75,0.6,1.0,0.243,0.395,180,0.0,0.119,3,5,0,0,0,142768
2026-09-13 04:28:47,"Sun, 13 Sep 2026 04:28:46 GMT",26,330,1.4,7.4,day,108.7,19,422,7.37,0,0,1,1,0.0,0.0,0.0,0.0,0.0,0,0.0,0.0,0,0,0,0,0,90420
2026-09-13 04:29:00,"Sun, 13 Sep 2026 04:28:46 GMT",26,331,1.0,7.4,day,108.7,8,115,7.37,0,0,1,1,0.0,0.0,0.0,0.0,0.0,0,0.0,0.0,0,0,0,0,0,90420
2026-09-13 04:29:12,"Sun, 13 Sep 2026 04:29:01 GMT",26,332,0.8,7.3,day,109.2,5,34,7.38,0,0,1,1,0.0,0.0,0.0,0.0,0.0,0,0.0,0.0,0,0,0,0,0,90576
2026-09-13 04:29:53,"Sun, 13 Sep 2026 04:29:47 GMT",98,357,1.0,8.6,day,121.1,9,186,12.38,0,0,1,1,0.0,0.0,0.0,0.0,0.0,0,0.0,0.0,0,0,0,0,0,138501
2026-09-13 04:30:06,"Sun, 13 Sep 2026 04:30:02 GMT",53,386,1.3,11.0,day,110.8,29,415,13.15,1,0,1,1,1.0,1.0,0.0,0.74,0.352,156,0.0,0.169,1,1,0,0,0,140542
2026-09-13 04:30:55,"Sun, 13 Sep 2026 04:30:46 GMT",24,95,2.2,9.8,day,127.7,724,6663,13.08,3,1,3,1,1.0,0.23,1.0,0.885,0.148,236,0.0,0.503,11,13,0,7,0,129089
2026-09-13 04:31:07,"Sun, 13 Sep 2026 04:31:02 GMT",24,96,1.7,9.8,day,127.8,581,3059,13.29,4,3,4,1,1.0,0.31,0.57,0.672,0.185,184,0.0,0.21,7,13,0,5,0,132089
2026-09-13 04:32:00,"Sun, 13 Sep 2026 04:31:46 GMT",166,193,0.8,7.1,day,107.6,92,651,14.1,1,0,1,1,1.0,1.0,0.0,0.24,0.444,176,0.0,0.106,1,1,0,0,0,141911
2026-09-13 04:32:25,"Sun, 13 Sep 2026 04:32:02 GMT",166,194,0.7,7.2,day,107.4,90,493,14.05,1,1,1,1,1.0,0.5,0.0,0.219,0.481,113,0.0,0.186,2,2,0,0,0,141585
2026-09-13 04:32:49,"Sun, 13 Sep 2026 04:32:47 GMT",26,333,1.3,6.4,day,106.3,6,82,7.15,0,0,1,1,0.0,0.0,0.0,0.0,0.0,0,0.0,0.0,0,0,0,0,0,88677
2026-09-13 04:33:14,"Sun, 13 Sep 2026 04:33:00 GMT",28,27,6.6,11.3,day,107.1,24683,49482,8.24,353,350,51,25,0.28,0.21,0.22,0.298,0.766,220,0.0,0.387,156,1713,175,1170,1,90937
2026-09-13 04:34:11,"Sun, 13 Sep 2026 04:34:01 GMT",53,387,0.9,10.4,day,109.7,253,569,13.05,13,4,6,3,0.72,0.76,0.76,0.761,0.295,190,0.0,0.074,2,17,0,0,0,140236
2026-09-13 04:34:48,"Sun, 13 Sep 2026 04:34:46 GMT",24,97,1.0,10.0,day,129.4,347,1607,13.27,4,1,4,2,0.5,0.67,1.0,0.88,0.153,228,0.0,0.479,3,6,0,3,0,131432
2026-09-13 04:35:00,"Sun, 13 Sep 2026 04:34:46 GMT",24,98,0.7,10.0,day,129.4,134,891,13.27,1,0,1,1,1.0,1.0,0.0,0.875,0.148,100,0.0,0.527,1,1,1,2,0,131432
2026-09-13 04:35:13,"Sun, 13 Sep 2026 04:35:02 GMT",24,99,0.9,9.8,day,130.4,251,958,13.26,3,2,2,2,0.75,0.33,1.0,0.538,0.16,177,0.0,0.155,6,9,1,4,0,131488
2026-09-13 04:35:49,"Sun, 13 Sep 2026 04:35:46 GMT",166,195,1.3,7.4,day,110.7,36,345,14.52,0,0,1,1,0.0,0.0,0.0,0.0,0.0,0,0.0,0.0,0,0,0,0,0,145181
2026-09-13 04:36:18,"Sun, 13 Sep 2026 04:36:02 GMT",166,196,1.2,7.5,day,112.2,28,254,14.67,0,0,1,1,0.0,0.0,0.0,0.0,0.0,0,0.0,0.0,0,0,0,0,0,146120
2026-09-13 04:41:10,"Sun, 13 Sep 2026 04:41:01 GMT",98,358,0.6,8.4,day,120.9,4,195,12.34,0,0,1,1,0.0,0.0,0.0,0.0,0.0,0,0.0,0.0,0,0,0,0,0,138164
2026-09-13 04:41:51,"Sun, 13 Sep 2026 04:41:46 GMT",53,388,0.7,10.7,day,113.9,84,734,13.38,4,0,2,3,0.67,1.0,1.0,0.755,0.296,191,0.0,0.133,1,4,0,0,0,142427
2026-09-13 04:42:16,"Sun, 13 Sep 2026 04:42:01 GMT",53,389,0.7,10.9,day,114.8,49,381,13.47,1,0,1,1,1.0,1.0,0.0,0.76,0.296,188,0.0,0.175,1,1,0,0,0,142892
2026-09-13 04:42:57,"Sun, 13 Sep 2026 04:42:46 GMT",24,100,0.6,10.2,day,129.0,399,3925,13.3,3,1,3,1,1.0,0.75,1.0,0.49,0.222,180,0.0,0.278,2,4,0,2,0,132307
2026-09-13 04:43:09,"Sun, 13 Sep 2026 04:43:01 GMT",166,197,2.8,4.8,day,99.9,85,647,13.38,4,0,3,2,0.67,1.0,1.0,0.185,0.412,199,0.0,0.119,1,4,0,0,0,137325
2026-09-13 04:44:14,"Sun, 13 Sep 2026 04:44:01 GMT",26,334,1.1,7.2,day,112.5,11,438,7.61,0,0,1,1,0.0,0.0,0.0,0.0,0.0,0,0.0,0.0,0,0,0,0,0,93048
2026-09-13 04:45:56,"Sun, 13 Sep 2026 04:45:50 GMT",53,390,0.4,10.6,day,113.8,31,392,13.39,1,0,1,1,1.0,1.0,0.0,0.74,0.352,161,0.0,0.192,1,1,0,0,0,142500
2026-09-13 04:46:09,"Sun, 13 Sep 2026 04:46:01 GMT",53,391,7.3,10.3,day,113.0,36946,56219,13.69,3223,19,96,54,0.62,0.96,0.97,0.524,0.543,251,0.0,0.088,34,3347,0,0,0,142070
2026-09-13 04:46:50,"Sun, 13 Sep 2026 04:46:46 GMT",53,392,5.4,10.6,day,115.4,30247,51500,9.22,2225,116,96,44,0.53,0.87,0.9,0.531,0.613,242,0.0,0.139,81,2556,0,0,0,96017
2026-09-13 04:47:02,"Sun, 13 Sep 2026 04:47:01 GMT",166,198,0.9,7.2,day,107.6,68,353,14.12,4,0,4,1,1.0,1.0,1.0,0.432,0.333,190,0.0,0.166,1,4,0,0,0,141809
2026-09-13 04:47:15,"Sun, 13 Sep 2026 04:47:01 GMT",166,199,0.6,7.2,day,107.6,27,180,14.12,0,0,1,1,0.0,0.0,0.0,0.0,0.0,0,0.0,0.0,0,0,0,0,0,141809
2026-09-13 04:47:48,"Sun, 13 Sep 2026 04:47:46 GMT",26,335,0.7,6.8,day,111.1,22,208,7.5,1,0,1,1,1.0,1.0,0.0,0.365,0.352,111,0.0,0.075,1,1,0,0,0,91712
2026-09-13 04:48:00,"Sun, 13 Sep 2026 04:47:46 GMT",26,336,0.5,6.8,day,111.1,9,56,7.5,1,0,1,1,1.0,1.0,0.0,0.365,0.352,111,0.0,0.13,1,1,0,0,0,91712
2026-09-13 04:48:51,"Sun, 13 Sep 2026 04:48:46 GMT",98,359,0.6,8.2,day,121.3,16,235,12.34,0,0,1,1,0.0,0.0,0.0,0.0,0.0,0,0.0,0.0,0,0,0,0,0,137919
2026-09-13 04:49:04,"Sun, 13 Sep 2026 04:49:02 GMT",98,360,0.4,8.2,day,121.7,4,78,12.37,0,0,1,1,0.0,0.0,0.0,0.0,0.0,0,0.0,0.0,0,0,0,0,0,138284
2026-09-13 04:49:16,"Sun, 13 Sep 2026 04:49:02 GMT",98,361,0.3,8.2,day,121.7,1,29,12.37,0,0,1,1,0.0,0.0,0.0,0.0,0.0,0,0.0,0.0,0,0,0,0,0,138284
2026-09-13 04:49:57,"Sun, 13 Sep 2026 04:49:46 GMT",53,393,3.7,10.6,day,112.3,8850,29522,13.19,227,53,43,24,0.22,0.44,0.51,0.501,0.518,245,0.0,0.217,84,519,0,3,0,141096
2026-09-13 04:50:09,"Sun, 13 Sep 2026 04:50:00 GMT",24,101,1.0,9.9,day,127.7,1737,12590,13.13,6,2,4,2,0.75,0.29,1.0,0.87,0.157,244,0.0,0.318,14,21,0,3,0,130455
2026-09-13 04:51:11,"Sun, 13 Sep 2026 04:51:01 GMT",166,200,0.9,7.3,day,112.8,132,764,14.54,1,1,1,1,1.0,0.5,0.0,0.156,0.407,137,0.0,0.183,2,2,0,0,0,144277
2026-09-13 04:51:56,"Sun, 13 Sep 2026 04:51:46 GMT",26,337,1.5,6.8,day,113.5,17,112,7.63,0,0,1,1,0.0,0.0,0.0,0.0,0.0,0,0.0,0.0,0,0,0,0,0,93010
2026-09-13 04:52:08,"Sun, 13 Sep 2026 04:52:01 GMT",26,338,1.0,6.8,day,114.0,12,36,7.65,0,0,1,1,0.0,0.0,0.0,0.0,0.0,0,0.0,0.0,0,0,0,0,0,93349
2026-09-13 04:52:57,"Sun, 13 Sep 2026 04:52:46 GMT",98,362,0.5,8.5,day,122.0,13,130,12.41,0,0,1,1,0.0,0.0,0.0,0.0,0.0,0,0.0,0.0,0,0,0,0,0,138135
2026-09-13 04:54:36,"Sun, 13 Sep 2026 04:54:02 GMT",24,102,0.8,9.9,day,130.1,4531,19378,13.33,7,6,5,2,0.7,0.08,0.2,0.874,0.159,247,0.0,0.321,57,89,1,5,0,131858
2026-09-13 04:54:49,"Sun, 13 Sep 2026 04:54:46 GMT",166,201,0.6,6.9,day,112.5,54,383,14.49,0,0,1,1,0.0,0.0,0.0,0.0,0.0,0,0.0,0.0,0,0,0,0,0,143840
2026-09-13 04:55:41,"Sun, 13 Sep 2026 04:55:01 GMT",166,202,0.5,7.2,day,112.8,55,527,14.54,0,0,1,1,0.0,0.0,0.0,0.0,0.0,0,0.0,0.0,0,0,0,0,0,144136
2026-09-13 04:55:58,"Sun, 13 Sep 2026 04:55:46 GMT",26,339,1.4,6.3,day,112.8,12,586,7.53,0,0,1,1,0.0,0.0,0.0,0.0,0.0,0,0.0,0.0,0,0,0,0,0,92010
2026-09-13 04:56:10,"Sun, 13 Sep 2026 04:56:01 GMT",98,363,1.0,8.7,day,118.4,5,1030,12.03,0,0,1,1,0.0,0.0,0.0,0.0,0.0,0,0.0,0.0,0,0,0,0,0,135596
2026-09-13 04:57:11,"Sun, 13 Sep 2026 04:57:01 GMT",53,394,3.0,11.2,day,114.8,5511,24473,13.32,63,39,21,15,0.2,0.23,0.3,0.592,0.476,229,0.0,0.264,73,280,0,20,0,141849
2026-09-13 04:58:00,"Sun, 13 Sep 2026 04:57:46 GMT",24,103,1.4,9.8,day,131.3,9045,26257,13.38,15,14,12,6,0.21,0.04,0.08,0.821,0.186,238,0.0,0.183,172,360,3,14,0,131591
2026-09-13 04:58:17,"Sun, 13 Sep 2026 04:58:01 GMT",24,104,1.1,9.8,day,131.7,4492,19181,13.41,7,5,6,2,0.58,0.07,0.22,0.942,0.265,185,0.0,0.217,65,101,2,19,0,131787
2026-09-13 04:58:57,"Sun, 13 Sep 2026 04:58:47 GMT",166,203,1.2,7.0,day,107.9,329,1471,13.94,2,1,1,2,1.0,0.33,0.0,0.49,0.343,184,0.0,0.079,5,6,0,0,0,140522
2026-09-13 04:59:09,"Sun, 13 Sep 2026 04:59:02 GMT",188,2,2.8,13.7,day,138.8,10816,27461,5.38,309,93,24,23,0.56,0.42,0.49,0.099,0.165,255,0.24,0.06,113,733,0,0,0,72776
2026-09-13 05:00:22,"Sun, 13 Sep 2026 05:00:01 GMT",98,364,1.0,9.0,day,120.8,35,2646,12.21,0,0,1,1,0.0,0.0,0.0,0.0,0.0,0,0.0,0.0,0,0,0,0,0,136600
2026-09-13 05:00:59,"Sun, 13 Sep 2026 05:00:47 GMT",53,395,3.0,11.4,day,113.5,3880,19141,13.42,66,24,8,15,0.55,0.35,0.42,0.147,0.435,242,0.0,0.15,44,189,0,52,1,140932
2026-09-13 05:01:12,"Sun, 13 Sep 2026 05:01:01 GMT",53,396,3.0,11.1,day,113.2,3258,14309,13.42,93,29,23,9,0.45,0.48,0.5,0.157,0.376,215,0.0,0.169,14,194,0,17,1,140758
2026-09-13 05:02:49,"Sun, 13 Sep 2026 05:02:47 GMT",166,204,2.0,6.6,day,103.1,715,7266,13.61,25,2,4,9,0.69,0.86,1.0,0.919,0.164,222,0.0,0.083,4,29,0,0,0,138614
2026-09-13 05:03:18,"Sun, 13 Sep 2026 05:03:01 GMT",26,340,1.9,5.7,day,111.7,393,1705,7.6,7,3,3,4,0.58,0.33,0.7,0.357,0.632,207,0.0,0.072,10,21,0,0,0,91841
2026-09-13 05:03:56,"Sun, 13 Sep 2026 05:03:47 GMT",98,365,3.6,8.6,day,118.9,1783,8052,12.64,54,28,14,7,0.55,0.41,0.42,0.573,0.237,235,0.0,0.08,8,132,0,0,0,138090
2026-09-13 05:05:48,"Sun, 13 Sep 2026 05:05:01 GMT",53,397,1.5,11.0,day,111.9,1104,5268,13.15,22,12,12,5,0.37,0.34,0.42,0.173,0.505,230,0.0,0.185,12,64,0,5,0,140839
2026-09-13 05:06:01,"Sun, 13 Sep 2026 05:05:47 GMT",24,105,1.0,9.9,day,128.9,2141,10965,13.25,30,14,9,6,0.56,0.34,0.48,0.555,0.161,240,0.0,0.166,25,89,3,11,0,130742
2026-09-13 05:06:13,"Sun, 13 Sep 2026 05:06:01 GMT",166,205,0.9,7.4,day,109.4,712,2055,14.22,18,6,8,5,0.45,0.53,0.58,0.722,0.609,203,0.0,0.069,6,34,0,0,0,142296
2026-09-13 05:12:48,"Sun, 13 Sep 2026 05:12:46 GMT",53,398,1.1,10.4,day,112.5,769,8100,13.08,6,5,5,2,0.6,0.23,0.43,0.323,0.429,208,0.0,0.209,13,26,0,6,0,140152
2026-09-13 05:13:00,"Sun, 13 Sep 2026 05:12:46 GMT",53,399,0.8,10.4,day,112.5,190,3660,13.08,2,1,2,1,1.0,0.33,0.0,0.172,0.5,196,0.0,0.312,5,6,0,4,0,140152
2026-09-13 05:13:16,"Sun, 13 Sep 2026 05:13:01 GMT",24,106,1.4,9.9,day,130.6,13462,32604,13.23,122,43,39,15,0.21,0.15,0.19,0.632,0.157,248,0.0,0.175,207,817,3,38,0,131444
2026-09-13 05:13:53,"Sun, 13 Sep 2026 05:13:46 GMT",166,206,1.5,6.4,day,112.6,1047,7306,14.47,15,6,5,7,0.43,0.37,0.56,0.07,0.11,223,0.0,0.083,15,41,0,0,0,143787
2026-09-13 05:14:05,"Sun, 13 Sep 2026 05:14:01 GMT",166,207,1.0,6.6,day,113.0,219,3147,14.48,1,1,1,1,1.0,0.5,0.0,0.708,0.278,187,0.0,0.123,2,2,0,0,0,144008
2026-09-13 05:14:57,"Sun, 13 Sep 2026 05:14:46 GMT",26,341,2.9,5.2,day,111.3,508,4683,7.37,7,6,6,2,0.58,0.2,0.23,0.159,0.317,194,0.0,0.119,10,35,0,0,0,90350
2026-09-13 05:15:09,"Sun, 13 Sep 2026 05:15:01 GMT",26,342,2.4,5.5,day,109.7,195,2712,7.27,3,3,3,1,1.0,0.23,0.33,0.312,0.296,188,0.0,0.155,6,13,0,0,0,89622
2026-09-13 05:15:49,"Sun, 13 Sep 2026 05:15:47 GMT",98,366,1.7,8.6,day,125.7,1594,12159,12.48,14,8,5,4,0.7,0.28,0.35,0.868,0.341,228,0.0,0.158,13,50,0,0,0,138911
2026-09-13 05:16:14,"Sun, 13 Sep 2026 05:16:01 GMT",53,400,2.0,9.5,day,120.3,441,8398,13.69,1,0,1,1,1.0,1.0,0.0,0.708,0.37,135,0.0,0.298,1,1,0,0,0,143972
2026-09-13 05:16:50,"Sun, 13 Sep 2026 05:16:46 GMT",24,107,1.2,9.8,day,129.2,14622,33532,12.93,141,56,38,13,0.29,0.16,0.2,0.511,0.115,251,0.01,0.196,220,892,3,77,0,129082
2026-09-13 05:17:14,"Sun, 13 Sep 2026 05:17:02 GMT",24,108,0.9,9.7,day,129.3,5715,21627,13.03,8,7,4,4,0.5,0.05,0.11,0.527,0.155,235,0.0,0.329,82,162,3,74,0,129512
2026-09-13 05:17:51,"Sun, 13 Sep 2026 05:17:47 GMT",166,208,1.6,5.8,day,115.0,202,4839,14.68,1,0,1,1,1.0,1.0,0.0,0.729,0.278,187,0.0,0.069,1,1,0,0,0,145016
2026-09-13 05:18:03,"Sun, 13 Sep 2026 05:18:01 GMT",166,209,1.0,6.0,day,116.4,108,2078,14.81,1,0,1,1,1.0,1.0,0.0,0.729,0.278,195,0.0,0.125,1,1,0,0,0,145870
2026-09-13 05:19:09,"Sun, 13 Sep 2026 05:19:01 GMT",98,367,1.7,8.6,day,123.2,435,5546,12.39,4,3,2,2,1.0,0.27,0.57,0.88,0.361,220,0.0,0.204,10,15,0,0,0,138489
2026-09-13 05:21:06,"Sun, 13 Sep 2026 05:21:02 GMT",24,109,7.4,12.7,day,132.0,9767,25580,13.48,225,165,18,36,0.35,0.37,0.41,0.915,0.333,252,0.0,0.113,59,604,2,36,1,127566
2026-09-13 05:21:55,"Sun, 13 Sep 2026 05:21:46 GMT",166,210,1.4,5.8,day,109.3,162,982,14.24,2,1,2,1,1.0,0.67,0.0,0.193,0.426,185,0.0,0.114,2,3,0,0,0,142619
2026-09-13 05:22:07,"Sun, 13 Sep 2026 05:22:02 GMT",26,343,1.4,5.1,day,108.9,72,649,7.35,1,1,1,1,1.0,0.33,0.0,0.74,0.519,139,0.0,0.159,3,3,0,0,0,90316
2026-09-13 05:22:56,"Sun, 13 Sep 2026 05:22:47 GMT",98,368,1.0,9.0,day,122.4,105,1290,12.45,0,0,1,1,0.0,0.0,0.0,0.0,0.0,0,0.0,0.0,0,0,0,0,0,138607
2026-09-13 05:23:08,"Sun, 13 Sep 2026 05:23:02 GMT",98,369,0.8,9.1,day,122.7,48,741,12.44,0,0,1,1,0.0,0.0,0.0,0.0,0.0,0,0.0,0.0,0,0,0,0,0,138654
2026-09-13 05:23:57,"Sun, 13 Sep 2026 05:23:46 GMT",53,401,1.6,9.8,day,118.3,1159,3659,13.8,30,10,10,7,0.43,0.49,0.68,0.458,0.667,246,0.0,0.191,17,61,0,2,0,144512
2026-09-13 05:24:09,"Sun, 13 Sep 2026 05:24:02 GMT",53,402,1.1,9.7,day,119.9,757,2627,13.91,16,7,6,5,0.53,0.46,0.62,0.44,0.647,233,0.0,0.244,11,35,0,2,0,145198
2026-09-13 05:29:13,"Sun, 13 Sep 2026 05:29:01 GMT",166,211,1.3,5.9,day,107.6,177,2541,14.16,2,1,2,1,1.0,0.67,0.0,0.859,0.241,180,0.0,0.063,2,3,0,0,0,141943
2026-09-13 05:29:49,"Sun, 13 Sep 2026 05:29:47 GMT",26,344,2.0,6.8,day,104.4,13,1249,7.25,0,0,1,1,0.0,0.0,0.0,0.0,0.0,0,0.0,0.0,0,0,0,0,0,89184
2026-09-13 05:30:12,"Sun, 13 Sep 2026 05:30:02 GMT",26,345,1.4,6.8,day,104.3,19,280,7.25,1,0,1,1,1.0,1.0,0.0,0.354,0.648,165,0.0,0.065,1,1,0,0,0,89106
2026-09-13 05:30:48,"Sun, 13 Sep 2026 05:30:46 GMT",98,370,0.8,9.3,day,122.4,58,1010,12.48,2,0,2,1,1.0,1.0,0.0,0.141,0.519,200,0.0,0.092,1,2,0,0,0,138766
2026-09-13 05:31:48,"Sun, 13 Sep 2026 05:31:47 GMT",53,403,1.2,10.5,day,113.8,853,6363,13.56,14,5,6,4,0.58,0.44,0.61,0.443,0.647,230,0.0,0.281,10,32,0,11,0,143288
2026-09-13 05:32:00,"Sun, 13 Sep 2026 05:31:47 GMT",53,404,0.8,10.5,day,113.8,400,2699,13.56,6,3,3,3,0.67,0.4,0.5,0.45,0.651,230,0.0,0.326,6,15,0,10,0,143288
2026-09-13 05:32:12,"Sun, 13 Sep 2026 05:32:01 GMT",24,110,3.2,9.6,day,130.2,11181,29629,13.32,152,88,23,16,0.41,0.24,0.32,0.263,0.843,235,0.0,0.201,148,624,2,93,1,131732
2026-09-13 05:32:56,"Sun, 13 Sep 2026 05:32:46 GMT",166,212,0.8,6.1,day,114.0,875,3319,14.73,7,4,5,3,0.47,0.22,0.39,0.188,0.41,184,0.0,0.117,16,32,0,0,0,145265
2026-09-13 05:33:12,"Sun, 13 Sep 2026 05:33:01 GMT",166,213,0.6,6.4,day,113.7,600,2242,14.72,6,2,4,3,0.5,0.32,1.0,0.17,0.198,218,0.0,0.082,11,19,0,0,0,145275
2026-09-13 05:33:48,"Sun, 13 Sep 2026 05:33:47 GMT",26,346,1.8,7.0,day,104.3,16,1396,7.23,0,0,1,1,0.0,0.0,0.0,0.0,0.0,0,0.0,0.0,0,0,0,0,0,89041
2026-09-13 05:34:00,"Sun, 13 Sep 2026 05:33:47 GMT",26,347,1.3,7.0,day,104.3,13,127,7.23,0,0,1,1,0.0,0.0,0.0,0.0,0.0,0,0.0,0.0,0,0,0,0,0,89041
2026-09-13 05:34:16,"Sun, 13 Sep 2026 05:34:01 GMT",26,348,1.1,7.3,day,104.8,14,82,7.3,0,0,1,1,0.0,0.0,0.0,0.0,0.0,0,0.0,0.0,0,0,0,0,0,89758
2026-09-13 05:34:55,"Sun, 13 Sep 2026 05:34:46 GMT",98,371,1.1,8.4,day,127.2,67,567,12.81,3,0,3,1,1.0,1.0,1.0,0.125,0.5,200,0.0,0.097,1,3,0,0,0,140915
2026-09-13 05:35:07,"Sun, 13 Sep 2026 05:35:01 GMT",53,405,0.9,9.9,day,119.0,269,2991,13.95,2,1,2,1,1.0,0.33,0.0,0.505,0.704,229,0.0,0.374,5,6,0,6,0,145791
2026-09-13 05:35:59,"Sun, 13 Sep 2026 05:35:46 GMT",24,111,2.8,9.7,day,130.3,8094,25445,13.19,125,25,23,15,0.36,0.34,0.45,0.261,0.838,235,0.0,0.247,98,370,0,113,1,130844
2026-09-13 05:36:11,"Sun, 13 Sep 2026 05:36:01 GMT",24,112,2.0,9.7,day,130.1,5537,21316,13.21,94,16,22,14,0.31,0.43,0.61,0.253,0.828,230,0.0,0.293,68,218,0,96,1,130466
2026-09-13 05:36:59,"Sun, 13 Sep 2026 05:36:46 GMT",166,214,0.5,6.2,day,113.1,452,2404,14.79,7,1,4,4,0.44,0.78,1.0,0.074,0.098,193,0.0,0.157,3,9,0,0,0,145807
2026-09-13 05:37:11,"Sun, 13 Sep 2026 05:37:01 GMT",166,215,0.5,6.5,day,113.2,491,1987,14.86,3,3,3,1,1.0,0.25,0.5,0.188,0.426,201,0.0,0.197,8,12,0,0,0,146435
2026-09-13 05:38:02,"Sun, 13 Sep 2026 05:37:46 GMT",26,349,1.4,6.8,day,104.7,33,571,7.22,0,0,1,1,0.0,0.0,0.0,0.0,0.0,0,0.0,0.0,0,0,0,0,0,89095
2026-09-13 05:38:14,"Sun, 13 Sep 2026 05:38:01 GMT",98,372,1.4,9.6,day,119.6,171,1241,12.26,3,1,3,1,1.0,0.43,1.0,0.219,0.481,195,0.0,0.08,5,7,0,0,0,137355
2026-09-13 05:38:58,"Sun, 13 Sep 2026 05:38:46 GMT",53,406,1.1,10.1,day,110.2,324,1816,13.11,1,1,1,1,1.0,0.33,0.0,0.646,0.389,211,0.0,0.224,3,3,0,2,0,138716
2026-09-13 05:39:10,"Sun, 13 Sep 2026 05:39:01 GMT",53,407,0.8,10.0,day,110.2,109,923,13.27,1,0,1,1,1.0,1.0,0.0,0.969,0.556,92,0.0,0.225,1,1,0,0,0,141350
2026-09-13 05:39:50,"Sun, 13 Sep 2026 05:39:46 GMT",24,113,1.6,9.5,day,129.6,2548,8996,13.06,32,9,9,9,0.4,0.28,0.52,0.208,0.782,238,0.0,0.336,48,116,0,59,0,129955
2026-09-13 05:40:02,"Sun, 13 Sep 2026 05:40:01 GMT",24,114,1.0,9.5,day,130.7,1724,6230,13.35,13,6,4,6,0.54,0.18,0.28,0.611,0.175,213,0.0,0.255,32,74,0,42,0,131463
2026-09-13 05:40:14,"Sun, 13 Sep 2026 05:40:01 GMT",24,115,0.7,9.5,day,130.7,734,3887,13.35,4,3,4,1,1.0,0.31,0.57,0.818,0.185,248,0.0,0.321,8,13,0,8,0,131463
2026-09-13 05:40:50,"Sun, 13 Sep 2026 05:40:47 GMT",166,216,1.0,6.4,day,112.9,342,1756,14.63,4,1,4,2,0.5,0.44,1.0,0.307,0.412,178,0.0,0.093,6,9,0,0,0,144963
2026-09-13 05:41:06,"Sun, 13 Sep 2026 05:41:02 GMT",27,8,7.3,9.2,day,103.8,10043,34839,12.37,157,47,50,9,0.35,0.3,0.42,0.186,0.049,252,0.06,0.221,147,520,0,54,1,124509
2026-09-13 05:44:26,"Sun, 13 Sep 2026 05:44:02 GMT",24,116,0.8,9.5,day,130.2,4229,10507,13.29,58,50,20,12,0.24,0.21,0.26,0.768,0.738,223,0.0,0.143,60,278,0,54,0,131112
2026-09-13 05:44:54,"Sun, 13 Sep 2026 05:44:46 GMT",166,217,1.5,6.7,day,109.5,427,2406,14.23,2,2,1,2,1.0,0.33,0.0,0.938,0.25,188,0.0,0.114,4,6,0,0,0,142513
2026-09-13 05:45:18,"Sun, 13 Sep 2026 05:45:02 GMT",26,350,1.3,7.1,day,106.2,33,839,7.29,1,0,1,1,1.0,1.0,0.0,0.062,0.778,104,0.0,0.101,1,1,0,0,0,90058
2026-09-13 05:45:58,"Sun, 13 Sep 2026 05:45:46 GMT",98,373,0.7,8.9,day,123.9,221,777,12.59,3,3,2,2,0.75,0.23,0.5,0.319,0.438,202,0.0,0.09,8,13,0,0,0,139385
2026-09-13 05:46:23,"Sun, 13 Sep 2026 05:46:01 GMT",98,374,0.8,8.7,day,125.2,179,721,12.66,4,2,1,4,1.0,0.57,1.0,0.438,0.361,227,0.0,0.092,3,7,0,0,0,139759
2026-09-13 05:46:59,"Sun, 13 Sep 2026 05:46:47 GMT",53,408,2.1,8.9,day,121.9,175,5158,14.1,1,1,1,1,1.0,0.5,0.0,0.615,0.352,195,0.0,0.165,2,2,0,0,0,146637
2026-09-13 05:47:11,"Sun, 13 Sep 2026 05:47:02 GMT",53,409,1.5,9.0,day,122.4,102,2607,14.15,1,0,1,1,1.0,1.0,0.0,0.688,0.37,163,0.0,0.204,1,1,0,0,0,146991
2026-09-13 05:48:00,"Sun, 13 Sep 2026 05:47:46 GMT",24,117,2.8,10.6,day,130.1,1193,7626,13.32,5,4,4,2,0.62,0.14,0.33,0.831,0.181,193,0.0,0.396,22,36,0,22,0,131348
2026-09-13 05:48:12,"Sun, 13 Sep 2026 05:48:01 GMT",166,218,0.7,6.3,day,110.9,163,1071,14.47,1,1,1,1,1.0,0.33,0.0,0.208,0.407,194,0.0,0.13,3,3,0,0,0,143817
2026-09-13 05:48:49,"Sun, 13 Sep 2026 05:48:46 GMT",26,351,2.8,7.7,day,113.4,23,3903,7.63,0,0,1,1,0.0,0.0,0.0,0.0,0.0,0,0.0,0.0,0,0,0,0,0,93260
2026-09-13 05:49:05,"Sun, 13 Sep 2026 05:49:01 GMT",26,352,2.3,7.8,day,114.9,12,2639,7.74,0,0,1,1,0.0,0.0,0.0,0.0,0.0,0,0.0,0.0,0,0,0,0,0,94166
2026-09-13 05:49:53,"Sun, 13 Sep 2026 05:49:47 GMT",98,375,0.9,8.7,day,128.4,96,428,12.9,2,1,2,1,1.0,0.67,0.0,0.297,0.444,208,0.0,0.093,2,3,0,0,0,141464
2026-09-13 05:50:06,"Sun, 13 Sep 2026 05:50:01 GMT",98,376,1.1,8.4,day,130.3,36,301,13.05,1,0,1,1,1.0,1.0,0.0,0.302,0.444,210,0.0,0.146,1,1,0,0,0,142437
2026-09-13 05:50:54,"Sun, 13 Sep 2026 05:50:47 GMT",53,410,0.9,9.9,day,120.7,244,1289,14.15,2,1,2,2,0.5,0.5,0.0,0.974,0.565,168,0.0,0.175,3,4,0,0,0,147262
2026-09-13 05:51:06,"Sun, 13 Sep 2026 05:51:01 GMT",24,118,1.1,9.7,day,132.4,994,4623,13.42,6,4,6,3,0.33,0.19,0.43,0.609,0.164,208,0.0,0.32,15,31,0,17,0,131824
2026-09-13 05:52:11,"Sun, 13 Sep 2026 05:52:01 GMT",166,219,2.0,6.3,day,105.0,171,1997,13.87,1,1,1,1,1.0,0.5,0.0,0.938,0.241,186,0.0,0.154,2,2,0,0,0,140944
2026-09-13 05:52:56,"Sun, 13 Sep 2026 05:52:46 GMT",26,353,3.1,5.8,day,114.1,19,4320,7.67,0,0,1,1,0.0,0.0,0.0,0.0,0.0,0,0.0,0.0,0,0,0,0,0,93673
2026-09-13 05:53:52,"Sun, 13 Sep 2026 05:53:46 GMT",98,377,1.8,9.6,day,117.9,106,1350,12.13,2,2,1,2,1.0,0.33,0.0,0.438,0.38,205,0.0,0.148,4,6,0,0,0,136661
2026-09-13 05:54:04,"Sun, 13 Sep 2026 05:54:02 GMT",53,411,1.5,10.4,day,114.1,94,2670,13.53,1,0,1,1,1.0,1.0,0.0,0.615,0.352,174,0.0,0.254,1,1,0,0,0,143397
2026-09-13 05:54:53,"Sun, 13 Sep 2026 05:54:46 GMT",74,6,6.2,6.8,day,123.6,29345,53957,10.76,949,884,96,31,0.32,0.38,0.39,0.577,0.225,246,0.0,0.195,81,2504,0,0,0,106780
2026-09-13 05:55:09,"Sun, 13 Sep 2026 05:55:01 GMT",24,119,1.0,8.6,day,132.8,959,3999,13.59,10,3,5,5,0.4,0.26,0.62,0.686,0.202,234,0.0,0.227,22,38,0,14,0,132337
2026-09-13 05:55:58,"Sun, 13 Sep 2026 05:55:46 GMT",166,220,1.0,5.8,day,108.3,160,1177,14.21,2,1,2,1,1.0,0.67,0.0,0.943,0.259,185,0.0,0.138,2,3,0,0,0,142503
2026-09-13 05:56:10,"Sun, 13 Sep 2026 05:56:01 GMT",166,221,0.9,5.7,day,109.7,333,1213,14.35,17,1,7,4,0.61,0.89,1.0,0.138,0.659,216,0.0,0.064,3,19,0,0,0,143377
2026-09-13 05:58:04,"Sun, 13 Sep 2026 05:58:02 GMT",53,412,1.4,9.4,day,121.3,171,4176,14.09,0,0,1,1,0.0,0.0,0.0,0.0,0.0,0,0.0,0.0,0,0,0,0,0,146976
2026-09-13 05:59:09,"Sun, 13 Sep 2026 05:59:01 GMT",24,120,2.2,8.5,day,136.8,886,7606,13.99,5,3,2,4,0.62,0.26,0.62,0.681,0.211,211,0.0,0.255,12,19,0,8,0,134708
2026-09-13 05:59:50,"Sun, 13 Sep 2026 05:59:47 GMT",166,222,2.9,6.9,day,124.3,439,5470,15.88,4,3,4,2,0.5,0.31,0.57,0.297,0.417,198,0.0,0.111,7,13,0,0,0,151978
2026-09-13 06:00:15,"Sun, 13 Sep 2026 06:00:02 GMT",166,223,2.1,7.0,day,124.3,639,2743,15.87,4,3,2,3,0.67,0.21,0.57,0.065,0.074,195,0.0,0.166,12,19,0,0,0,151877
2026-09-13 06:00:56,"Sun, 13 Sep 2026 06:00:47 GMT",26,354,1.9,6.4,day,114.7,54,2767,7.75,4,0,4,1,1.0,1.0,1.0,0.214,0.185,231,0.0,0.068,1,4,0,0,0,94457
2026-09-13 06:01:09,"Sun, 13 Sep 2026 06:01:02 GMT",98,378,1.0,9.4,day,122.0,77,896,12.46,2,1,2,1,1.0,0.67,0.0,0.307,0.444,195,0.0,0.206,2,3,0,0,0,138586
2026-09-13 06:01:58,"Sun, 13 Sep 2026 06:01:46 GMT",53,413,1.7,11.0,day,117.7,317,2939,13.82,10,3,7,2,0.71,0.71,0.77,0.108,0.68,228,0.0,0.104,3,14,0,0,0,145007
2026-09-13 06:02:10,"Sun, 13 Sep 2026 06:02:01 GMT",53,414,1.3,11.0,day,116.1,162,1602,13.69,6,0,6,2,0.5,1.0,1.0,0.12,0.679,224,0.0,0.161,1,6,0,0,0,144365
2026-09-13 06:03:15,"Sun, 13 Sep 2026 06:03:02 GMT",24,121,1.6,8.3,day,134.5,2887,9597,13.65,12,9,5,5,0.48,0.08,0.12,0.81,0.731,200,0.0,0.139,52,147,0,25,0,132628
2026-09-13 06:03:57,"Sun, 13 Sep 2026 06:03:47 GMT",166,224,3.5,7.0,day,134.6,913,14519,16.58,19,3,8,7,0.34,0.53,0.86,0.305,0.448,234,0.0,0.096,13,36,0,0,0,155262
2026-09-13 06:04:13,"Sun, 13 Sep 2026 06:04:01 GMT",26,355,4.8,7.6,day,105.4,3266,10670,7.34,87,73,21,6,0.69,0.36,0.37,0.156,0.049,212,0.0,0.078,9,240,0,0,1,90433
2026-09-13 06:04:50,"Sun, 13 Sep 2026 06:04:47 GMT",98,379,2.2,8.1,day,125.9,523,6504,12.84,5,4,3,2,0.83,0.19,0.31,0.617,0.456,208,0.0,0.082,11,27,0,0,0,141160
2026-09-13 06:05:19,"Sun, 13 Sep 2026 06:05:01 GMT",98,380,1.0,8.5,day,126.2,109,1203,12.85,4,2,3,2,0.67,0.67,1.0,0.677,0.417,223,0.0,0.078,2,6,0,0,0,141281
2026-09-13 06:05:56,"Sun, 13 Sep 2026 06:05:47 GMT",53,415,1.5,11.3,day,112.8,405,1640,13.58,7,5,4,2,0.88,0.25,0.27,0.57,0.974,186,0.0,0.085,8,28,0,0,0,143000
2026-09-13 06:06:13,"Sun, 13 Sep 2026 06:06:01 GMT",53,416,1.2,11.4,day,112.1,514,1737,13.53,10,9,5,4,0.5,0.28,0.3,0.736,0.348,224,0.0,0.132,8,36,0,0,0,142955
2026-09-13 06:07:18,"Sun, 13 Sep 2026 06:07:01 GMT",86,27,5.5,9.3,day,101.2,25106,49152,12.17,924,142,96,35,0.28,0.51,0.54,0.526,0.666,250,0.0,0.395,134,1822,120,1313,0,134345
2026-09-13 06:08:11,"Sun, 13 Sep 2026 06:08:01 GMT",26,356,3.1,5.2,day,102.6,651,7280,7.0,11,5,10,2,0.55,0.29,0.35,0.71,0.54,218,0.0,0.092,13,38,0,0,0,86875
2026-09-13 06:08:51,"Sun, 13 Sep 2026 06:08:47 GMT",98,381,1.6,8.0,day,127.7,405,4068,12.81,3,2,3,1,1.0,0.43,1.0,0.375,0.426,209,0.0,0.077,4,7,0,0,0,140829
2026-09-13 06:09:03,"Sun, 13 Sep 2026 06:09:01 GMT",98,382,1.8,7.6,day,132.5,87,2878,13.18,3,0,3,1,1.0,1.0,1.0,0.375,0.426,211,0.0,0.133,1,3,0,0,0,143142
2026-09-13 06:27:15,"Sun, 13 Sep 2026 06:27:02 GMT",26,357,6.3,10.1,day,110.6,7304,14304,7.87,262,175,42,11,0.57,0.54,0.54,0.789,0.061,207,0.0,0.081,11,488,0,0,1,95297
2026-09-13 06:27:52,"Sun, 13 Sep 2026 06:27:47 GMT",98,383,2.9,9.8,day,115.5,1513,14537,12.05,27,7,9,7,0.43,0.43,0.5,0.638,0.403,208,0.0,0.096,14,63,0,0,0,135759
2026-09-13 06:28:08,"Sun, 13 Sep 2026 06:28:04 GMT",98,384,2.2,10.0,day,115.2,705,6977,12.02,17,5,8,3,0.71,0.45,0.49,0.48,0.484,209,0.0,0.081,8,38,0,0,0,135437
2026-09-13 06:28:53,"Sun, 13 Sep 2026 06:28:46 GMT",53,417,1.9,10.2,day,123.7,606,7668,14.45,3,2,2,2,0.75,0.38,1.0,0.778,0.321,210,0.0,0.191,5,8,0,0,0,148374
2026-09-13 06:29:05,"Sun, 13 Sep 2026 06:29:01 GMT",53,418,1.3,10.1,day,122.5,233,3359,14.39,3,2,2,2,0.75,0.6,1.0,0.778,0.321,207,0.0,0.24,2,5,0,0,0,148110
2026-09-13 06:29:50,"Sun, 13 Sep 2026 06:29:46 GMT",24,122,2.2,9.0,day,137.1,2939,14628,14.3,6,4,4,3,0.5,0.08,0.18,0.748,0.179,234,0.0,0.308,45,74,0,24,0,136402
2026-09-13 06:30:27,"Sun, 13 Sep 2026 06:30:01 GMT",166,225,3.7,8.3,day,103.6,9231,29393,13.77,199,71,26,12,0.64,0.52,0.63,0.425,0.406,215,0.0,0.076,64,384,0,0,1,140013
2026-09-13 06:30:55,"Sun, 13 Sep 2026 06:30:46 GMT",26,358,4.1,7.7,day,113.9,2405,9806,7.97,67,58,27,5,0.5,0.4,0.42,0.838,0.117,207,0.0,0.099,14,169,0,0,1,95486
2026-09-13 06:32:09,"Sun, 13 Sep 2026 06:32:02 GMT",98,385,3.1,10.1,day,107.0,2390,13151,11.06,127,11,25,9,0.56,0.82,0.84,0.257,0.506,220,0.0,0.095,7,155,0,0,1,128737
2026-09-13 06:33:06,"Sun, 13 Sep 2026 06:33:01 GMT",24,123,6.4,9.7,day,119.5,22587,47073,13.29,438,293,59,23,0.32,0.26,0.29,0.509,0.222,251,0.0,0.137,169,1658,0,63,1,131302
2026-09-13 06:33:48,"Sun, 13 Sep 2026 06:33:46 GMT",53,419,7.2,8.0,day,92.8,36832,58136,9.71,2914,282,96,54,0.56,0.89,0.89,0.556,0.577,240,0.0,0.088,28,3284,0,2,0,104199
2026-09-13 06:34:00,"Sun, 13 Sep 2026 06:33:46 GMT",53,420,5.0,8.0,day,92.8,26377,50568,9.71,1595,126,96,43,0.39,0.76,0.8,0.55,0.589,240,0.0,0.149,107,2093,0,4,0,104199
2026-09-13 06:34:13,"Sun, 13 Sep 2026 06:34:01 GMT",166,226,6.3,7.2,day,89.0,6507,33120,11.99,111,107,24,10,0.46,0.38,0.46,0.272,0.411,235,0.0,0.114,48,291,0,0,1,127517
2026-09-13 06:35:01,"Sun, 13 Sep 2026 06:34:46 GMT",116,116,5.6,6.2,day,107.3,3980,19777,7.37,54,43,23,5,0.47,0.21,0.25,0.882,0.161,209,0.0,0.163,47,258,1,99,0,90225
2026-09-13 06:35:14,"Sun, 13 Sep 2026 06:35:00 GMT",116,117,4.1,5.5,day,108.1,1539,12966,7.47,21,20,13,2,0.81,0.22,0.27,0.933,0.011,218,0.0,0.376,18,94,1,47,0,91380
2026-09-13 06:35:55,"Sun, 13 Sep 2026 06:35:46 GMT",98,386,4.7,7.8,day,126.6,4391,11643,13.05,263,6,51,13,0.4,0.89,0.92,0.375,0.478,237,0.0,0.119,14,294,0,2,1,142320
2026-09-13 06:36:52,"Sun, 13 Sep 2026 06:36:46 GMT",53,421,3.8,9.3,day,100.6,11681,35129,12.37,212,52,46,14,0.33,0.35,0.43,0.232,0.594,215,0.0,0.159,127,613,0,7,1,136409
2026-09-13 06:37:04,"Sun, 13 Sep 2026 06:37:01 GMT",24,124,5.6,10.3,day,123.5,20479,45676,12.81,700,65,62,37,0.31,0.49,0.55,0.409,0.386,253,0.0,0.141,194,1437,0,86,1,128387
2026-09-13 06:37:53,"Sun, 13 Sep 2026 06:37:48 GMT",166,227,1.8,6.6,day,101.7,1582,11407,13.56,12,10,7,3,0.57,0.2,0.28,0.446,0.466,201,0.0,0.133,23,60,0,3,0,139051
2026-09-13 06:38:05,"Sun, 13 Sep 2026 06:38:01 GMT",166,228,1.8,6.9,day,101.8,887,6612,13.54,9,8,6,3,0.5,0.31,0.53,0.536,0.442,198,0.0,0.083,13,29,0,6,0,139000
2026-09-13 06:38:59,"Sun, 13 Sep 2026 06:38:46 GMT",26,359,3.9,5.5,day,103.3,4309,14460,7.3,198,30,51,10,0.39,0.61,0.62,0.546,0.066,249,0.0,0.115,16,323,0,0,1,90034
2026-09-13 06:48:55,"Sun, 13 Sep 2026 06:48:47 GMT",24,125,2.3,9.1,day,126.5,4867,17917,13.32,26,25,12,5,0.43,0.09,0.12,0.663,0.175,221,0.0,0.292,68,283,0,77,0,131182
2026-09-13 06:49:07,"Sun, 13 Sep 2026 06:49:01 GMT",24,126,1.7,9.2,day,126.6,2270,10352,13.29,8,6,4,5,0.4,0.09,0.16,0.477,0.944,190,0.0,0.286,47,89,0,46,0,131404
2026-09-13 06:49:57,"Sun, 13 Sep 2026 06:49:46 GMT",166,229,4.6,7.5,day,126.8,1939,20405,16.13,48,6,20,7,0.34,0.58,0.75,0.877,0.309,223,0.0,0.069,21,83,0,6,0,152882
2026-09-13 06:50:13,"Sun, 13 Sep 2026 06:50:01 GMT",26,360,4.8,7.6,day,103.7,4338,13428,7.51,126,41,39,8,0.4,0.41,0.43,0.227,0.141,224,0.0,0.082,24,308,0,0,1,92879
2026-09-13 06:51:18,"Sun, 13 Sep 2026 06:51:01 GMT",98,387,2.0,7.6,day,132.5,1448,5936,13.19,54,12,21,7,0.37,0.55,0.56,0.636,0.357,247,0.0,0.115,9,98,0,0,0,143314
2026-09-13 06:52:07,"Sun, 13 Sep 2026 06:52:01 GMT",53,422,3.5,9.5,day,114.9,6953,29921,13.59,60,30,22,10,0.27,0.19,0.24,0.096,0.553,227,0.0,0.179,86,320,0,12,1,143964
2026-09-13 06:52:56,"Sun, 13 Sep 2026 06:52:46 GMT",24,127,4.3,9.7,day,126.7,7000,31611,12.96,80,54,14,10,0.57,0.2,0.24,0.221,0.809,230,0.0,0.275,87,408,0,83,1,129363
2026-09-13 06:53:08,"Sun, 13 Sep 2026 06:53:01 GMT",166,230,4.9,8.1,day,92.3,4567,17494,12.44,275,7,61,12,0.38,0.89,0.92,0.771,0.296,232,0.0,0.094,15,309,0,3,1,132025
2026-09-13 06:53:53,"Sun, 13 Sep 2026 06:53:45 GMT",26,361,3.4,7.3,day,99.2,3809,12896,6.97,63,45,22,8,0.36,0.23,0.24,0.166,0.137,214,0.0,0.134,22,277,0,0,1,87545
2026-09-13 06:54:05,"Sun, 13 Sep 2026 06:54:01 GMT",26,362,2.4,7.3,day,99.6,1099,9880,6.99,15,14,9,3,0.56,0.2,0.22,0.052,0.24,239,0.0,0.125,13,76,0,3,0,87732
2026-09-13 06:54:53,"Sun, 13 Sep 2026 06:54:46 GMT",98,388,3.6,9.6,day,109.1,3575,11477,11.31,206,40,35,11,0.54,0.78,0.8,0.522,0.418,240,0.0,0.137,7,263,0,3,1,131255
2026-09-13 06:55:06,"Sun, 13 Sep 2026 06:55:01 GMT",98,389,2.4,9.5,day,109.4,1205,7445,11.32,55,12,19,8,0.36,0.6,0.63,0.605,0.407,218,0.0,0.214,8,91,0,8,0,131405
2026-09-13 06:55:50,"Sun, 13 Sep 2026 06:55:46 GMT",53,423,2.1,10.0,day,113.9,3518,18688,13.56,43,26,15,7,0.41,0.21,0.26,0.565,0.391,240,0.0,0.224,44,206,0,35,0,143453
2026-09-13 06:56:07,"Sun, 13 Sep 2026 06:56:02 GMT",24,128,2.5,9.4,day,128.1,4074,21187,13.37,27,13,9,6,0.5,0.19,0.34,0.607,0.2,223,0.0,0.248,54,140,0,59,0,132236
2026-09-13 06:56:56,"Sun, 13 Sep 2026 06:56:46 GMT",166,231,2.2,6.1,day,111.1,1210,9149,14.72,8,7,4,3,0.67,0.15,0.25,0.076,0.104,190,0.0,0.305,24,53,0,6,0,145239
2026-09-13 06:57:21,"Sun, 13 Sep 2026 06:57:01 GMT",166,232,1.4,6.5,day,111.2,827,4887,14.61,4,4,2,2,1.0,0.13,0.24,0.005,0.324,223,0.0,0.092,14,31,0,5,0,145245
2026-09-13 06:58:22,"Sun, 13 Sep 2026 06:57:46 GMT",26,363,4.0,6.3,day,105.6,3159,11324,7.34,65,47,14,9,0.52,0.29,0.3,0.048,0.242,255,0.28,0.103,20,224,0,0,1,90888
2026-09-13 06:58:51,"Sun, 13 Sep 2026 06:58:46 GMT",98,390,2.0,9.8,day,121.6,315,2307,12.39,7,2,6,2,0.58,0.47,1.0,0.225,0.526,198,0.0,0.226,8,15,0,3,0,138282
2026-09-13 06:59:15,"Sun, 13 Sep 2026 06:59:02 GMT",53,424,2.2,8.7,day,115.2,1780,15233,13.64,9,6,6,3,0.5,0.17,0.29,0.422,0.381,227,0.0,0.326,24,52,0,24,0,142939
2026-09-13 06:59:52,"Sun, 13 Sep 2026 06:59:46 GMT",6,589,10.0,12.2,day,120.2,39358,58765,12.52,3061,23,96,54,0.59,0.98,0.98,0.512,0.489,253,0.0,0.372,22,3128,356,2563,0,120291
2026-09-13 07:00:04,"Sun, 13 Sep 2026 07:00:01 GMT",24,129,5.9,9.9,day,133.6,11558,38184,13.36,66,48,14,15,0.31,0.12,0.16,0.654,0.712,229,0.0,0.149,165,569,1,94,1,131631
2026-09-13 07:02:06,"Sun, 13 Sep 2026 07:02:01 GMT",26,364,5.5,9.3,day,119.5,4513,21580,8.5,146,33,49,11,0.27,0.49,0.53,0.303,0.701,244,0.0,0.123,32,300,0,1,0,102104
2026-09-13 07:03:07,"Sun, 13 Sep 2026 07:03:01 GMT",53,425,4.4,8.1,day,122.7,8205,28305,14.32,291,10,55,15,0.35,0.75,0.84,0.355,0.47,236,0.0,0.16,51,388,0,35,1,147770
2026-09-13 07:03:49,"Sun, 13 Sep 2026 07:03:47 GMT",24,130,5.9,9.5,day,132.2,21754,46845,13.45,473,389,60,26,0.3,0.29,0.31,0.288,0.243,248,0.0,0.157,151,1627,2,158,1,132017
2026-09-13 07:04:01,"Sun, 13 Sep 2026 07:03:47 GMT",24,131,4.1,9.5,day,132.2,10588,38165,13.45,23,17,13,7,0.25,0.05,0.08,0.24,0.213,221,0.0,0.343,188,466,3,150,0,132017
2026-09-13 07:04:14,"Sun, 13 Sep 2026 07:04:01 GMT",24,132,2.7,9.6,day,134.0,9130,31207,13.41,36,23,13,11,0.25,0.09,0.16,0.248,0.805,246,0.0,0.346,154,382,3,181,0,132146
2026-09-13 07:04:51,"Sun, 13 Sep 2026 07:04:46 GMT",166,233,4.6,9.0,day,114.3,3554,16875,14.91,104,42,18,9,0.64,0.52,0.55,0.901,0.285,245,0.0,0.14,17,200,0,9,1,145806
2026-09-13 07:05:15,"Sun, 13 Sep 2026 07:05:01 GMT",166,234,3.5,9.1,day,114.9,1970,11676,14.88,53,10,13,6,0.68,0.49,0.66,0.931,0.267,242,0.0,0.192,30,108,0,12,0,145718
2026-09-13 07:05:52,"Sun, 13 Sep 2026 07:05:47 GMT",26,365,3.3,8.2,day,114.9,1863,11142,8.19,49,14,23,4,0.53,0.4,0.49,0.252,0.02,245,0.0,0.164,23,121,0,3,0,99590
2026-09-13 07:06:05,"Sun, 13 Sep 2026 07:06:01 GMT",98,391,2.0,9.4,day,116.9,1864,7040,12.35,92,3,15,9,0.68,0.88,0.94,0.055,0.623,185,0.0,0.075,8,104,0,1,1,137871
2026-09-13 07:06:54,"Sun, 13 Sep 2026 07:06:46 GMT",53,426,1.5,8.7,day,119.0,2426,14288,14.14,33,8,9,7,0.52,0.34,0.51,0.565,0.668,225,0.0,0.204,37,98,0,11,0,145964
2026-09-13 07:07:06,"Sun, 13 Sep 2026 07:07:02 GMT",53,427,1.1,8.8,day,119.5,761,7042,14.2,15,3,7,5,0.43,0.65,0.83,0.964,0.58,203,0.0,0.227,6,23,0,5,0,146497
2026-09-13 07:07:55,"Sun, 13 Sep 2026 07:07:46 GMT",24,133,2.6,9.2,day,137.7,12044,33873,14.16,61,34,14,13,0.34,0.1,0.13,0.244,0.806,246,0.0,0.323,179,634,5,231,1,135745
2026-09-13 07:08:08,"Sun, 13 Sep 2026 07:08:01 GMT",24,134,3.9,9.3,day,131.2,10455,35262,13.68,146,106,27,18,0.3,0.25,0.3,0.822,0.835,229,0.0,0.189,119,582,9,215,1,133258
2026-09-13 07:09:01,"Sun, 13 Sep 2026 07:08:47 GMT",166,235,3.2,8.3,day,99.8,3240,14743,13.39,96,59,17,9,0.63,0.52,0.53,0.722,0.319,224,0.0,0.104,9,185,0,8,1,137281
2026-09-13 07:09:13,"Sun, 13 Sep 2026 07:09:01 GMT",26,366,2.8,8.1,day,108.8,1807,9403,7.71,27,19,16,3,0.56,0.21,0.22,0.445,0.012,241,0.0,0.201,17,126,0,1,0,93872
2026-09-13 07:09:50,"Sun, 13 Sep 2026 07:09:46 GMT",98,392,2.2,8.9,day,117.5,1382,9211,12.53,43,11,14,5,0.61,0.52,0.54,0.617,0.398,199,0.0,0.219,9,83,0,9,0,138578
2026-09-13 07:10:19,"Sun, 13 Sep 2026 07:10:01 GMT",98,393,1.8,7.9,day,122.2,929,7733,13.16,19,6,8,4,0.59,0.45,0.58,0.652,0.391,204,0.0,0.315,10,42,0,16,0,142291
2026-09-13 07:11:08,"Sun, 13 Sep 2026 07:11:01 GMT",53,428,2.0,7.3,day,119.6,9821,32234,14.98,25,11,9,6,0.46,0.07,0.11,0.572,0.548,226,0.0,0.176,173,382,0,8,0,151035
2026-09-13 07:12:01,"Sun, 13 Sep 2026 07:11:47 GMT",24,135,4.3,9.3,day,133.7,24975,49983,14.13,1323,279,96,42,0.33,0.63,0.65,0.585,0.638,254,0.01,0.191,97,2105,9,368,0,136291
2026-09-13 07:12:14,"Sun, 13 Sep 2026 07:12:02 GMT",138,23,9.4,11.0,day,119.8,32186,54555,10.46,1368,178,96,44,0.32,0.61,0.63,0.523,0.567,238,0.0,0.429,97,2250,385,2378,0,102652
2026-09-13 07:12:59,"Sun, 13 Sep 2026 07:12:46 GMT",180,2,6.4,16.2,day,125.7,44398,61663,16.51,4092,3,96,54,0.79,1.0,1.0,0.512,0.491,255,0.01,0.06,8,4101,0,0,0,132602
2026-09-13 07:13:23,"Sun, 13 Sep 2026 07:13:01 GMT",70,218,9.1,9.2,day,116.4,21593,46427,9.85,613,140,68,37,0.24,0.4,0.43,0.726,0.37,236,0.0,0.097,133,1548,0,2,0,112151
2026-09-13 07:22:23,"Sun, 13 Sep 2026 07:22:01 GMT",6,590,5.5,5.8,day,119.5,30692,53465,16.23,1844,63,96,54,0.36,0.8,0.82,0.432,0.484,249,0.0,0.4,99,2319,407,2274,0,158478
2026-09-13 07:22:52,"Sun, 13 Sep 2026 07:22:46 GMT",15,27,6.7,7.3,day,141.8,38787,59923,15.86,451,271,56,31,0.26,0.28,0.3,0.794,0.665,253,0.02,0.443,115,1598,1852,3214,1,142625
2026-09-13 07:23:08,"Sun, 13 Sep 2026 07:23:02 GMT",15,28,4.0,7.5,day,137.0,29714,50036,15.9,56,46,14,13,0.31,0.06,0.07,0.289,0.194,253,0.04,0.491,200,957,1737,2640,0,144028
2026-09-13 07:25:12,"Sun, 13 Sep 2026 07:25:02 GMT",50,14,9.4,12.9,day,113.1,29808,53762,10.87,918,854,96,24,0.4,0.39,0.4,0.476,0.133,255,0.2,0.307,97,2368,0,648,0,111649
2026-09-13 07:26:37,"Sun, 13 Sep 2026 07:26:01 GMT",79,194,7.2,7.8,day,140.0,42444,59748,19.11,3959,6,96,54,0.76,1.0,1.0,0.526,0.479,254,0.02,0.294,8,3977,45,1841,0,172902
2026-09-13 07:26:50,"Sun, 13 Sep 2026 07:26:47 GMT",15,29,3.6,8.6,day,134.0,22270,44661,15.83,46,30,13,12,0.29,0.1,0.16,0.754,0.804,242,0.0,0.493,206,480,1388,1856,0,145190
2026-09-13 07:27:14,"Sun, 13 Sep 2026 07:27:01 GMT",15,30,2.5,8.6,day,134.0,14556,36810,15.74,11,10,6,5,0.37,0.06,0.16,0.708,0.742,242,0.0,0.489,108,176,834,1002,0,144389
2026-09-13 07:27:55,"Sun, 13 Sep 2026 07:27:47 GMT",193,2,2.5,17.2,day,121.8,12435,31485,18.9,127,107,26,10,0.49,0.19,0.22,0.28,0.419,250,0.01,0.06,122,682,0,0,0,165745
2026-09-13 07:28:08,"Sun, 13 Sep 2026 07:28:01 GMT",166,236,8.0,9.0,day,107.6,28945,52417,15.88,2468,41,96,54,0.48,0.92,0.94,0.411,0.555,254,0.0,0.073,58,2674,0,21,0,150745
2026-09-13 07:28:53,"Sun, 13 Sep 2026 07:28:46 GMT",70,219,8.3,10.4,day,113.6,15834,39407,10.36,160,136,22,15,0.48,0.14,0.16,0.908,0.861,227,0.0,0.141,144,1134,0,4,0,115143
2026-09-13 07:30:02,"Sun, 13 Sep 2026 07:29:46 GMT",6,591,5.2,5.5,day,120.6,21207,45688,16.91,210,97,52,20,0.2,0.18,0.21,0.248,0.697,242,0.0,0.42,219,1177,357,1434,0,162321
2026-09-13 07:30:27,"Sun, 13 Sep 2026 07:30:02 GMT",79,195,4.6,6.1,day,141.2,34493,53669,19.03,3139,13,96,54,0.61,0.98,0.99,0.549,0.486,254,0.02,0.345,28,3207,60,2122,0,172938
2026-09-13 07:31:03,"Sun, 13 Sep 2026 07:31:01 GMT",15,31,5.1,8.3,day,126.0,15732,40165,15.26,183,16,30,18,0.34,0.4,0.55,0.408,0.801,235,0.0,0.367,135,459,559,915,1,141957
2026-09-13 07:31:57,"Sun, 13 Sep 2026 07:31:47 GMT",193,3,2.8,14.7,day,129.2,6648,17160,19.2,70,35,18,9,0.43,0.17,0.2,0.081,0.139,251,0.01,0.108,85,406,0,0,0,166906
2026-09-13 07:32:13,"Sun, 13 Sep 2026 07:32:00 GMT",70,220,6.9,11.4,day,114.0,9953,33735,10.52,72,53,13,10,0.55,0.12,0.14,0.047,0.594,196,0.0,0.241,127,595,0,60,1,116404
2026-09-13 07:37:34,"Sun, 13 Sep 2026 07:37:01 GMT",146,171,9.1,9.9,day,142.1,41753,60184,17.38,3979,14,96,54,0.77,0.99,0.99,0.513,0.49,254,0.02,0.239,4,4002,15,1138,0,166137
2026-09-13 07:37:59,"Sun, 13 Sep 2026 07:37:46 GMT",79,196,4.6,7.3,day,142.6,31908,52962,19.3,2829,9,96,54,0.55,0.96,0.97,0.559,0.492,254,0.02,0.379,44,2939,86,2365,0,174072
2026-09-13 07:38:11,"Sun, 13 Sep 2026 07:38:02 GMT",79,197,3.2,7.3,day,142.7,21412,44147,19.29,732,69,65,43,0.26,0.49,0.53,0.747,0.686,254,0.03,0.451,164,1506,103,1521,1,173971
2026-09-13 07:38:52,"Sun, 13 Sep 2026 07:38:47 GMT",15,32,3.2,8.7,day,134.4,29385,48200,15.92,293,92,32,29,0.32,0.23,0.27,0.84,0.592,253,0.01,0.441,196,1251,1502,2634,1,144956
2026-09-13 07:39:05,"Sun, 13 Sep 2026 07:39:01 GMT",193,4,3.7,15.3,day,118.8,10447,28967,18.97,207,35,41,18,0.28,0.36,0.44,0.267,0.435,253,0.01,0.092,112,568,0,0,0,167138
2026-09-13 07:39:54,"Sun, 13 Sep 2026 07:39:46 GMT",70,221,5.1,12.1,day,114.2,5108,26140,10.58,50,14,12,9,0.46,0.23,0.36,0.044,0.608,165,0.0,0.29,81,219,0,108,0,116738
2026-09-13 07:40:06,"Sun, 13 Sep 2026 07:40:03 GMT",70,222,3.6,12.1,day,114.2,1690,16488,10.55,19,3,8,7,0.34,0.43,0.76,0.03,0.626,172,0.0,0.348,20,44,0,32,0,116729
2026-09-13 07:40:51,"Sun, 13 Sep 2026 07:40:46 GMT",146,172,5.8,10.1,day,136.9,30521,52039,16.98,1537,1167,96,39,0.41,0.55,0.55,0.582,0.757,254,0.02,0.324,37,2815,24,1414,0,163903
2026-09-13 07:41:08,"Sun, 13 Sep 2026 07:41:01 GMT",98,394,2.7,8.6,day,108.2,9851,29838,12.6,211,61,35,18,0.33,0.38,0.46,0.848,0.277,222,0.0,0.096,114,553,0,10,1,139342
2026-09-13 07:41:57,"Sun, 13 Sep 2026 07:41:47 GMT",79,198,2.5,6.9,day,148.8,11420,35109,19.31,46,43,15,12,0.26,0.1,0.16,0.912,0.512,253,0.02,0.5,185,448,75,511,0,173920
2026-09-13 07:42:09,"Sun, 13 Sep 2026 07:42:02 GMT",15,33,2.7,8.6,day,134.6,16972,37702,15.7,13,12,6,5,0.43,0.04,0.1,0.788,0.476,240,0.0,0.486,166,295,936,1221,0,145135
2026-09-13 07:42:50,"Sun, 13 Sep 2026 07:42:46 GMT",193,5,3.2,15.7,day,118.6,7802,23073,18.73,83,55,15,14,0.4,0.18,0.21,0.068,0.185,253,0.04,0.169,90,469,0,0,0,164760
2026-09-13 07:43:15,"Sun, 13 Sep 2026 07:43:02 GMT",193,6,2.2,15.6,day,118.8,5066,18546,18.69,52,32,12,13,0.33,0.2,0.27,0.053,0.169,249,0.0,0.226,74,259,0,0,0,164681
2026-09-13 07:44:04,"Sun, 13 Sep 2026 07:44:01 GMT",70,223,3.6,12.2,day,112.1,708,13401,10.37,5,3,5,1,1.0,0.24,0.62,0.333,0.0,164,0.0,0.137,12,21,0,3,0,115166
2026-09-13 07:45:05,"Sun, 13 Sep 2026 07:45:03 GMT",79,199,2.1,7.1,day,144.0,5925,26540,19.14,8,8,6,4,0.33,0.07,0.15,0.893,0.477,248,0.0,0.544,73,119,53,169,0,172570
2026-09-13 07:45:17,"Sun, 13 Sep 2026 07:45:03 GMT",79,200,1.5,7.1,day,144.0,1930,16585,19.14,2,1,1,2,1.0,0.17,0.0,0.76,0.417,222,0.0,0.349,11,12,13,24,0,172570
2026-09-13 07:46:02,"Sun, 13 Sep 2026 07:45:46 GMT",15,34,2.4,8.7,day,135.1,14589,34373,15.76,7,7,6,2,0.58,0.04,0.09,0.088,0.675,233,0.0,0.493,119,196,760,952,0,144356
2026-09-13 07:46:15,"Sun, 13 Sep 2026 07:46:01 GMT",15,35,1.8,8.8,day,135.5,8827,27310,15.75,8,7,3,5,0.53,0.08,0.17,0.767,0.743,226,0.0,0.507,55,103,321,412,0,144359
2026-09-13 07:46:52,"Sun, 13 Sep 2026 07:46:49 GMT",193,7,1.7,15.6,day,119.1,4780,14855,18.9,60,25,12,14,0.36,0.24,0.31,0.074,0.16,248,0.0,0.25,66,251,0,53,1,165680
2026-09-13 07:47:04,"Sun, 13 Sep 2026 07:47:02 GMT",193,8,1.2,15.5,day,118.4,3305,11390,18.82,26,14,8,7,0.46,0.17,0.25,0.078,0.121,246,0.0,0.323,56,152,0,55,0,165083
2026-09-13 07:47:53,"Sun, 13 Sep 2026 07:47:46 GMT",70,224,3.0,12.6,day,114.0,349,8058,10.52,2,1,2,1,1.0,0.67,0.0,0.724,0.296,199,0.0,0.265,2,3,0,0,0,115913
2026-09-13 07:48:06,"Sun, 13 Sep 2026 07:48:01 GMT",146,173,4.2,10.2,day,141.5,23650,45917,17.25,774,526,83,24,0.39,0.42,0.44,0.617,0.813,254,0.03,0.386,126,1863,30,1297,1,165375
2026-09-13 07:49:00,"Sun, 13 Sep 2026 07:48:46 GMT",79,201,1.4,7.3,day,141.5,3078,15045,19.1,15,10,7,6,0.36,0.14,0.24,0.963,0.575,246,0.0,0.47,49,107,18,113,0,172110
2026-09-13 07:49:12,"Sun, 13 Sep 2026 07:49:02 GMT",79,202,6.4,6.5,day,130.2,2103,20958,17.99,3,2,3,2,0.5,0.09,1.0,0.667,0.599,198,0.0,0.526,27,32,6,32,0,166965
2026-09-13 07:52:20,"Sun, 13 Sep 2026 07:52:01 GMT",146,174,3.1,10.3,day,141.2,14894,38545,17.13,64,24,33,12,0.16,0.08,0.1,0.437,0.337,249,0.0,0.413,235,820,34,736,0,164702
2026-09-13 07:52:56,"Sun, 13 Sep 2026 07:52:46 GMT",79,203,2.5,7.3,day,142.3,1691,14507,18.94,6,4,6,2,0.5,0.21,0.46,0.401,0.343,220,0.0,0.356,16,28,8,32,0,171229
2026-09-13 07:53:12,"Sun, 13 Sep 2026 07:53:01 GMT",79,204,1.8,7.3,day,141.9,1938,14528,18.92,3,2,2,2,0.75,0.17,1.0,0.503,0.383,193,0.0,0.171,14,18,4,18,0,170984
2026-09-13 07:54:05,"Sun, 13 Sep 2026 07:53:48 GMT",15,36,1.8,9.1,day,134.7,22060,41216,15.4,51,23,13,15,0.26,0.06,0.09,0.807,0.638,251,0.02,0.478,260,797,1075,1825,0,142303
2026-09-13 07:54:57,"Sun, 13 Sep 2026 07:54:46 GMT",193,9,1.9,15.4,day,120.7,8007,25469,19.06,77,33,22,11,0.32,0.2,0.28,0.184,0.7,254,0.03,0.177,121,384,0,61,1,166662
2026-09-13 07:55:09,"Sun, 13 Sep 2026 07:55:01 GMT",70,225,3.9,12.9,day,113.0,605,10439,10.47,7,2,5,3,0.47,0.37,1.0,0.076,0.778,186,0.0,0.103,10,19,0,1,0,115393
2026-09-13 07:56:01,"Sun, 13 Sep 2026 07:55:46 GMT",146,175,2.2,10.2,day,143.3,8701,31483,17.25,11,10,6,4,0.46,0.04,0.1,0.027,0.859,251,0.09,0.451,146,258,28,268,0,165437
2026-09-13 07:56:13,"Sun, 13 Sep 2026 07:56:01 GMT",146,176,1.5,10.2,day,143.3,5355,25995,17.23,8,3,6,3,0.44,0.11,0.57,0.027,0.866,251,0.12,0.453,54,74,19,86,0,165507
2026-09-13 07:56:49,"Sun, 13 Sep 2026 07:56:46 GMT",79,205,2.0,7.3,day,150.5,8858,30732,19.12,44,16,11,11,0.36,0.16,0.3,0.504,0.619,248,0.0,0.163,128,281,4,166,0,172651
2026-09-13 07:57:13,"Sun, 13 Sep 2026 07:57:02 GMT",79,206,1.1,7.3,day,149.6,4139,21757,19.19,7,5,4,4,0.44,0.09,0.33,0.83,0.69,216,0.0,0.31,52,75,5,59,0,172200
2026-09-13 07:57:49,"Sun, 13 Sep 2026 07:57:47 GMT",15,37,2.2,8.8,day,136.9,25879,46036,15.91,172,101,29,20,0.3,0.15,0.18,0.305,0.627,251,0.01,0.389,220,1145,1183,2211,1,145571
2026-09-13 07:58:06,"Sun, 13 Sep 2026 07:58:02 GMT",193,10,1.8,15.4,day,119.4,8059,26001,19.06,58,34,21,8,0.35,0.16,0.22,0.207,0.71,253,0.03,0.223,105,365,0,48,0,167037
2026-09-13 07:58:54,"Sun, 13 Sep 2026 07:58:50 GMT",70,226,2.7,13.0,day,115.4,641,7610,10.64,14,2,6,3,0.78,0.5,1.0,0.206,0.021,226,0.0,0.118,11,28,0,0,0,116836
2026-09-13 07:59:06,"Sun, 13 Sep 2026 07:59:02 GMT",70,227,1.9,13.0,day,115.2,365,2972,10.65,10,3,6,3,0.56,0.48,0.77,0.211,0.02,228,0.0,0.17,8,21,0,2,0,116857
2026-09-13 07:59:58,"Sun, 13 Sep 2026 07:59:47 GMT",146,177,2.3,9.7,day,135.2,1592,16429,16.56,5,4,3,2,0.83,0.31,0.56,0.008,0.585,166,0.0,0.114,7,16,1,7,0,161915
2026-09-13 08:00:10,"Sun, 13 Sep 2026 08:00:02 GMT",98,395,3.6,7.4,day,120.1,13083,38053,13.74,251,116,37,21,0.32,0.32,0.4,0.843,0.278,242,0.0,0.116,160,782,0,5,1,146637
2026-09-13 08:00:58,"Sun, 13 Sep 2026 08:00:47 GMT",79,207,1.4,7.1,day,146.5,2916,10731,18.99,50,14,13,14,0.27,0.34,0.48,0.942,0.547,250,0.02,0.409,42,145,8,105,0,171763
2026-09-13 08:01:14,"Sun, 13 Sep 2026 08:01:01 GMT",15,38,2.3,9.2,day,134.6,9548,27617,15.58,51,33,13,11,0.36,0.25,0.35,0.811,0.8,246,0.0,0.406,60,208,350,525,0,143355
2026-09-13 08:01:59,"Sun, 13 Sep 2026 08:01:47 GMT",193,11,2.5,14.9,day,120.6,6282,16712,19.25,96,44,16,18,0.33,0.27,0.34,0.07,0.194,253,0.02,0.279,91,362,0,84,1,166882
2026-09-13 08:02:15,"Sun, 13 Sep 2026 08:02:02 GMT",193,12,1.8,14.7,day,120.6,3955,12620,19.24,32,21,14,5,0.46,0.17,0.24,0.639,0.406,190,0.0,0.097,62,185,0,68,0,167105
2026-09-13 08:02:51,"Sun, 13 Sep 2026 08:02:47 GMT",70,228,2.3,12.9,day,114.5,678,4132,10.54,7,4,5,2,0.7,0.25,0.64,0.21,0.013,164,0.0,0.232,16,28,0,3,0,115677
2026-09-13 08:03:03,"Sun, 13 Sep 2026 08:03:02 GMT",70,229,1.7,12.9,day,114.5,181,2017,10.54,2,1,2,1,1.0,0.4,0.0,0.797,0.259,163,0.0,0.128,4,5,0,2,0,115653
2026-09-13 08:03:40,"Sun, 13 Sep 2026 08:03:02 GMT",70,230,1.2,12.9,day,114.5,56,874,10.54,0,0,1,1,0.0,0.0,0.0,0.0,0.0,0,0.0,0.0,0,0,0,0,0,115653
2026-09-13 08:09:01,"Sun, 13 Sep 2026 08:08:47 GMT",15,39,1.9,9.3,day,135.3,31475,48742,15.58,749,156,66,54,0.21,0.42,0.45,0.767,0.49,253,0.01,0.43,124,1765,1176,2699,0,144752
2026-09-13 08:09:14,"Sun, 13 Sep 2026 08:09:03 GMT",15,40,1.4,9.3,day,135.4,24208,42805,15.55,45,36,10,15,0.3,0.05,0.07,0.796,0.845,248,0.0,0.499,277,926,1194,2076,0,144364
2026-09-13 08:09:55,"Sun, 13 Sep 2026 08:09:46 GMT",193,13,2.6,15.4,day,120.9,10099,28292,19.55,151,110,21,22,0.33,0.25,0.3,0.067,0.21,253,0.03,0.26,112,601,0,124,1,167702
2026-09-13 08:10:07,"Sun, 13 Sep 2026 08:10:01 GMT",180,3,9.7,12.6,day,122.6,44644,62848,16.99,4008,11,96,54,0.77,1.0,1.0,0.498,0.503,255,0.01,0.107,5,4024,0,0,0,127237
2026-09-13 08:12:28,"Sun, 13 Sep 2026 08:12:01 GMT",79,208,1.4,7.3,day,143.9,11401,33808,18.81,46,28,21,8,0.27,0.1,0.16,0.101,0.081,255,0.22,0.362,176,446,12,252,0,171004
2026-09-13 08:12:57,"Sun, 13 Sep 2026 08:12:46 GMT",15,41,1.2,9.3,day,135.9,14678,33474,15.46,66,25,16,13,0.32,0.22,0.4,0.762,0.846,249,0.0,0.468,129,302,734,1013,1,143489
2026-09-13 08:13:09,"Sun, 13 Sep 2026 08:13:01 GMT",15,42,0.8,9.3,day,135.6,13973,32874,15.27,9,5,5,4,0.45,0.04,0.18,0.791,0.809,234,0.0,0.53,146,206,736,938,0,141311
2026-09-13 08:13:54,"Sun, 13 Sep 2026 08:13:47 GMT",193,14,2.1,15.5,day,121.4,17458,38697,19.53,220,115,40,18,0.31,0.19,0.22,0.215,0.655,254,0.03,0.182,200,1172,0,146,1,167653
2026-09-13 08:14:07,"Sun, 13 Sep 2026 08:14:02 GMT",70,231,2.6,13.1,day,114.4,809,5945,10.5,4,4,2,3,0.67,0.14,0.29,0.005,0.667,179,0.0,0.356,16,28,0,4,0,114780
2026-09-13 08:15:04,"Sun, 13 Sep 2026 08:15:01 GMT",146,178,1.8,10.1,day,141.7,4409,23106,16.93,2,2,2,2,0.5,0.04,0.0,0.422,0.25,240,0.0,0.455,50,57,4,43,0,163003
2026-09-13 08:15:53,"Sun, 13 Sep 2026 08:15:47 GMT",79,209,1.0,7.3,day,143.9,7956,29001,18.79,8,8,4,6,0.33,0.04,0.08,0.068,0.049,254,0.38,0.456,123,220,8,180,0,171037
2026-09-13 08:16:05,"Sun, 13 Sep 2026 08:16:01 GMT",79,210,0.7,7.2,day,143.8,4314,22133,18.83,11,4,5,6,0.37,0.17,0.46,0.962,0.562,249,0.0,0.459,38,63,9,64,0,170859
2026-09-13 08:16:58,"Sun, 13 Sep 2026 08:16:46 GMT",15,43,0.7,9.3,day,134.4,9413,26973,15.26,8,6,3,7,0.38,0.07,0.17,0.78,0.833,237,0.0,0.526,68,109,379,478,0,142848
2026-09-13 08:18:00,"Sun, 13 Sep 2026 08:17:46 GMT",70,232,1.7,13.0,day,116.6,327,2838,10.61,2,1,2,1,1.0,0.29,0.0,0.12,0.833,121,0.0,0.231,6,7,0,1,0,115327
2026-09-13 08:18:24,"Sun, 13 Sep 2026 08:18:01 GMT",70,233,1.3,13.1,day,116.6,226,1718,10.6,1,1,1,1,1.0,0.33,0.0,0.083,0.833,84,0.0,0.369,3,3,0,2,0,115432
2026-09-13 08:18:54,"Sun, 13 Sep 2026 08:18:46 GMT",146,179,1.4,10.1,day,142.3,871,9643,16.92,2,1,2,1,1.0,0.29,0.0,0.203,0.519,200,0.0,0.265,6,7,0,4,0,163068
2026-09-13 08:19:06,"Sun, 13 Sep 2026 08:19:01 GMT",146,180,1.0,10.1,day,142.3,243,4399,16.9,1,1,1,1,1.0,0.5,0.0,0.198,0.519,200,0.0,0.261,2,2,0,0,0,163151
2026-09-13 08:20:11,"Sun, 13 Sep 2026 08:20:03 GMT",15,44,0.6,9.4,day,134.3,3843,17774,15.31,2,2,2,1,1.0,0.07,0.0,0.255,0.148,188,0.0,0.545,26,29,82,105,0,143291
2026-09-13 08:20:48,"Sun, 13 Sep 2026 08:20:46 GMT",193,15,2.5,14.7,day,121.1,7251,20368,19.63,59,55,22,7,0.38,0.14,0.17,0.225,0.707,253,0.05,0.319,99,414,0,147,0,168354
2026-09-13 08:28:31,"Sun, 13 Sep 2026 08:28:03 GMT",15,45,0.8,9.4,day,134.5,15829,34601,15.14,13,12,9,3,0.48,0.02,0.04,0.928,0.225,218,0.0,0.448,235,521,587,1075,0,142006
2026-09-13 08:28:55,"Sun, 13 Sep 2026 08:28:46 GMT",193,16,2.9,14.6,day,122.5,14511,34450,19.72,124,102,34,14,0.26,0.14,0.16,0.198,0.695,253,0.02,0.262,146,894,15,179,0,168717
2026-09-13 08:29:08,"Sun, 13 Sep 2026 08:29:02 GMT",193,17,2.0,14.6,day,122.6,6752,22317,19.75,61,12,24,9,0.28,0.21,0.32,0.217,0.702,252,0.07,0.346,101,284,16,124,0,168685
2026-09-13 08:29:53,"Sun, 13 Sep 2026 08:29:47 GMT",70,234,1.5,13.0,day,123.8,700,6570,11.07,3,3,3,2,0.5,0.17,0.5,0.021,0.877,188,0.0,0.189,11,18,0,2,0,118415
2026-09-13 08:30:18,"Sun, 13 Sep 2026 08:30:01 GMT",146,181,1.0,10.2,day,139.3,5215,23479,16.63,6,4,6,2,0.5,0.07,0.32,0.807,0.33,240,0.0,0.197,58,86,1,43,0,161350
2026-09-13 08:31:07,"Sun, 13 Sep 2026 08:31:01 GMT",79,211,1.1,7.3,day,143.2,16786,39162,18.59,106,89,23,16,0.29,0.11,0.13,0.672,0.791,253,0.02,0.297,195,1000,11,378,1,169661
2026-09-13 08:32:08,"Sun, 13 Sep 2026 08:32:01 GMT",15,46,0.8,9.5,day,134.9,22025,40737,15.24,47,47,22,7,0.31,0.04,0.05,0.09,0.039,250,0.02,0.472,240,1113,768,1751,0,142580
2026-09-13 08:34:45,"Sun, 13 Sep 2026 08:34:02 GMT",146,182,0.9,10.1,day,142.1,7929,28011,16.75,14,9,7,4,0.5,0.07,0.21,0.74,0.319,233,0.0,0.229,119,197,3,98,0,161880
2026-09-13 08:35:38,"Sun, 13 Sep 2026 08:35:01 GMT",79,212,0.9,7.4,day,142.8,11741,33578,18.5,45,33,16,8,0.35,0.09,0.14,0.083,0.063,254,0.13,0.406,184,501,13,324,0,169674
2026-09-13 08:35:50,"Sun, 13 Sep 2026 08:35:46 GMT",15,47,0.7,9.6,day,134.9,17922,36795,15.32,21,19,11,7,0.27,0.03,0.06,0.057,0.046,248,0.0,0.503,287,636,746,1347,0,142516
2026-09-13 08:36:19,"Sun, 13 Sep 2026 08:36:01 GMT",193,18,3.1,14.2,day,117.0,23576,43628,19.32,1196,405,96,32,0.39,0.61,0.63,0.509,0.72,253,0.03,0.164,104,1967,20,248,0,166879
2026-09-13 08:37:08,"Sun, 13 Sep 2026 08:37:01 GMT",70,235,1.4,13.1,day,124.0,997,7791,11.05,4,3,4,2,0.5,0.2,0.4,0.099,0.884,196,0.0,0.192,12,20,0,1,0,118545
2026-09-13 08:37:53,"Sun, 13 Sep 2026 08:37:47 GMT",146,183,0.8,10.1,day,140.1,7730,27312,16.61,9,8,5,3,0.6,0.04,0.12,0.697,0.358,249,0.0,0.217,123,210,4,119,0,161022
2026-09-13 08:38:05,"Sun, 13 Sep 2026 08:38:01 GMT",146,184,0.5,10.1,day,140.2,852,9353,16.59,4,2,3,2,0.67,0.33,1.0,0.729,0.306,216,0.0,0.402,7,12,0,9,0,161166
2026-09-13 08:38:50,"Sun, 13 Sep 2026 08:38:46 GMT",79,213,0.7,7.3,day,143.6,2612,12999,18.53,6,6,3,4,0.5,0.09,0.33,0.969,0.586,241,0.0,0.449,41,65,10,58,0,169496
2026-09-13 08:39:15,"Sun, 13 Sep 2026 08:39:02 GMT",17,6,3.9,12.1,day,137.4,36008,55704,17.42,3394,6,96,54,0.65,0.99,1.0,0.538,0.499,254,0.02,0.24,17,3421,0,0,0,148946
2026-09-13 08:39:56,"Sun, 13 Sep 2026 08:39:46 GMT",15,48,0.7,9.6,day,135.6,12212,29615,15.0,18,12,6,7,0.43,0.07,0.17,0.249,0.225,182,0.0,0.365,154,268,503,749,0,139823
2026-09-13 08:47:41,"Sun, 13 Sep 2026 08:47:04 GMT",15,49,0.7,9.6,day,136.2,5951,19918,15.08,7,6,3,4,0.58,0.06,0.13,0.874,0.656,229,0.0,0.379,60,111,174,273,0,141090
2026-09-13 08:47:53,"Sun, 13 Sep 2026 08:47:46 GMT",193,19,2.9,14.4,day,122.5,11336,28357,19.68,186,73,40,21,0.22,0.26,0.29,0.269,0.759,253,0.02,0.272,105,721,24,252,0,168941
2026-09-13 08:48:10,"Sun, 13 Sep 2026 08:48:01 GMT",193,20,2.2,14.4,day,122.5,8317,21971,19.72,90,59,28,9,0.36,0.18,0.23,0.215,0.689,254,0.03,0.349,118,494,30,248,1,168843
2026-09-13 08:48:50,"Sun, 13 Sep 2026 08:48:47 GMT",70,236,1.6,13.1,day,126.6,782,4090,11.2,8,3,5,2,0.8,0.26,0.73,0.098,0.882,207,0.0,0.171,18,31,0,4,0,119269
2026-09-13 08:49:07,"Sun, 13 Sep 2026 08:49:01 GMT",146,185,0.9,10.1,day,142.9,1021,5509,16.96,10,6,5,3,0.67,0.23,0.29,0.562,0.313,252,0.1,0.218,14,43,0,8,0,162147
2026-09-13 08:49:59,"Sun, 13 Sep 2026 08:49:46 GMT",79,214,0.8,7.5,day,144.7,4206,20414,18.45,8,7,7,3,0.38,0.11,0.24,0.96,0.572,245,0.0,0.478,42,74,7,68,0,169592
2026-09-13 08:50:15,"Sun, 13 Sep 2026 08:50:01 GMT",79,215,0.5,7.3,day,144.8,2842,17313,18.46,3,2,2,3,0.5,0.08,1.0,0.066,0.074,249,0.0,0.51,29,37,7,41,0,169437
2026-09-13 08:50:51,"Sun, 13 Sep 2026 08:50:46 GMT",15,50,0.5,9.6,day,136.1,4324,14821,15.18,6,5,4,3,0.5,0.06,0.16,0.694,0.793,232,0.0,0.463,57,94,120,201,0,142183
2026-09-13 08:51:07,"Sun, 13 Sep 2026 08:51:02 GMT",15,51,0.3,9.6,day,136.1,2297,9677,15.19,2,2,1,2,1.0,0.12,0.0,0.281,0.065,216,0.0,0.537,14,17,52,67,0,142523
2026-09-13 08:52:51,"Sun, 13 Sep 2026 08:52:47 GMT",57,8,4.8,10.4,day,135.2,36157,55785,16.01,1666,1579,96,33,0.53,0.5,0.51,0.466,0.248,253,0.0,0.281,25,3320,0,1576,0,149018
2026-09-13 08:53:03,"Sun, 13 Sep 2026 08:53:02 GMT",146,186,0.7,10.1,day,141.2,6718,26121,16.54,5,4,4,2,0.62,0.04,0.26,0.567,0.304,235,0.0,0.298,103,132,1,75,0,160635
2026-09-13 08:53:15,"Sun, 13 Sep 2026 08:53:02 GMT",146,187,0.5,10.1,day,141.2,2408,17054,16.54,1,1,1,1,1.0,0.05,0.0,0.969,0.167,223,0.0,0.477,21,21,2,20,0,160635
2026-09-13 08:53:52,"Sun, 13 Sep 2026 08:53:46 GMT",79,216,0.7,7.5,day,142.5,3312,19147,18.33,4,3,2,4,0.5,0.09,0.57,0.893,0.491,240,0.0,0.524,36,47,6,43,0,168731
2026-09-13 08:54:04,"Sun, 13 Sep 2026 08:54:02 GMT",79,217,0.5,7.4,day,142.6,970,11187,18.34,1,0,1,1,1.0,1.0,0.0,0.885,0.685,206,0.0,0.347,1,1,2,3,0,168573
2026-09-13 08:54:56,"Sun, 13 Sep 2026 08:54:46 GMT",15,52,0.9,9.7,day,134.2,25353,42966,15.06,685,242,67,40,0.26,0.37,0.39,0.718,0.402,253,0.02,0.373,96,1842,445,1799,1,141854
2026-09-13 08:55:12,"Sun, 13 Sep 2026 08:55:01 GMT",15,53,0.8,9.7,day,134.2,20733,38889,14.92,141,98,20,21,0.34,0.12,0.13,0.764,0.825,249,0.0,0.398,210,1198,514,1548,1,140446
2026-09-13 08:55:56,"Sun, 13 Sep 2026 08:55:47 GMT",193,21,2.5,14.5,day,124.6,26376,46243,19.91,2054,32,96,54,0.4,0.89,0.91,0.46,0.584,254,0.02,0.183,59,2295,46,365,0,169786
2026-09-13 08:56:12,"Sun, 13 Sep 2026 08:56:02 GMT",70,237,1.6,13.2,day,125.1,1981,10732,11.11,12,4,7,3,0.57,0.21,0.38,0.096,0.877,201,0.0,0.189,27,56,0,3,0,118708
2026-09-13 08:57:04,"Sun, 13 Sep 2026 08:57:01 GMT",146,188,0.9,10.1,day,142.7,21368,42663,16.52,715,128,81,24,0.37,0.44,0.47,0.591,0.811,254,0.02,0.225,144,1630,3,213,1,160748
2026-09-13 08:57:56,"Sun, 13 Sep 2026 08:57:46 GMT",79,218,0.7,7.4,day,143.0,23935,45501,18.32,861,333,96,26,0.34,0.45,0.47,0.508,0.792,254,0.04,0.219,130,1934,10,290,1,169051
2026-09-13 08:58:12,"Sun, 13 Sep 2026 08:58:01 GMT",79,219,0.6,7.4,day,143.3,16698,38856,18.38,153,121,18,23,0.37,0.15,0.17,0.935,0.515,254,0.03,0.321,166,1036,13,413,1,169022
2026-09-13 08:58:52,"Sun, 13 Sep 2026 08:58:46 GMT",15,54,0.9,9.7,day,134.8,25968,44035,14.98,675,256,63,54,0.2,0.39,0.4,0.736,0.488,255,0.03,0.402,103,1742,619,1922,0,140847
2026-09-13 08:59:04,"Sun, 13 Sep 2026 08:59:01 GMT",193,22,2.3,14.7,day,124.0,20509,40877,20.03,391,351,53,27,0.27,0.27,0.3,0.686,0.753,254,0.07,0.236,159,1455,55,423,1,169702
2026-09-13 09:21:41,"Sun, 13 Sep 2026 09:21:01 GMT",79,220,1.1,7.5,day,144.0,9242,29267,18.22,49,32,23,10,0.21,0.12,0.17,0.363,0.353,252,0.04,0.258,135,398,9,243,0,168426
2026-09-13 09:21:53,"Sun, 13 Sep 2026 09:21:47 GMT",15,55,1.7,10.0,day,134.7,20371,38981,14.8,113,65,25,12,0.38,0.11,0.13,0.095,0.092,251,0.02,0.401,237,1059,662,1569,1,140211
2026-09-13 09:22:29,"Sun, 13 Sep 2026 09:22:01 GMT",193,23,5.4,15.1,day,124.1,23078,43469,20.26,1279,104,96,37,0.36,0.73,0.78,0.438,0.697,254,0.03,0.248,122,1744,62,550,0,170961
2026-09-13 09:22:57,"Sun, 13 Sep 2026 09:22:48 GMT",70,238,2.7,13.1,day,128.1,3249,13976,11.33,35,12,21,7,0.24,0.24,0.35,0.141,0.835,197,0.0,0.15,47,145,0,8,0,119566
2026-09-13 09:23:09,"Sun, 13 Sep 2026 09:23:02 GMT",70,239,1.9,13.1,day,128.2,1749,8640,11.35,12,12,11,3,0.36,0.16,0.21,0.199,0.795,131,0.0,0.15,27,77,0,10,0,119541
2026-09-13 09:24:37,"Sun, 13 Sep 2026 09:23:46 GMT",90,7,7.8,9.7,day,145.9,18108,31213,8.4,616,368,76,22,0.37,0.43,0.44,0.689,0.875,255,0.16,0.105,60,1444,0,0,1,87160
2026-09-13 09:24:48,"Sun, 13 Sep 2026 09:24:46 GMT",90,8,5.2,7.3,day,144.5,10805,28706,4.66,701,27,74,24,0.39,0.81,0.86,0.655,0.866,255,0.15,0.131,62,863,0,0,1,54084
2026-09-13 09:25:04,"Sun, 13 Sep 2026 09:25:02 GMT",139,2,7.9,13.6,day,141.6,45123,60536,17.89,4035,4,96,54,0.78,1.0,1.0,0.511,0.515,255,0.02,0.06,5,4045,0,0,0,147938
2026-09-13 09:26:04,"Sun, 13 Sep 2026 09:26:01 GMT",195,2,6.5,13.4,day,134.8,18712,36311,13.4,586,286,59,29,0.34,0.43,0.46,0.335,0.62,254,0.01,0.06,111,1360,0,0,0,129184
2026-09-13 09:29:03,"Sun, 13 Sep 2026 09:28:48 GMT",199,2,4.4,15.3,day,136.1,17439,30982,17.48,653,219,70,27,0.35,0.46,0.47,0.298,0.144,255,0.12,0.06,52,1415,0,0,0,150989
2026-09-13 09:29:15,"Sun, 13 Sep 2026 09:29:02 GMT",199,3,3.2,15.0,day,136.5,17165,34227,17.47,620,192,70,27,0.33,0.48,0.5,0.29,0.146,255,0.11,0.11,74,1293,0,0,0,151131
2026-09-13 09:30:19,"Sun, 13 Sep 2026 09:30:01 GMT",200,2,4.2,16.4,day,122.3,12285,25949,14.96,317,106,48,23,0.29,0.34,0.37,0.392,0.14,246,0.0,0.06,98,942,0,0,0,136039
2026-09-13 09:30:58,"Sun, 13 Sep 2026 09:30:46 GMT",200,3,7.1,16.5,day,124.0,24427,45250,15.1,1222,160,96,42,0.3,0.64,0.68,0.504,0.615,255,0.1,0.07,117,1904,0,0,0,135856
2026-09-13 09:31:10,"Sun, 13 Sep 2026 09:31:02 GMT",200,4,4.9,14.8,day,127.9,17388,39254,14.98,381,120,34,37,0.3,0.32,0.36,0.186,0.587,255,0.1,0.116,173,1191,0,0,0,135650
2026-09-13 09:32:38,"Sun, 13 Sep 2026 09:32:01 GMT",200,5,4.2,14.8,day,128.0,29264,49159,15.16,1735,489,71,54,0.45,0.68,0.7,0.266,0.592,255,0.14,0.112,94,2559,0,0,0,137567
2026-09-13 09:32:54,"Sun, 13 Sep 2026 09:32:46 GMT",200,6,4.2,15.1,day,128.6,22286,43283,15.47,852,414,64,40,0.33,0.47,0.5,0.295,0.676,255,0.16,0.188,108,1807,0,0,1,136476
2026-09-13 09:33:06,"Sun, 13 Sep 2026 09:33:01 GMT",200,7,3.1,14.8,day,128.3,16009,36317,15.43,166,137,20,23,0.36,0.15,0.18,0.227,0.578,254,0.05,0.272,156,1081,0,89,1,137224
2026-09-13 10:03:57,"Sun, 13 Sep 2026 10:03:47 GMT",79,221,5.4,7.9,day,141.7,32071,52141,18.37,2734,13,96,54,0.53,0.95,0.97,0.473,0.534,255,0.03,0.223,59,2886,19,638,0,168249
2026-09-13 10:04:13,"Sun, 13 Sep 2026 10:04:02 GMT",79,222,7.0,8.4,day,142.6,43300,60298,17.26,4038,2,96,54,0.78,1.0,1.0,0.518,0.489,254,0.01,0.221,3,4041,24,903,0,153774
2026-09-13 10:04:50,"Sun, 13 Sep 2026 10:04:47 GMT",15,56,5.0,10.7,day,132.6,37438,53497,14.5,2195,251,96,54,0.42,0.86,0.87,0.584,0.547,254,0.01,0.329,41,2562,790,2223,0,133534
2026-09-13 10:05:14,"Sun, 13 Sep 2026 10:05:04 GMT",193,24,6.9,13.6,day,130.8,41175,59039,20.4,3876,2,96,54,0.75,1.0,1.0,0.494,0.515,255,0.02,0.199,6,3882,73,868,0,170740
2026-09-13 10:06:03,"Sun, 13 Sep 2026 10:06:01 GMT",70,240,3.0,13.3,day,130.0,9433,24599,11.38,306,31,40,25,0.31,0.54,0.67,0.172,0.792,248,0.0,0.149,108,562,0,23,1,119594
2026-09-13 10:06:51,"Sun, 13 Sep 2026 10:06:46 GMT",146,189,2.3,9.6,day,142.5,30906,50386,16.06,1483,1161,96,26,0.59,0.51,0.51,0.546,0.785,254,0.01,0.233,41,2908,4,442,0,157336
2026-09-13 10:07:04,"Sun, 13 Sep 2026 10:07:01 GMT",146,190,1.5,9.6,day,142.6,20674,42285,16.04,590,159,77,23,0.33,0.38,0.42,0.544,0.822,253,0.01,0.311,167,1539,5,694,1,157669
2026-09-13 10:08:08,"Sun, 13 Sep 2026 10:08:02 GMT",15,57,3.7,10.5,day,132.6,33177,50946,14.94,1367,241,72,54,0.35,0.64,0.65,0.714,0.529,254,0.03,0.359,58,2147,895,2258,0,140927
2026-09-13 10:09:06,"Sun, 13 Sep 2026 10:09:01 GMT",193,25,5.0,13.1,day,129.6,31477,51289,20.26,2670,44,96,54,0.52,0.92,0.93,0.472,0.58,254,0.02,0.267,34,2890,79,1176,0,169551
2026-09-13 10:09:54,"Sun, 13 Sep 2026 10:09:46 GMT",70,241,2.2,13.4,day,130.4,4357,15381,11.37,20,18,13,5,0.31,0.11,0.14,0.059,0.868,208,0.0,0.26,58,188,0,23,0,119701
2026-09-13 10:10:19,"Sun, 13 Sep 2026 10:10:01 GMT",70,242,1.6,13.3,day,130.4,2225,10554,11.39,5,5,5,1,1.0,0.07,0.14,0.042,0.593,213,0.0,0.379,35,69,0,20,0,119734
2026-09-13 10:11:03,"Sun, 13 Sep 2026 10:11:01 GMT",79,223,3.0,7.3,day,142.3,24318,47362,18.06,1206,312,96,45,0.28,0.63,0.66,0.578,0.658,254,0.02,0.32,110,1925,28,1006,0,168141
2026-09-13 10:11:15,"Sun, 13 Sep 2026 10:11:01 GMT",79,224,2.1,7.3,day,142.3,14701,38556,18.06,82,80,26,12,0.26,0.1,0.12,0.315,0.654,253,0.05,0.387,188,830,33,650,1,168141
2026-09-13 10:11:56,"Sun, 13 Sep 2026 10:11:46 GMT",15,58,1.8,10.1,day,133.5,23418,43862,14.95,82,62,18,16,0.28,0.07,0.08,0.769,0.822,244,0.0,0.425,211,1149,855,1760,1,140787
2026-09-13 10:12:12,"Sun, 13 Sep 2026 10:12:01 GMT",15,59,1.4,10.1,day,133.4,19160,39614,14.9,41,29,17,6,0.4,0.05,0.08,0.49,0.052,247,0.0,0.447,255,763,788,1440,0,140554
2026-09-13 10:12:52,"Sun, 13 Sep 2026 10:12:47 GMT",193,26,3.9,13.2,day,130.6,22919,44571,20.49,1081,235,96,32,0.35,0.62,0.67,0.494,0.75,254,0.02,0.338,145,1744,84,1066,0,170718
2026-09-13 10:13:05,"Sun, 13 Sep 2026 10:13:01 GMT",193,27,2.7,13.1,day,130.6,15829,37650,20.43,130,69,20,18,0.36,0.14,0.17,0.596,0.859,249,0.0,0.398,186,940,75,753,1,170376
2026-09-13 10:13:53,"Sun, 13 Sep 2026 10:13:47 GMT",70,243,2.5,12.9,day,121.9,994,5888,10.84,6,3,4,2,0.75,0.18,0.5,0.023,0.858,180,0.0,0.211,23,33,0,10,0,116243
2026-09-13 10:14:05,"Sun, 13 Sep 2026 10:14:01 GMT",146,191,1.9,9.3,day,145.0,18476,40555,15.37,152,122,33,21,0.22,0.12,0.14,0.648,0.809,254,0.01,0.345,197,1252,7,836,0,146499
2026-09-13 10:14:54,"Sun, 13 Sep 2026 10:14:46 GMT",79,225,1.5,7.1,day,142.3,9528,32200,17.99,28,17,9,9,0.35,0.07,0.12,0.028,0.719,243,0.0,0.362,160,388,31,366,0,167081
2026-09-13 10:15:06,"Sun, 13 Sep 2026 10:15:01 GMT",79,226,1.1,7.0,day,142.2,6447,28045,18.02,7,5,5,5,0.28,0.04,0.11,0.04,0.032,254,0.14,0.51,107,168,18,180,0,167928
2026-09-13 10:26:26,"Sun, 13 Sep 2026 10:26:03 GMT",146,192,1.4,9.2,day,144.3,19386,41402,15.97,448,127,64,20,0.35,0.32,0.36,0.491,0.828,254,0.0,0.359,192,1381,11,971,1,157086
2026-09-13 10:27:02,"Sun, 13 Sep 2026 10:26:46 GMT",79,227,1.1,6.9,day,142.3,5146,22528,17.98,29,12,11,10,0.26,0.17,0.34,0.932,0.522,245,0.0,0.463,67,166,10,143,0,167154
2026-09-13 10:27:15,"Sun, 13 Sep 2026 10:27:01 GMT",15,60,2.4,9.9,day,137.2,20822,40407,13.38,61,51,12,13,0.39,0.07,0.08,0.782,0.88,251,0.05,0.462,213,915,766,1499,1,124005
2026-09-13 10:27:56,"Sun, 13 Sep 2026 10:27:48 GMT",193,28,3.0,13.0,day,131.7,19240,40800,20.25,478,309,53,26,0.35,0.35,0.39,0.679,0.779,254,0.03,0.366,148,1352,98,995,1,168480
2026-09-13 10:28:12,"Sun, 13 Sep 2026 10:28:02 GMT",193,29,2.0,12.9,day,131.4,11070,31771,20.22,72,25,16,15,0.3,0.14,0.2,0.08,0.61,252,0.01,0.389,160,501,62,466,1,169734
2026-09-13 10:28:49,"Sun, 13 Sep 2026 10:28:47 GMT",70,244,2.1,12.6,day,121.6,1476,7994,10.73,6,5,5,3,0.4,0.14,0.26,0.03,0.583,208,0.0,0.354,23,43,0,11,0,115869
2026-09-13 10:29:14,"Sun, 13 Sep 2026 10:29:01 GMT",70,245,1.5,12.6,day,121.6,665,4518,10.74,5,2,4,2,0.62,0.25,1.0,0.025,0.856,174,0.0,0.299,13,20,0,8,0,115899
2026-09-13 10:29:50,"Sun, 13 Sep 2026 10:29:46 GMT",146,193,1.1,9.1,day,143.8,13869,36120,15.99,48,22,16,11,0.27,0.07,0.09,0.641,0.814,249,0.0,0.398,223,726,14,651,0,156799
2026-09-13 10:30:18,"Sun, 13 Sep 2026 10:30:01 GMT",79,228,4.4,7.8,day,141.9,40503,57904,16.5,3816,2,96,54,0.74,1.0,1.0,0.522,0.483,254,0.01,0.246,2,3818,35,1105,0,148696
2026-09-13 10:31:10,"Sun, 13 Sep 2026 10:31:02 GMT",15,61,2.0,10.3,day,134.0,20184,40010,14.72,52,47,21,8,0.31,0.06,0.08,0.077,0.636,246,0.0,0.417,246,850,780,1473,0,139801
2026-09-13 10:32:02,"Sun, 13 Sep 2026 10:31:47 GMT",193,30,1.9,13.0,day,131.9,17378,38782,20.45,332,167,55,20,0.3,0.3,0.34,0.664,0.816,253,0.01,0.392,157,1114,76,841,1,171160
2026-09-13 10:32:14,"Sun, 13 Sep 2026 10:32:01 GMT",193,31,1.4,12.8,day,132.0,12304,32934,20.3,116,80,14,20,0.41,0.2,0.26,0.05,0.176,254,0.01,0.372,157,584,90,543,1,169527
2026-09-13 10:32:55,"Sun, 13 Sep 2026 10:32:46 GMT",70,246,1.1,12.5,day,121.8,961,5577,10.79,7,5,5,3,0.47,0.25,0.47,0.021,0.852,201,0.0,0.264,12,28,0,7,0,116210
2026-09-13 10:33:07,"Sun, 13 Sep 2026 10:33:00 GMT",70,247,0.8,12.5,day,121.8,429,3292,10.79,11,2,5,6,0.37,0.61,1.0,0.019,0.848,200,0.0,0.235,6,18,0,5,0,116293
2026-09-13 10:34:03,"Sun, 13 Sep 2026 10:34:01 GMT",79,229,1.7,6.9,day,142.6,11503,34048,17.89,89,35,14,22,0.29,0.16,0.21,0.931,0.41,251,0.01,0.383,144,565,31,470,1,166965
2026-09-13 10:34:55,"Sun, 13 Sep 2026 10:34:46 GMT",15,62,1.7,10.5,day,135.9,17512,37222,14.78,40,38,9,20,0.22,0.06,0.08,0.827,0.767,252,0.03,0.433,191,691,676,1255,0,139484
2026-09-13 10:35:07,"Sun, 13 Sep 2026 10:35:01 GMT",15,63,1.3,10.3,day,135.8,9903,27678,14.92,16,11,5,7,0.46,0.07,0.13,0.96,0.774,249,0.0,0.387,114,228,375,563,0,140451
2026-09-13 10:35:55,"Sun, 13 Sep 2026 10:35:46 GMT",193,32,1.7,13.3,day,134.3,10057,29401,20.51,100,60,16,19,0.33,0.24,0.34,0.076,0.634,245,0.0,0.399,118,419,99,420,1,170536
2026-09-13 10:36:11,"Sun, 13 Sep 2026 10:36:01 GMT",193,33,1.3,13.4,day,134.4,8820,28282,20.59,42,16,12,11,0.32,0.14,0.24,0.07,0.528,235,0.0,0.398,112,291,78,313,0,170454
2026-09-13 10:36:51,"Sun, 13 Sep 2026 10:36:46 GMT",70,248,0.8,12.5,day,122.1,1297,8098,10.83,10,4,5,3,0.67,0.26,0.71,0.019,0.85,183,0.0,0.269,18,38,1,11,0,116393
2026-09-13 10:37:03,"Sun, 13 Sep 2026 10:37:01 GMT",146,194,1.3,9.0,day,144.2,22829,44470,15.96,832,364,85,26,0.38,0.45,0.47,0.608,0.814,254,0.01,0.339,120,1841,20,1074,1,157182
2026-09-13 10:37:59,"Sun, 13 Sep 2026 10:37:47 GMT",79,230,1.5,7.0,day,142.6,25935,47634,17.93,1725,200,96,50,0.36,0.79,0.82,0.58,0.585,254,0.02,0.33,96,2184,56,1175,0,167237
2026-09-13 10:38:15,"Sun, 13 Sep 2026 10:38:02 GMT",79,231,1.0,7.0,day,142.6,13677,36810,17.9,89,48,17,17,0.31,0.14,0.19,0.915,0.447,251,0.02,0.421,199,643,62,613,1,166910
2026-09-13 10:43:31,"Sun, 13 Sep 2026 10:43:02 GMT",79,232,8.7,8.8,day,141.9,43201,60131,16.88,3927,2,96,54,0.76,1.0,1.0,0.521,0.481,255,0.01,0.272,3,3930,103,1518,0,153971
2026-09-13 10:44:07,"Sun, 13 Sep 2026 10:44:02 GMT",70,249,0.8,12.3,day,122.4,741,2799,10.78,7,4,4,3,0.58,0.18,0.37,0.012,0.854,176,0.0,0.325,16,38,1,11,0,116346
2026-09-13 10:45:00,"Sun, 13 Sep 2026 10:44:46 GMT",146,195,0.8,8.9,day,144.1,3304,19597,15.9,4,3,3,2,0.67,0.1,0.4,0.208,0.514,192,0.0,0.416,28,40,11,47,0,156862
2026-09-13 10:45:12,"Sun, 13 Sep 2026 10:45:01 GMT",146,196,0.5,8.9,day,144.1,1281,12259,15.87,2,2,2,1,1.0,0.25,0.0,0.13,0.556,174,0.0,0.147,6,8,0,6,0,156781
2026-09-13 10:45:52,"Sun, 13 Sep 2026 10:45:46 GMT",79,233,3.2,6.8,day,141.8,22057,45930,17.96,409,127,69,26,0.23,0.27,0.3,0.429,0.757,253,0.02,0.404,167,1511,119,1240,0,167515
2026-09-13 10:46:04,"Sun, 13 Sep 2026 10:46:01 GMT",79,234,2.1,6.8,day,142.0,10941,34824,17.93,17,14,8,6,0.35,0.05,0.09,0.35,0.621,253,0.12,0.464,181,366,106,456,0,167397
2026-09-13 10:46:52,"Sun, 13 Sep 2026 10:46:50 GMT",17,7,3.8,11.8,day,139.8,38228,56435,17.08,3588,9,96,54,0.69,0.99,1.0,0.533,0.502,254,0.01,0.272,9,3609,0,1884,0,147922
2026-09-13 10:47:16,"Sun, 13 Sep 2026 10:47:01 GMT",193,34,1.8,12.6,day,132.7,6739,17686,20.21,99,18,15,20,0.33,0.31,0.41,0.06,0.642,247,0.0,0.349,91,323,66,259,1,168366
2026-09-13 10:49:32,"Sun, 13 Sep 2026 10:49:02 GMT",146,197,0.7,8.8,day,144.0,3240,19746,15.86,4,2,2,3,0.67,0.17,1.0,0.047,0.241,233,0.0,0.475,16,23,4,24,0,156601
2026-09-13 10:49:56,"Sun, 13 Sep 2026 10:49:46 GMT",79,235,1.6,6.8,day,144.5,4807,25094,18.0,4,4,3,3,0.44,0.07,0.5,0.023,0.023,233,0.0,0.479,44,55,50,102,0,167726
2026-09-13 10:50:08,"Sun, 13 Sep 2026 10:50:01 GMT",15,64,1.4,10.4,day,135.3,13431,32351,14.87,21,12,7,11,0.27,0.05,0.1,0.741,0.861,239,0.0,0.439,186,405,523,863,0,140641
2026-09-13 10:50:48,"Sun, 13 Sep 2026 10:50:47 GMT",193,35,1.7,12.6,day,132.9,7564,20184,20.36,87,43,14,17,0.37,0.22,0.27,0.042,0.166,249,0.0,0.35,89,398,75,316,1,168807
2026-09-13 10:51:00,"Sun, 13 Sep 2026 10:50:47 GMT",193,36,1.2,12.6,day,132.9,4587,13877,20.36,33,16,10,6,0.55,0.17,0.25,0.057,0.526,234,0.0,0.38,65,190,55,176,0,168807
2026-09-13 10:51:12,"Sun, 13 Sep 2026 10:51:01 GMT",193,37,1.2,12.6,day,132.9,4973,15907,20.39,30,22,10,5,0.6,0.13,0.17,0.055,0.53,234,0.0,0.415,60,228,60,199,0,169303
2026-09-13 10:51:53,"Sun, 13 Sep 2026 10:51:46 GMT",70,250,1.2,12.2,day,120.9,1228,4021,10.82,13,7,7,2,0.93,0.19,0.3,0.961,0.01,234,0.0,0.068,26,67,1,8,0,116985
2026-09-13 10:52:29,"Sun, 13 Sep 2026 10:52:01 GMT",70,251,0.9,12.2,day,121.0,765,2761,10.8,10,5,7,2,0.71,0.21,0.27,0.955,0.009,234,0.0,0.124,16,48,0,5,0,116858
2026-09-13 10:52:57,"Sun, 13 Sep 2026 10:52:47 GMT",146,198,0.7,8.9,day,144.3,1634,12235,15.9,13,5,4,6,0.54,0.45,0.72,0.012,0.812,246,0.0,0.304,11,29,0,13,0,156277
2026-09-13 10:53:33,"Sun, 13 Sep 2026 10:53:02 GMT",79,236,1.2,6.7,day,144.3,8803,28861,17.98,60,53,14,14,0.31,0.15,0.19,0.699,0.697,250,0.03,0.369,86,388,65,366,1,167132
2026-09-13 10:53:49,"Sun, 13 Sep 2026 10:53:47 GMT",15,65,1.1,10.1,day,135.7,19390,37954,14.46,66,62,24,11,0.25,0.07,0.1,0.587,0.432,252,0.06,0.399,230,892,669,1370,0,137461
2026-09-13 10:54:05,"Sun, 13 Sep 2026 10:54:02 GMT",15,66,0.8,10.2,day,135.4,8567,23771,14.83,15,7,5,8,0.38,0.08,0.18,0.967,0.843,247,0.0,0.467,95,181,313,472,0,140334
2026-09-13 10:56:43,"Sun, 13 Sep 2026 10:56:03 GMT",146,199,0.9,8.7,day,144.6,9161,29906,15.85,13,11,7,4,0.46,0.04,0.09,0.384,0.789,252,0.08,0.459,153,289,7,230,0,155766
2026-09-13 10:57:06,"Sun, 13 Sep 2026 10:57:01 GMT",79,237,1.3,7.2,day,143.6,12584,34867,18.13,68,28,14,11,0.44,0.13,0.19,0.075,0.482,252,0.04,0.259,196,532,85,497,1,168351
2026-09-13 10:58:06,"Sun, 13 Sep 2026 10:58:01 GMT",15,67,0.8,10.2,day,135.2,11287,29500,14.92,7,6,5,3,0.47,0.03,0.08,0.481,0.063,245,0.0,0.48,151,248,410,624,0,141440
2026-09-13 10:59:02,"Sun, 13 Sep 2026 10:58:47 GMT",193,38,1.5,12.5,day,134.4,9131,21050,20.08,110,43,15,17,0.43,0.2,0.23,0.569,0.838,253,0.01,0.309,92,548,80,377,1,168169
2026-09-13 10:59:26,"Sun, 13 Sep 2026 10:59:02 GMT",193,39,7.7,9.0,day,135.2,46152,60697,19.52,4071,3,96,54,0.79,1.0,1.0,0.502,0.504,254,0.01,0.216,3,4075,104,1040,0,161009
2026-09-13 10:59:49,"Sun, 13 Sep 2026 10:59:46 GMT",70,252,1.4,11.7,day,121.9,1680,6543,10.76,24,7,10,4,0.6,0.26,0.34,0.253,0.022,234,0.0,0.077,30,94,0,5,0,116693
2026-09-13 11:00:05,"Sun, 13 Sep 2026 11:00:02 GMT",146,200,1.0,8.7,day,145.4,12170,34035,15.83,28,28,7,6,0.67,0.06,0.09,0.031,0.644,167,0.0,0.081,209,505,6,359,0,156403
2026-09-13 11:00:49,"Sun, 13 Sep 2026 11:00:46 GMT",79,238,2.0,7.7,day,143.0,24941,46640,18.18,816,220,91,26,0.34,0.42,0.45,0.561,0.79,254,0.04,0.352,120,1946,119,1257,1,168019
2026-09-13 11:01:05,"Sun, 13 Sep 2026 11:01:03 GMT",79,239,1.4,7.7,day,143.0,11814,33959,18.21,79,10,8,22,0.45,0.2,0.41,0.019,0.458,253,0.03,0.277,192,388,120,439,1,167822
2026-09-13 11:01:52,"Sun, 13 Sep 2026 11:01:47 GMT",15,68,0.9,10.1,day,135.2,19514,38764,14.93,82,59,26,14,0.23,0.08,0.11,0.116,0.71,254,0.04,0.423,245,969,573,1354,0,141922
2026-09-13 11:02:08,"Sun, 13 Sep 2026 11:02:02 GMT",15,69,0.6,10.0,day,135.1,12590,31608,14.92,8,5,5,3,0.53,0.03,0.08,0.521,0.454,242,0.0,0.409,188,300,450,724,0,142666
2026-09-13 11:03:00,"Sun, 13 Sep 2026 11:02:46 GMT",193,40,2.6,12.0,day,134.4,18718,41404,19.97,697,118,81,29,0.3,0.55,0.6,0.549,0.763,254,0.03,0.339,127,1273,101,854,1,167560
2026-09-13 11:03:36,"Sun, 13 Sep 2026 11:03:01 GMT",70,253,1.5,11.7,day,121.4,2071,6257,11.03,22,21,11,4,0.5,0.15,0.18,0.33,0.025,224,0.0,0.08,29,144,0,7,0,118201
2026-09-13 11:03:48,"Sun, 13 Sep 2026 11:03:46 GMT",146,201,2.5,10.0,day,143.2,10267,30576,16.39,176,22,26,12,0.56,0.44,0.64,0.218,0.085,255,0.13,0.127,121,400,10,187,1,157488
2026-09-13 11:04:00,"Sun, 13 Sep 2026 11:03:46 GMT",146,202,1.8,10.0,day,143.2,5095,21461,16.39,155,6,20,12,0.65,0.8,0.89,0.223,0.083,255,0.14,0.178,22,194,5,31,1,157488
2026-09-13 11:04:12,"Sun, 13 Sep 2026 11:04:01 GMT",146,203,1.7,10.3,day,143.0,3432,14824,16.44,158,33,20,11,0.72,0.76,0.77,0.223,0.08,254,0.13,0.215,6,208,0,21,1,157783
2026-09-13 11:04:59,"Sun, 13 Sep 2026 11:04:47 GMT",79,240,1.3,6.7,day,144.1,15742,38467,18.03,68,33,6,21,0.54,0.09,0.13,0.017,0.458,254,0.03,0.325,251,763,143,767,0,167991
2026-09-13 11:05:59,"Sun, 13 Sep 2026 11:05:47 GMT",15,70,1.0,9.8,day,135.0,27228,45230,14.89,798,155,66,46,0.26,0.44,0.46,0.666,0.508,255,0.03,0.347,110,1805,673,1847,1,141086
2026-09-13 11:06:11,"Sun, 13 Sep 2026 11:06:01 GMT",193,41,2.0,11.8,day,134.5,15294,37884,20.03,275,135,45,19,0.32,0.31,0.36,0.663,0.81,249,0.0,0.391,167,899,108,774,1,168062
2026-09-13 11:07:10,"Sun, 13 Sep 2026 11:07:01 GMT",70,254,1.5,11.4,day,121.7,2391,5854,11.12,52,22,11,9,0.53,0.31,0.34,0.397,0.483,254,0.02,0.075,25,168,0,7,0,118907
2026-09-13 11:07:50,"Sun, 13 Sep 2026 11:07:47 GMT",146,204,2.8,10.4,day,142.2,6422,13834,17.36,338,107,45,13,0.58,0.69,0.7,0.338,0.096,255,0.19,0.194,12,490,1,45,1,158991
2026-09-13 11:08:14,"Sun, 13 Sep 2026 11:08:02 GMT",146,205,3.9,10.9,day,141.5,7281,12857,17.36,433,108,52,16,0.52,0.75,0.75,0.413,0.103,255,0.11,0.209,8,578,0,97,1,159577
2026-09-13 11:16:39,"Sun, 13 Sep 2026 11:16:01 GMT",79,241,0.9,6.7,day,143.8,3614,17959,17.96,39,5,4,12,0.81,0.51,0.74,0.016,0.47,252,0.05,0.38,25,77,21,81,0,167494
2026-09-13 11:16:52,"Sun, 13 Sep 2026 11:16:47 GMT",15,71,1.0,10.2,day,136.7,10632,28442,14.89,34,21,7,15,0.32,0.12,0.19,0.807,0.846,252,0.03,0.434,116,291,326,563,0,141386
2026-09-13 11:17:04,"Sun, 13 Sep 2026 11:17:01 GMT",15,72,0.8,10.2,day,136.9,8506,24950,15.09,6,6,5,2,0.6,0.05,0.15,0.689,0.151,180,0.0,0.259,81,124,292,398,0,141867
2026-09-13 11:17:57,"Sun, 13 Sep 2026 11:17:46 GMT",193,42,4.7,11.3,day,144.6,15001,34892,20.29,106,83,21,8,0.63,0.12,0.13,0.323,0.353,239,0.0,0.229,104,902,121,640,1,170030
2026-09-13 11:18:10,"Sun, 13 Sep 2026 11:18:02 GMT",193,43,3.9,10.8,day,140.4,8318,24825,19.97,83,50,19,8,0.55,0.21,0.27,0.33,0.349,237,0.0,0.276,89,391,79,313,1,168925
2026-09-13 11:18:51,"Sun, 13 Sep 2026 11:18:46 GMT",70,255,2.8,11.8,day,125.3,3807,9425,11.01,50,32,27,3,0.62,0.19,0.21,0.861,0.278,245,0.0,0.077,42,269,0,11,0,119050
2026-09-13 11:19:03,"Sun, 13 Sep 2026 11:19:01 GMT",146,206,3.8,8.1,day,145.4,8226,24604,15.83,145,106,44,9,0.37,0.32,0.38,0.341,0.431,249,0.0,0.21,71,447,2,182,1,156797
2026-09-13 11:19:16,"Sun, 13 Sep 2026 11:19:01 GMT",146,207,2.7,8.1,day,145.4,4184,16746,15.83,99,15,42,9,0.26,0.47,0.57,0.327,0.43,249,0.0,0.276,42,209,0,109,0,156797
2026-09-13 11:20:01,"Sun, 13 Sep 2026 11:19:46 GMT",79,242,0.8,6.8,day,142.1,2795,15306,17.84,32,4,4,11,0.73,0.47,0.67,0.017,0.465,253,0.06,0.417,24,68,11,71,0,166909
2026-09-13 11:20:25,"Sun, 13 Sep 2026 11:20:03 GMT",79,243,0.6,6.8,day,142.2,1420,10972,17.85,14,3,4,6,0.58,0.52,0.82,0.023,0.466,253,0.07,0.446,10,27,4,29,0,167144
2026-09-13 11:20:54,"Sun, 13 Sep 2026 11:20:47 GMT",15,73,0.8,10.3,day,135.3,4535,18221,15.0,5,4,5,2,0.5,0.1,0.31,0.542,0.433,175,0.0,0.407,34,52,109,142,0,142467
2026-09-13 11:21:06,"Sun, 13 Sep 2026 11:21:01 GMT",15,74,0.6,10.3,day,135.3,2019,11846,15.0,3,1,3,1,1.0,0.21,1.0,0.552,0.426,146,0.0,0.37,12,14,21,29,0,142007
2026-09-13 11:22:03,"Sun, 13 Sep 2026 11:22:01 GMT",73,27,8.6,12.8,day,132.9,43101,61321,15.38,3413,4,96,54,0.66,0.99,1.0,0.498,0.5,255,0.0,0.408,12,3431,404,3259,0,133773
2026-09-13 11:23:01,"Sun, 13 Sep 2026 11:22:46 GMT",146,208,6.6,9.2,day,147.7,41464,59202,13.14,1865,1804,96,37,0.53,0.5,0.5,0.479,0.241,254,0.0,0.176,16,3732,2,405,0,119313
2026-09-13 11:23:17,"Sun, 13 Sep 2026 11:23:01 GMT",146,209,2.4,7.8,day,146.5,7934,30395,15.81,21,15,18,4,0.29,0.07,0.12,0.273,0.422,248,0.0,0.411,147,316,1,179,0,156866
2026-09-13 11:23:58,"Sun, 13 Sep 2026 11:23:48 GMT",79,244,0.6,6.6,day,143.9,1988,14151,17.95,4,2,2,2,1.0,0.17,1.0,0.932,0.046,227,0.0,0.448,16,23,7,27,0,167636
2026-09-13 11:24:10,"Sun, 13 Sep 2026 11:24:01 GMT",79,245,0.5,6.6,day,143.8,835,6884,17.96,2,2,2,2,0.5,0.25,0.0,0.932,0.046,212,0.0,0.482,6,8,0,7,0,167691
2026-09-13 11:24:51,"Sun, 13 Sep 2026 11:24:46 GMT",15,75,1.0,9.9,day,134.2,23346,42243,14.95,594,142,57,33,0.32,0.35,0.37,0.689,0.466,254,0.03,0.357,140,1693,364,1552,1,141371
2026-09-13 11:25:43,"Sun, 13 Sep 2026 11:25:01 GMT",15,76,0.8,9.9,day,134.1,18692,38034,14.96,112,84,27,17,0.24,0.11,0.13,0.852,0.36,252,0.04,0.446,214,1049,399,1293,0,142173
2026-09-13 11:26:00,"Sun, 13 Sep 2026 11:25:46 GMT",193,44,3.5,9.8,day,136.0,11487,30538,19.86,132,63,28,9,0.52,0.22,0.26,0.708,0.295,224,0.0,0.101,111,600,104,464,1,167715
2026-09-13 11:26:12,"Sun, 13 Sep 2026 11:26:01 GMT",70,256,2.1,11.1,day,122.3,2122,8013,10.73,40,20,18,6,0.37,0.3,0.33,0.3,0.698,211,0.0,0.097,23,135,0,10,0,117222
2026-09-13 11:26:53,"Sun, 13 Sep 2026 11:26:47 GMT",146,210,2.5,8.1,day,148.2,4588,23526,15.86,90,9,34,10,0.26,0.56,0.82,0.216,0.484,249,0.0,0.187,45,160,1,51,0,156866
2026-09-13 11:28:06,"Sun, 13 Sep 2026 11:28:02 GMT",79,246,0.5,6.6,day,142.8,1062,7733,17.94,6,3,3,5,0.4,0.38,0.67,0.918,0.441,249,0.0,0.436,7,16,0,12,0,167670
2026-09-13 11:32:44,"Sun, 13 Sep 2026 11:32:02 GMT",15,77,0.7,10.0,day,135.4,5420,20325,15.05,7,5,6,2,0.58,0.09,0.39,0.69,0.151,185,0.0,0.276,55,79,91,149,0,142550
2026-09-13 11:32:57,"Sun, 13 Sep 2026 11:32:47 GMT",193,45,3.5,10.7,day,138.6,30100,52314,20.03,1977,283,96,54,0.38,0.76,0.77,0.445,0.652,254,0.02,0.308,60,2614,142,1152,0,168092
2026-09-13 11:33:55,"Sun, 13 Sep 2026 11:33:46 GMT",70,257,1.6,11.2,day,121.9,5327,20560,10.68,39,35,16,6,0.41,0.16,0.23,0.154,0.789,195,0.0,0.16,73,237,0,12,0,116525
2026-09-13 11:35:47,"Sun, 13 Sep 2026 11:35:04 GMT",79,247,1.1,6.5,day,145.5,28548,49824,18.12,2311,172,96,54,0.45,0.89,0.91,0.537,0.562,254,0.03,0.261,47,2600,9,838,0,168724
2026-09-13 11:36:00,"Sun, 13 Sep 2026 11:35:46 GMT",15,78,1.7,10.1,day,140.1,24616,42529,12.35,1426,30,96,45,0.33,0.81,0.85,0.575,0.68,255,0.03,0.358,98,1754,374,1486,0,111623
2026-09-13 11:36:12,"Sun, 13 Sep 2026 11:36:04 GMT",15,79,1.1,10.3,day,136.0,23498,42616,15.15,470,310,42,46,0.24,0.29,0.31,0.763,0.543,254,0.04,0.415,142,1599,455,1693,0,143148
2026-09-13 11:36:53,"Sun, 13 Sep 2026 11:36:46 GMT",193,46,2.4,10.5,day,140.6,25572,47882,20.06,1322,115,96,33,0.42,0.63,0.67,0.518,0.755,254,0.04,0.353,135,2082,164,1303,0,168845
2026-09-13 11:37:06,"Sun, 13 Sep 2026 11:37:02 GMT",193,47,1.8,10.5,day,140.4,18602,41698,20.08,616,58,93,26,0.25,0.52,0.6,0.547,0.782,253,0.02,0.42,189,1192,149,1081,0,168734
2026-09-13 11:37:55,"Sun, 13 Sep 2026 11:37:47 GMT",70,258,1.6,10.8,day,122.9,1815,9375,10.79,10,9,6,3,0.56,0.13,0.21,0.38,0.052,227,0.0,0.094,27,75,1,13,0,117601
2026-09-13 11:38:08,"Sun, 13 Sep 2026 11:38:01 GMT",149,181,8.9,10.6,day,105.3,21917,42647,8.65,722,405,58,34,0.37,0.4,0.42,0.192,0.676,214,0.0,0.085,94,1786,0,13,0,102164
2026-09-13 11:39:01,"Sun, 13 Sep 2026 11:38:49 GMT",86,28,5.0,6.8,day,107.9,26299,50180,13.15,1226,193,96,41,0.31,0.62,0.66,0.513,0.683,249,0.0,0.378,119,1966,141,1443,0,141747
2026-09-13 11:39:14,"Sun, 13 Sep 2026 11:39:01 GMT",79,248,7.7,8.7,day,131.9,13161,36550,16.59,341,125,61,18,0.31,0.5,0.58,0.311,0.468,250,0.0,0.107,101,685,6,131,1,160640
2026-09-13 11:39:50,"Sun, 13 Sep 2026 11:39:46 GMT",15,80,4.3,9.4,day,143.8,28442,51036,15.81,869,274,67,54,0.24,0.43,0.44,0.654,0.378,255,0.04,0.392,100,2037,541,1884,0,147507
2026-09-13 11:40:15,"Sun, 13 Sep 2026 11:40:01 GMT",15,81,7.9,9.2,day,127.3,32975,55087,14.62,1004,315,79,30,0.42,0.43,0.45,0.287,0.24,251,0.0,0.207,110,2316,546,1684,0,141992
2026-09-13 11:40:56,"Sun, 13 Sep 2026 11:40:46 GMT",25,804,2.8,9.7,day,107.0,12774,35402,14.71,77,47,17,10,0.45,0.13,0.19,0.896,0.248,251,0.01,0.325,185,571,59,420,1,145265
2026-09-13 11:41:08,"Sun, 13 Sep 2026 11:41:02 GMT",25,805,1.9,9.5,day,106.4,7332,25803,14.57,66,38,16,10,0.41,0.23,0.31,0.899,0.248,248,0.0,0.35,84,291,39,217,1,144465
2026-09-13 11:42:26,"Sun, 13 Sep 2026 11:42:01 GMT",98,396,5.8,7.0,day,124.6,32171,54391,13.43,2619,36,96,54,0.51,0.91,0.93,0.443,0.557,253,0.0,0.096,58,2867,0,18,0,144675
2026-09-13 11:42:51,"Sun, 13 Sep 2026 11:42:47 GMT",79,249,3.7,6.1,day,149.9,41076,59168,18.4,3943,3,96,54,0.76,1.0,1.0,0.517,0.491,254,0.03,0.242,4,3948,12,1091,0,171011
2026-09-13 11:43:16,"Sun, 13 Sep 2026 11:43:02 GMT",79,250,2.2,6.5,day,153.3,31349,52632,18.58,2678,100,96,54,0.52,0.92,0.93,0.522,0.544,255,0.06,0.312,24,2899,21,1386,0,172212
2026-09-13 11:43:53,"Sun, 13 Sep 2026 11:43:46 GMT",15,82,4.5,9.4,day,135.1,37998,56202,15.23,2665,16,96,54,0.51,0.97,0.98,0.534,0.483,255,0.03,0.33,36,2744,710,2207,0,143168
2026-09-13 11:44:05,"Sun, 13 Sep 2026 11:44:01 GMT",15,83,3.7,9.6,day,134.5,29944,49206,15.14,1394,154,96,54,0.27,0.73,0.77,0.584,0.512,254,0.03,0.383,112,1905,780,2083,0,143237
2026-09-13 11:46:20,"Sun, 13 Sep 2026 11:46:01 GMT",146,211,2.5,7.6,day,147.7,4272,22064,15.88,27,27,14,6,0.32,0.18,0.28,0.5,0.39,218,0.0,0.202,52,147,1,45,0,157478
2026-09-13 11:46:59,"Sun, 13 Sep 2026 11:46:47 GMT",79,251,1.8,6.1,day,144.1,19805,43404,18.18,201,151,35,17,0.34,0.14,0.16,0.666,0.822,251,0.01,0.381,183,1390,38,1151,1,168821
2026-09-13 11:48:03,"Sun, 13 Sep 2026 11:48:02 GMT",15,84,3.2,10.4,day,134.9,37139,54511,15.33,2134,167,96,54,0.41,0.88,0.89,0.525,0.445,254,0.02,0.352,42,2438,924,2426,0,143996
2026-09-13 11:48:19,"Sun, 13 Sep 2026 11:48:02 GMT",15,85,2.3,10.4,day,134.9,28321,47801,15.33,176,157,29,21,0.29,0.12,0.13,0.407,0.812,254,0.04,0.396,150,1511,954,2115,1,143996
2026-09-13 11:49:19,"Sun, 13 Sep 2026 11:49:03 GMT",70,259,2.0,11.4,day,123.6,4134,17953,10.76,26,18,14,4,0.46,0.16,0.27,0.683,0.053,246,0.0,0.081,61,161,2,21,0,117617
2026-09-13 11:50:06,"Sun, 13 Sep 2026 11:50:02 GMT",146,212,2.3,7.7,day,146.1,30973,52727,15.84,1545,1297,96,28,0.57,0.52,0.52,0.569,0.781,254,0.01,0.208,37,2988,1,412,0,157132
2026-09-13 11:50:58,"Sun, 13 Sep 2026 11:50:47 GMT",79,252,1.6,5.8,day,142.5,30816,52118,18.17,2685,61,96,54,0.52,0.95,0.96,0.513,0.531,254,0.03,0.344,34,2817,66,1774,0,169072
2026-09-13 11:51:09,"Sun, 13 Sep 2026 11:51:01 GMT",79,253,1.2,5.8,day,142.2,21282,44683,18.19,473,180,60,36,0.22,0.32,0.34,0.669,0.727,253,0.04,0.425,158,1495,96,1436,0,169110
2026-09-13 11:51:57,"Sun, 13 Sep 2026 11:51:47 GMT",15,86,2.0,10.1,day,136.6,21518,43089,15.53,32,29,15,7,0.3,0.04,0.05,0.687,0.328,244,0.0,0.431,249,838,851,1562,0,145730
2026-09-13 11:52:09,"Sun, 13 Sep 2026 11:52:01 GMT",193,48,4.6,9.6,day,138.1,23855,46992,19.81,1360,55,96,43,0.33,0.77,0.82,0.472,0.685,254,0.03,0.384,125,1775,190,1424,0,166646
2026-09-13 11:53:01,"Sun, 13 Sep 2026 11:52:46 GMT",70,260,1.6,11.1,day,122.5,1295,5582,10.65,9,8,5,2,0.9,0.12,0.16,0.727,0.029,225,0.0,0.099,25,73,2,17,0,116736
2026-09-13 11:53:13,"Sun, 13 Sep 2026 11:53:01 GMT",70,261,1.1,11.1,day,122.5,669,3265,10.68,5,4,5,2,0.5,0.14,0.25,0.177,0.8,121,0.0,0.43,15,36,2,12,0,117100
2026-09-13 11:53:52,"Sun, 13 Sep 2026 11:53:46 GMT",146,213,1.7,7.6,day,145.6,9227,31361,15.83,16,11,7,5,0.46,0.05,0.11,0.378,0.779,250,0.06,0.371,158,301,2,189,0,156926
2026-09-13 11:54:04,"Sun, 13 Sep 2026 11:54:02 GMT",146,214,1.2,7.6,day,145.5,3653,20617,15.84,4,3,4,1,1.0,0.12,0.57,0.026,0.5,234,0.0,0.415,25,33,4,34,0,156855
2026-09-13 11:54:52,"Sun, 13 Sep 2026 11:54:47 GMT",79,254,1.2,6.1,day,142.7,15156,39877,18.26,33,27,22,6,0.25,0.04,0.06,0.592,0.32,246,0.0,0.425,233,734,112,784,0,169416
2026-09-13 11:55:07,"Sun, 13 Sep 2026 11:55:02 GMT",15,87,1.7,9.5,day,137.3,33038,52123,15.56,673,228,55,38,0.32,0.36,0.38,0.355,0.596,254,0.01,0.357,107,1867,1137,2509,1,146590
2026-09-13 11:55:55,"Sun, 13 Sep 2026 11:55:48 GMT",193,49,3.2,9.3,day,138.5,11321,30970,19.85,53,52,29,7,0.26,0.1,0.12,0.424,0.488,250,0.02,0.413,121,545,146,605,0,166763
2026-09-13 11:56:07,"Sun, 13 Sep 2026 11:56:02 GMT",193,50,2.2,9.3,day,138.4,7292,23653,19.79,36,34,28,4,0.32,0.13,0.18,0.511,0.265,238,0.0,0.323,89,275,71,295,0,166750
2026-09-13 11:57:14,"Sun, 13 Sep 2026 11:57:01 GMT",70,262,1.1,10.9,day,120.5,621,3375,10.58,10,10,7,2,0.71,0.29,0.43,0.649,0.031,235,0.0,0.096,13,34,0,1,0,116338
2026-09-13 11:59:24,"Sun, 13 Sep 2026 11:59:01 GMT",15,88,1.8,10.0,day,134.9,23931,45169,15.44,40,26,21,10,0.19,0.04,0.06,0.456,0.387,239,0.0,0.463,268,903,1143,1975,0,145163
2026-09-13 12:00:00,"Sun, 13 Sep 2026 11:59:47 GMT",193,51,1.6,8.9,day,138.6,5208,18889,19.76,14,13,9,2,0.78,0.09,0.17,0.483,0.27,238,0.0,0.336,69,152,75,196,0,166729
2026-09-13 12:00:12,"Sun, 13 Sep 2026 12:00:01 GMT",193,52,1.1,8.9,day,138.4,2214,11932,19.74,3,2,3,1,1.0,0.11,1.0,0.448,0.481,202,0.0,0.511,22,27,27,51,0,166924
2026-09-13 12:00:59,"Sun, 13 Sep 2026 12:00:46 GMT",70,263,1.0,10.7,day,121.8,586,2725,10.59,8,5,6,2,0.67,0.27,0.33,0.904,0.014,208,0.0,0.076,10,30,0,9,0,116644
2026-09-13 12:01:11,"Sun, 13 Sep 2026 12:01:01 GMT",70,264,0.7,10.7,day,122.0,330,1544,10.6,4,4,3,2,0.67,0.24,0.36,0.917,0.009,208,0.0,0.138,7,17,0,4,0,116651
2026-09-13 12:02:02,"Sun, 13 Sep 2026 12:01:46 GMT",146,215,1.1,7.5,day,147.0,1478,13630,15.86,2,2,2,1,1.0,0.12,0.0,0.984,0.167,237,0.0,0.19,13,16,1,10,0,157187
2026-09-13 12:02:14,"Sun, 13 Sep 2026 12:02:02 GMT",79,255,1.8,6.3,day,144.6,22220,46289,18.43,472,119,69,19,0.36,0.31,0.35,0.659,0.83,254,0.04,0.426,187,1501,181,1393,1,170416
2026-09-13 12:02:58,"Sun, 13 Sep 2026 12:02:46 GMT",15,89,2.1,9.4,day,137.3,31146,50077,15.44,201,181,31,22,0.29,0.13,0.14,0.859,0.541,252,0.02,0.408,163,1535,1320,2533,1,145110
2026-09-13 12:03:10,"Sun, 13 Sep 2026 12:03:01 GMT",15,90,1.5,9.4,day,137.3,21575,42144,15.5,16,13,7,6,0.38,0.03,0.06,0.699,0.318,232,0.0,0.476,287,570,1260,1802,0,145558
2026-09-13 12:03:58,"Sun, 13 Sep 2026 12:03:46 GMT",193,53,1.3,8.6,day,142.3,19421,40260,19.88,760,114,85,26,0.34,0.56,0.63,0.556,0.769,255,0.03,0.37,159,1349,111,1042,1,167625
2026-09-13 12:04:22,"Sun, 13 Sep 2026 12:04:02 GMT",193,54,1.1,8.5,day,142.4,13386,34283,19.89,67,49,18,13,0.29,0.11,0.14,0.591,0.889,249,0.0,0.479,184,638,76,658,1,167541
2026-09-13 12:05:02,"Sun, 13 Sep 2026 12:04:46 GMT",70,265,0.9,10.5,day,122.3,676,2507,10.65,6,6,5,2,0.6,0.15,0.21,0.92,0.015,212,0.0,0.153,15,39,0,11,0,117202
2026-09-13 12:05:13,"Sun, 13 Sep 2026 12:05:02 GMT",146,216,0.9,7.3,day,146.8,690,8460,15.9,2,2,2,1,1.0,0.18,0.0,0.234,0.5,149,0.0,0.155,8,11,0,6,0,157307
2026-09-13 12:06:05,"Sun, 13 Sep 2026 12:06:02 GMT",79,256,1.6,5.8,day,140.7,11220,34838,18.3,49,34,14,10,0.35,0.15,0.28,0.922,0.455,241,0.0,0.449,154,333,144,405,0,169177
2026-09-13 12:06:50,"Sun, 13 Sep 2026 12:06:47 GMT",15,91,1.9,10.0,day,136.2,30555,49911,15.49,178,164,40,20,0.22,0.14,0.15,0.633,0.839,252,0.02,0.415,188,1315,1477,2518,0,145496
2026-09-13 12:07:02,"Sun, 13 Sep 2026 12:07:01 GMT",15,92,1.3,10.0,day,136.3,23428,44404,15.4,49,30,18,13,0.21,0.08,0.13,0.652,0.751,243,0.0,0.36,252,620,1385,1914,0,144840
2026-09-13 12:07:14,"Sun, 13 Sep 2026 12:07:01 GMT",15,93,0.9,10.0,day,136.3,15109,36015,15.4,7,5,2,4,0.88,0.05,0.2,0.265,0.228,183,0.0,0.309,100,139,947,1067,0,144840
2026-09-13 12:07:50,"Sun, 13 Sep 2026 12:07:47 GMT",193,55,1.1,8.5,day,141.1,9880,28054,19.79,40,37,9,9,0.49,0.1,0.14,0.032,0.221,249,0.0,0.409,131,413,96,462,0,166856
2026-09-13 12:08:13,"Sun, 13 Sep 2026 12:08:01 GMT",171,2,5.2,11.8,day,142.9,37081,58719,17.84,3313,36,96,54,0.64,0.96,0.97,0.465,0.555,255,0.01,0.06,37,3437,0,0,0,142328
2026-09-13 12:08:57,"Sun, 13 Sep 2026 12:08:46 GMT",14,6,7.9,11.2,day,120.1,23731,49632,13.61,1670,34,96,48,0.36,0.84,0.87,0.385,0.669,252,0.0,0.204,86,1988,0,0,0,139629
2026-09-13 12:09:09,"Sun, 13 Sep 2026 12:09:01 GMT",146,217,0.9,7.5,day,147.3,1510,12474,15.93,3,2,3,2,0.5,0.18,1.0,0.271,0.543,156,0.0,0.108,13,17,0,7,0,157570
2026-09-13 12:09:56,"Sun, 13 Sep 2026 12:09:47 GMT",79,257,1.3,6.1,day,143.4,20531,44799,18.46,219,97,29,22,0.34,0.17,0.2,0.772,0.819,254,0.03,0.417,200,1254,236,1268,1,170621
2026-09-13 12:10:08,"Sun, 13 Sep 2026 12:10:01 GMT",79,258,1.0,6.1,day,143.7,11127,34493,18.48,8,8,8,1,1.0,0.03,0.09,0.557,0.333,245,0.0,0.476,159,255,204,455,0,170600
2026-09-13 12:10:55,"Sun, 13 Sep 2026 12:10:47 GMT",15,94,1.9,9.7,day,136.9,30838,49831,15.56,310,120,39,30,0.26,0.23,0.26,0.354,0.595,253,0.01,0.365,193,1334,1503,2538,1,145486
2026-09-13 12:11:07,"Sun, 13 Sep 2026 12:11:02 GMT",15,95,1.3,9.5,day,136.8,22330,42594,15.57,67,12,16,15,0.28,0.13,0.25,0.328,0.679,254,0.01,0.327,252,531,1367,1813,0,145914
2026-09-13 12:23:50,"Sun, 13 Sep 2026 12:23:47 GMT",70,266,2.1,10.0,day,127.3,1557,7699,10.99,8,7,6,3,0.44,0.12,0.19,0.188,0.794,173,0.0,0.355,28,68,1,15,0,118923
2026-09-13 12:24:06,"Sun, 13 Sep 2026 12:24:03 GMT",70,267,1.6,10.0,day,126.9,876,4224,10.95,4,4,4,1,1.0,0.1,0.17,0.932,0.037,235,0.0,0.127,21,42,1,8,0,118708
2026-09-13 12:24:57,"Sun, 13 Sep 2026 12:24:47 GMT",146,218,2.6,6.7,day,137.8,7017,27680,15.45,18,16,6,7,0.43,0.09,0.15,0.563,0.674,219,0.0,0.174,93,208,1,73,0,154658
2026-09-13 12:25:09,"Sun, 13 Sep 2026 12:25:01 GMT",6,592,3.9,5.9,day,113.9,27428,49848,15.19,736,210,82,37,0.24,0.39,0.42,0.475,0.56,251,0.0,0.408,169,1882,473,2076,0,152225
2026-09-13 12:25:49,"Sun, 13 Sep 2026 12:25:46 GMT",59,443,8.5,9.0,day,112.1,43768,62476,12.82,2214,41,96,54,0.43,0.87,0.89,0.459,0.473,252,0.0,0.34,76,2541,1386,2994,0,133005
2026-09-13 12:26:13,"Sun, 13 Sep 2026 12:26:02 GMT",59,444,5.0,7.3,day,121.7,35930,54544,13.85,1418,63,96,54,0.27,0.76,0.79,0.456,0.471,254,0.0,0.376,108,1873,1436,2840,0,138235
2026-09-13 12:27:01,"Sun, 13 Sep 2026 12:26:47 GMT",193,56,3.0,8.1,day,148.8,29904,49660,20.05,2487,32,96,54,0.48,0.93,0.95,0.5,0.552,255,0.05,0.303,49,2666,133,1390,0,170431
2026-09-13 12:27:13,"Sun, 13 Sep 2026 12:27:04 GMT",193,57,3.3,9.4,day,138.3,19824,42576,19.34,714,58,74,26,0.37,0.53,0.61,0.645,0.767,254,0.02,0.409,181,1339,134,1104,1,166536
2026-09-13 12:28:00,"Sun, 13 Sep 2026 12:27:49 GMT",149,182,6.1,6.8,day,116.6,9066,27573,9.87,79,50,26,8,0.38,0.15,0.2,0.114,0.36,218,0.0,0.139,131,514,0,21,1,111547
2026-09-13 12:28:12,"Sun, 13 Sep 2026 12:28:01 GMT",146,219,2.0,6.0,day,149.0,30754,50069,16.17,2880,23,96,54,0.56,0.96,0.97,0.536,0.511,254,0.02,0.198,34,2998,2,265,0,157441
2026-09-13 12:28:51,"Sun, 13 Sep 2026 12:28:46 GMT",79,259,1.7,5.9,day,143.4,32808,53176,18.85,1600,1168,96,37,0.45,0.56,0.56,0.603,0.719,254,0.02,0.356,27,2875,297,1838,0,172478
2026-09-13 12:29:03,"Sun, 13 Sep 2026 12:29:02 GMT",79,260,1.1,5.9,day,142.8,21547,44270,18.8,377,69,69,18,0.3,0.28,0.32,0.686,0.857,254,0.06,0.433,203,1346,321,1434,1,172347
2026-09-13 12:29:15,"Sun, 13 Sep 2026 12:29:02 GMT",79,261,0.8,5.9,day,142.8,12666,35286,18.8,7,7,5,2,0.7,0.02,0.07,0.448,0.013,196,0.0,0.382,220,339,258,584,0,172347
2026-09-13 12:29:51,"Sun, 13 Sep 2026 12:29:47 GMT",15,96,2.3,9.2,day,136.3,36060,53002,16.08,1175,100,96,48,0.25,0.67,0.7,0.569,0.609,255,0.02,0.359,103,1759,1588,2670,0,148224
2026-09-13 12:30:18,"Sun, 13 Sep 2026 12:30:02 GMT",15,97,1.6,9.2,day,136.4,26469,45998,16.04,30,29,17,7,0.25,0.03,0.04,0.178,0.597,241,0.0,0.427,260,878,1482,2191,0,148184
2026-09-13 12:30:54,"Sun, 13 Sep 2026 12:30:46 GMT",193,58,2.6,9.1,day,138.6,11053,30199,19.67,37,24,22,5,0.34,0.08,0.1,0.492,0.272,240,0.0,0.456,141,493,125,540,0,166471
2026-09-13 12:31:06,"Sun, 13 Sep 2026 12:31:02 GMT",142,3,6.4,10.6,day,156.3,34546,52417,12.29,2853,71,96,54,0.55,0.93,0.94,0.447,0.528,255,0.01,0.109,30,3053,0,0,0,121408
2026-09-13 12:31:58,"Sun, 13 Sep 2026 12:31:46 GMT",57,9,9.1,10.5,day,143.8,37036,58510,16.03,1711,1596,96,33,0.54,0.51,0.51,0.456,0.245,250,0.0,0.306,30,3352,0,1930,0,149759
2026-09-13 12:32:09,"Sun, 13 Sep 2026 12:32:02 GMT",146,220,1.2,6.7,day,146.7,4048,20207,16.18,10,8,4,4,0.62,0.12,0.19,0.012,0.493,242,0.0,0.306,38,85,1,46,0,158793
2026-09-13 12:32:53,"Sun, 13 Sep 2026 12:32:47 GMT",79,262,0.8,5.7,day,142.9,23938,45885,18.93,516,90,66,22,0.36,0.33,0.36,0.639,0.815,254,0.04,0.419,181,1574,384,1593,1,172913
2026-09-13 12:33:05,"Sun, 13 Sep 2026 12:33:01 GMT",79,263,0.8,5.7,day,142.7,17660,40057,18.84,94,34,19,14,0.35,0.12,0.17,0.91,0.456,252,0.01,0.43,243,752,393,1026,1,172038
2026-09-13 12:33:54,"Sun, 13 Sep 2026 12:33:47 GMT",15,98,1.4,9.5,day,136.5,28248,47178,16.21,64,24,18,15,0.24,0.07,0.09,0.72,0.788,244,0.0,0.446,256,937,1611,2399,0,148700
2026-09-13 12:34:06,"Sun, 13 Sep 2026 12:34:01 GMT",15,99,0.8,9.5,day,136.6,19768,39808,16.08,11,10,5,5,0.44,0.04,0.16,0.973,0.554,232,0.0,0.396,176,261,1301,1544,0,148447
2026-09-13 12:34:57,"Sun, 13 Sep 2026 12:34:47 GMT",193,59,2.5,8.4,day,147.4,18982,39824,20.2,686,69,87,24,0.33,0.54,0.59,0.547,0.777,254,0.04,0.415,145,1265,187,1161,1,168996
2026-09-13 12:35:09,"Sun, 13 Sep 2026 12:35:01 GMT",70,268,2.4,8.7,day,127.4,924,5590,10.97,7,5,7,2,0.5,0.15,0.33,0.125,0.728,205,0.0,0.335,25,48,0,14,0,118660
2026-09-13 12:43:53,"Sun, 13 Sep 2026 12:43:47 GMT",146,221,1.2,6.3,day,145.3,3233,17024,16.35,7,5,5,2,0.7,0.11,0.32,0.522,0.008,231,0.0,0.323,33,61,2,41,0,159646
2026-09-13 12:44:06,"Sun, 13 Sep 2026 12:44:02 GMT",146,222,0.9,6.3,day,145.3,1238,9975,16.35,5,2,5,2,0.5,0.24,1.0,0.521,0.007,228,0.0,0.371,12,21,0,17,0,159564
2026-09-13 12:44:51,"Sun, 13 Sep 2026 12:44:47 GMT",79,264,0.8,5.3,day,143.0,8839,29676,19.16,16,12,8,8,0.25,0.07,0.14,0.836,0.539,244,0.0,0.423,108,215,146,319,0,174659
2026-09-13 12:45:03,"Sun, 13 Sep 2026 12:45:01 GMT",15,100,0.9,8.8,day,136.6,21726,41435,16.46,47,13,12,11,0.36,0.09,0.16,0.734,0.797,252,0.02,0.398,232,509,1336,1747,0,150029
2026-09-13 12:45:56,"Sun, 13 Sep 2026 12:45:47 GMT",193,60,2.1,7.8,day,149.1,15194,35213,20.19,337,115,52,23,0.28,0.39,0.46,0.391,0.805,255,0.06,0.409,148,861,204,879,0,168474
2026-09-13 12:46:09,"Sun, 13 Sep 2026 12:46:01 GMT",193,61,1.5,7.6,day,149.0,9296,25668,20.18,83,30,21,11,0.36,0.2,0.24,0.752,0.731,248,0.0,0.464,107,422,161,524,1,168287
2026-09-13 12:46:54,"Sun, 13 Sep 2026 12:46:50 GMT",70,269,2.5,8.0,day,126.2,1167,8171,10.98,6,3,4,3,0.5,0.18,0.29,0.231,0.043,213,0.0,0.12,16,34,0,3,0,118698
2026-09-13 12:47:10,"Sun, 13 Sep 2026 12:47:01 GMT",70,270,1.8,8.0,day,126.2,535,4412,11.0,3,3,2,3,0.5,0.19,0.5,0.226,0.037,218,0.0,0.164,10,16,0,1,0,118662
2026-09-13 12:48:03,"Sun, 13 Sep 2026 12:47:47 GMT",146,223,0.8,6.3,day,147.4,1003,8852,16.46,4,1,4,2,0.5,0.31,1.0,0.505,0.005,227,0.0,0.346,10,13,0,10,0,160184
2026-09-13 12:48:16,"Sun, 13 Sep 2026 12:48:02 GMT",79,265,0.8,5.4,day,142.6,8770,29892,19.08,11,11,7,2,0.79,0.06,0.14,0.376,0.012,239,0.0,0.34,107,189,104,257,0,172662
2026-09-13 12:49:10,"Sun, 13 Sep 2026 12:49:02 GMT",15,101,1.0,8.8,day,136.2,23790,43204,16.55,18,15,8,8,0.28,0.03,0.05,0.634,0.87,236,0.0,0.285,271,596,1461,1972,0,150200
2026-09-13 12:49:59,"Sun, 13 Sep 2026 12:49:48 GMT",193,62,1.3,7.3,day,148.6,5587,19638,20.25,16,15,14,3,0.38,0.11,0.2,0.473,0.274,243,0.0,0.514,69,145,79,212,0,168635
2026-09-13 12:50:12,"Sun, 13 Sep 2026 12:50:01 GMT",193,63,1.1,7.1,day,148.5,4609,17377,20.44,41,12,11,10,0.37,0.29,0.45,0.034,0.209,251,0.05,0.433,51,142,65,169,0,169863
2026-09-13 12:50:49,"Sun, 13 Sep 2026 12:50:47 GMT",70,271,1.4,8.0,day,125.5,435,5932,10.97,2,1,2,1,1.0,0.29,0.0,0.068,0.426,216,0.0,0.288,6,7,0,2,0,118501
2026-09-13 12:51:05,"Sun, 13 Sep 2026 12:51:02 GMT",14,7,7.4,10.9,day,122.7,18828,41552,14.22,490,336,40,37,0.33,0.35,0.38,0.149,0.685,248,0.0,0.269,145,1406,0,398,1,143587
2026-09-13 12:51:54,"Sun, 13 Sep 2026 12:51:47 GMT",146,224,0.7,6.1,day,146.3,1030,8435,16.53,8,2,6,2,0.67,0.4,1.0,0.503,0.007,202,0.0,0.297,12,20,0,13,0,160862
2026-09-13 12:52:07,"Sun, 13 Sep 2026 12:52:01 GMT",79,266,0.9,5.2,day,144.0,8348,29287,19.3,11,7,6,2,0.92,0.07,0.15,0.371,0.01,251,0.09,0.366,85,157,107,244,0,174629
2026-09-13 12:52:56,"Sun, 13 Sep 2026 12:52:49 GMT",15,102,0.9,8.5,day,137.4,16863,36979,16.75,11,9,6,6,0.31,0.06,0.16,0.719,0.727,248,0.0,0.527,124,199,1016,1200,0,151364
2026-09-13 12:53:09,"Sun, 13 Sep 2026 12:53:01 GMT",15,103,0.6,8.6,day,137.4,9540,28433,16.72,6,4,3,4,0.5,0.12,0.38,0.948,0.596,215,0.0,0.446,35,50,365,409,0,151412
2026-09-13 12:54:02,"Sun, 13 Sep 2026 12:53:46 GMT",193,64,1.0,7.1,day,147.9,9744,28247,20.25,42,26,7,16,0.38,0.11,0.17,0.021,0.148,251,0.02,0.445,136,389,106,431,0,168419
2026-09-13 12:54:15,"Sun, 13 Sep 2026 12:54:02 GMT",193,65,0.7,7.1,day,147.8,4945,19589,20.32,33,12,9,10,0.37,0.25,0.38,0.026,0.191,249,0.0,0.438,46,132,57,167,0,168631
2026-09-13 12:54:56,"Sun, 13 Sep 2026 12:54:47 GMT",70,272,1.2,7.7,day,124.8,326,2612,10.95,2,2,2,1,1.0,0.2,0.0,0.099,0.741,185,0.0,0.345,7,10,0,3,0,118206
2026-09-13 12:55:09,"Sun, 13 Sep 2026 12:55:01 GMT",146,225,0.7,6.0,day,145.5,844,6833,16.54,4,2,3,2,0.67,0.33,1.0,0.508,0.009,203,0.0,0.375,8,12,0,11,0,160845
2026-09-13 12:58:08,"Sun, 13 Sep 2026 12:58:01 GMT",142,4,9.8,11.0,day,157.4,39447,55867,13.83,3431,2,96,54,0.66,1.0,1.0,0.467,0.534,255,0.02,0.142,9,3441,0,0,0,123755
2026-09-13 12:58:49,"Sun, 13 Sep 2026 12:58:47 GMT",146,226,2.9,6.2,day,144.9,37664,54372,15.84,3508,13,96,54,0.68,0.98,0.99,0.528,0.492,254,0.01,0.174,22,3563,0,142,0,146655
2026-09-13 12:59:13,"Sun, 13 Sep 2026 12:59:02 GMT",146,227,0.8,5.9,day,144.3,6926,26624,16.6,9,8,6,3,0.5,0.05,0.1,0.494,0.01,213,0.0,0.351,110,197,0,62,0,161169
2026-09-13 12:59:50,"Sun, 13 Sep 2026 12:59:46 GMT",79,267,0.8,5.1,day,143.8,3548,17253,19.52,8,7,5,2,0.8,0.11,0.23,0.346,0.007,242,0.0,0.212,44,76,30,81,0,176371
2026-09-13 13:01:55,"Sun, 13 Sep 2026 13:01:46 GMT",193,66,1.1,7.1,day,148.5,6966,22084,20.39,23,18,13,3,0.59,0.09,0.14,0.284,0.312,234,0.0,0.43,105,258,85,290,0,168641
2026-09-13 13:02:07,"Sun, 13 Sep 2026 13:02:01 GMT",70,273,1.5,7.2,day,123.9,424,2958,11.01,2,2,2,1,1.0,0.13,0.0,0.224,0.037,217,0.0,0.166,9,15,0,3,0,118621
2026-09-13 13:02:48,"Sun, 13 Sep 2026 13:02:46 GMT",146,228,1.1,5.7,day,146.0,7665,27773,16.76,12,11,6,4,0.5,0.06,0.16,0.397,0.77,250,0.08,0.376,132,215,0,96,0,161652
2026-09-13 13:03:05,"Sun, 13 Sep 2026 13:03:02 GMT",146,229,0.7,5.8,day,145.9,1820,14263,16.74,4,3,2,3,0.67,0.14,0.4,0.693,0.588,244,0.0,0.158,17,28,2,12,0,161560
2026-09-13 13:03:59,"Sun, 13 Sep 2026 13:03:47 GMT",79,268,0.9,5.0,day,145.2,4361,19129,19.66,23,9,10,7,0.33,0.2,0.38,0.849,0.593,226,0.0,0.327,49,114,29,103,0,176600
2026-09-13 13:04:11,"Sun, 13 Sep 2026 13:04:01 GMT",79,269,0.8,4.9,day,145.0,2107,12076,19.66,4,3,3,4,0.33,0.13,0.25,0.844,0.565,205,0.0,0.519,19,31,13,38,0,176775
2026-09-13 13:04:56,"Sun, 13 Sep 2026 13:04:46 GMT",15,104,3.6,8.9,day,136.6,25426,44999,17.31,157,78,35,11,0.41,0.17,0.23,0.58,0.19,248,0.0,0.195,268,945,1206,1782,0,153731
2026-09-13 13:05:12,"Sun, 13 Sep 2026 13:05:01 GMT",193,67,1.8,7.0,day,147.2,5794,16014,20.65,138,8,29,15,0.32,0.54,0.7,0.233,0.433,252,0.04,0.274,64,255,55,197,1,171057
2026-09-13 13:05:57,"Sun, 13 Sep 2026 13:05:49 GMT",70,274,1.9,6.4,day,125.0,1022,3453,11.21,15,13,6,4,0.62,0.29,0.34,0.907,0.549,180,0.0,0.063,11,51,0,6,0,119710
2026-09-13 13:06:09,"Sun, 13 Sep 2026 13:06:01 GMT",70,275,1.4,6.4,day,124.9,949,2738,11.23,18,13,8,4,0.56,0.34,0.38,0.877,0.542,196,0.0,0.086,9,53,0,4,0,119850
2026-09-13 13:07:03,"Sun, 13 Sep 2026 13:06:47 GMT",146,230,0.9,5.8,day,146.4,3789,19534,16.88,20,8,13,4,0.38,0.19,0.31,0.388,0.362,247,0.0,0.206,42,106,4,40,0,162700
2026-09-13 13:07:15,"Sun, 13 Sep 2026 13:07:01 GMT",146,231,0.7,5.7,day,146.2,4152,21232,16.9,19,4,13,4,0.37,0.22,0.41,0.387,0.362,245,0.0,0.247,41,88,3,39,0,162723
2026-09-13 13:08:00,"Sun, 13 Sep 2026 13:07:47 GMT",79,270,9.6,11.4,day,143.8,31765,53608,20.8,2491,35,96,54,0.48,0.93,0.95,0.498,0.542,255,0.05,0.293,64,2680,91,1307,0,179496
2026-09-13 13:08:53,"Sun, 13 Sep 2026 13:08:46 GMT",193,68,2.1,7.2,day,146.6,19246,39780,20.82,869,23,95,40,0.23,0.66,0.75,0.518,0.69,254,0.04,0.343,170,1318,92,827,0,170721
2026-09-13 13:09:05,"Sun, 13 Sep 2026 13:09:02 GMT",193,69,1.4,7.3,day,146.4,13570,33428,20.83,70,67,18,15,0.26,0.1,0.13,0.189,0.362,247,0.0,0.298,175,696,107,601,1,170578
2026-09-13 13:09:59,"Sun, 13 Sep 2026 13:09:47 GMT",70,276,2.0,6.3,day,123.2,1468,5060,11.25,32,28,9,6,0.59,0.31,0.34,0.631,0.604,201,0.0,0.064,15,103,0,8,0,119672
2026-09-13 13:17:32,"Sun, 13 Sep 2026 13:17:01 GMT",193,70,3.7,8.0,day,146.0,10499,26202,21.09,323,33,54,24,0.25,0.54,0.63,0.273,0.459,254,0.08,0.222,91,594,73,318,0,171273
2026-09-13 13:18:00,"Sun, 13 Sep 2026 13:17:47 GMT",70,277,1.9,5.7,day,122.4,1513,5414,11.18,35,20,15,5,0.47,0.36,0.42,0.131,0.832,229,0.0,0.209,19,98,0,13,0,119351
2026-09-13 13:18:12,"Sun, 13 Sep 2026 13:18:03 GMT",146,232,1.2,5.4,day,145.1,3747,14754,17.12,20,20,12,4,0.42,0.11,0.14,0.885,0.343,244,0.0,0.178,47,177,2,54,0,163884
2026-09-13 13:19:00,"Sun, 13 Sep 2026 13:18:47 GMT",79,271,2.9,4.8,day,143.2,13329,34673,20.11,314,25,41,20,0.38,0.46,0.55,0.308,0.571,248,0.0,0.251,123,678,68,377,1,178500
2026-09-13 13:19:55,"Sun, 13 Sep 2026 13:19:46 GMT",15,105,3.3,7.1,day,136.2,27142,46749,17.54,260,74,41,28,0.23,0.22,0.25,0.796,0.748,255,0.04,0.342,205,1200,1228,1940,0,155135
2026-09-13 13:20:07,"Sun, 13 Sep 2026 13:20:01 GMT",15,106,2.7,7.2,day,135.8,20848,41679,17.62,72,34,14,16,0.32,0.11,0.15,0.494,0.849,255,0.03,0.33,207,662,965,1425,1,155463
2026-09-13 13:20:55,"Sun, 13 Sep 2026 13:20:47 GMT",193,71,2.7,7.3,day,145.4,10155,27380,21.47,171,69,47,12,0.3,0.32,0.39,0.408,0.53,255,0.13,0.234,108,537,71,316,1,172784
2026-09-13 13:21:06,"Sun, 13 Sep 2026 13:21:02 GMT",70,278,2.1,4.9,day,120.8,987,4410,11.06,20,9,10,4,0.5,0.33,0.44,0.151,0.825,218,0.0,0.282,16,61,0,14,0,118834
2026-09-13 13:21:50,"Sun, 13 Sep 2026 13:21:46 GMT",146,233,1.0,5.1,day,146.2,5707,23484,17.26,17,17,10,5,0.34,0.1,0.15,0.894,0.339,237,0.0,0.226,58,162,2,56,0,165457
2026-09-13 13:22:14,"Sun, 13 Sep 2026 13:22:02 GMT",146,234,0.7,5.1,day,146.1,3252,18473,17.28,17,10,12,4,0.35,0.25,0.35,0.329,0.573,232,0.0,0.222,26,69,1,28,0,165631
2026-09-13 13:22:49,"Sun, 13 Sep 2026 13:22:47 GMT",79,272,2.5,4.7,day,147.4,22452,45733,20.34,605,87,79,33,0.23,0.39,0.43,0.53,0.704,254,0.04,0.35,190,1557,105,1079,0,179328
2026-09-13 13:23:13,"Sun, 13 Sep 2026 13:23:01 GMT",79,273,1.8,4.7,day,147.2,14268,38980,20.33,47,24,17,9,0.31,0.08,0.11,0.267,0.646,251,0.02,0.434,233,619,105,624,0,179556
2026-09-13 13:23:57,"Sun, 13 Sep 2026 13:23:46 GMT",15,107,2.6,6.5,day,136.8,38406,55049,17.45,1700,180,96,54,0.33,0.78,0.8,0.554,0.583,255,0.03,0.324,69,2183,1453,2649,0,155071
2026-09-13 13:24:09,"Sun, 13 Sep 2026 13:24:02 GMT",193,72,1.7,7.1,day,146.0,26633,46516,21.17,1568,401,96,35,0.47,0.68,0.69,0.516,0.726,255,0.06,0.296,66,2320,101,1016,0,170753
2026-09-13 13:24:56,"Sun, 13 Sep 2026 13:24:48 GMT",70,279,2.2,4.2,day,121.4,1508,11239,11.12,17,4,9,5,0.38,0.42,0.81,0.15,0.825,216,0.0,0.317,19,40,1,12,0,119343
2026-09-13 13:25:08,"Sun, 13 Sep 2026 13:25:02 GMT",70,280,1.4,4.4,day,121.4,539,5593,11.16,4,4,3,2,0.67,0.2,0.36,0.677,0.009,221,0.0,0.112,11,20,0,7,0,119453
2026-09-13 13:25:51,"Sun, 13 Sep 2026 13:25:47 GMT",146,235,0.7,4.8,day,145.4,12572,34152,17.42,19,19,8,10,0.24,0.03,0.05,0.796,0.883,243,0.0,0.179,217,563,2,100,0,166025
2026-09-13 13:26:03,"Sun, 13 Sep 2026 13:26:01 GMT",146,236,0.6,4.8,day,145.4,5755,24705,17.42,4,4,3,2,0.67,0.04,0.24,0.458,0.014,209,0.0,0.367,64,89,1,54,0,166030
2026-09-13 13:26:51,"Sun, 13 Sep 2026 13:26:46 GMT",79,274,1.5,4.7,day,149.2,12317,36407,20.46,26,21,15,3,0.58,0.06,0.12,0.3,0.021,244,0.0,0.299,206,422,107,470,0,179969
2026-09-13 13:27:06,"Sun, 13 Sep 2026 13:27:01 GMT",121,67,8.5,8.6,day,145.2,47290,63457,17.13,1925,262,96,42,0.48,0.78,0.8,0.516,0.319,253,0.02,0.401,84,2475,1893,3825,0,146201
2026-09-13 13:28:02,"Sun, 13 Sep 2026 13:28:01 GMT",193,73,1.3,6.8,day,147.2,7509,22571,21.43,26,14,14,6,0.31,0.08,0.12,0.372,0.563,253,0.19,0.316,111,309,68,268,0,172814
2026-09-13 13:28:14,"Sun, 13 Sep 2026 13:28:01 GMT",193,74,0.9,6.8,day,147.2,3784,15449,21.43,10,8,8,2,0.62,0.09,0.19,0.73,0.209,246,0.0,0.384,57,109,37,117,0,172814
2026-09-13 13:28:49,"Sun, 13 Sep 2026 13:28:46 GMT",70,281,1.0,4.4,day,122.0,480,2509,11.37,7,3,5,3,0.47,0.39,0.7,0.048,0.804,245,0.0,0.254,8,18,0,2,0,120335
2026-09-13 13:32:17,"Sun, 13 Sep 2026 13:31:46 GMT",193,75,1.1,6.5,day,147.4,5134,18133,21.42,16,11,5,7,0.46,0.08,0.13,0.169,0.348,253,0.19,0.286,80,191,41,176,0,172074
2026-09-13 13:32:54,"Sun, 13 Sep 2026 13:32:46 GMT",70,282,0.8,4.3,day,121.7,374,1959,11.28,5,2,4,2,0.62,0.33,1.0,0.258,0.681,219,0.0,0.216,9,15,0,4,0,119128
2026-09-13 13:33:10,"Sun, 13 Sep 2026 13:33:01 GMT",70,283,0.7,4.3,day,121.6,220,1271,11.27,2,1,2,1,1.0,0.22,0.0,0.182,0.796,90,0.0,0.513,8,9,0,4,0,119204
2026-09-13 13:33:53,"Sun, 13 Sep 2026 13:33:47 GMT",146,237,0.9,4.4,day,144.3,1961,9649,17.65,15,9,13,3,0.38,0.17,0.25,0.324,0.577,224,0.0,0.289,33,88,1,62,0,167221
2026-09-13 13:34:05,"Sun, 13 Sep 2026 13:34:01 GMT",79,275,1.4,5.1,day,146.8,6955,27331,20.72,18,14,12,3,0.5,0.09,0.16,0.274,0.023,222,0.0,0.304,88,194,41,185,0,180919
2026-09-13 13:35:06,"Sun, 13 Sep 2026 13:35:02 GMT",15,108,2.3,6.1,day,137.7,30532,49615,17.73,233,161,54,20,0.22,0.16,0.17,0.574,0.758,249,0.0,0.366,161,1450,1408,2353,0,155974
2026-09-13 13:35:55,"Sun, 13 Sep 2026 13:35:45 GMT",193,76,1.5,5.8,day,146.9,8093,24800,21.62,47,39,13,10,0.36,0.14,0.2,0.056,0.198,255,0.06,0.397,100,333,55,305,0,172657
2026-09-13 13:36:07,"Sun, 13 Sep 2026 13:36:02 GMT",193,77,1.1,5.8,day,146.8,4934,18681,21.64,28,19,10,6,0.47,0.16,0.25,0.149,0.337,254,0.39,0.332,64,171,50,188,0,173478
2026-09-13 13:37:01,"Sun, 13 Sep 2026 13:36:46 GMT",70,284,1.3,3.6,day,121.5,334,1705,11.34,3,2,3,1,1.0,0.43,1.0,0.188,0.704,189,0.0,0.358,4,7,0,5,0,119985
2026-09-13 13:37:13,"Sun, 13 Sep 2026 13:37:01 GMT",146,238,0.9,4.2,day,144.0,1561,6710,17.8,15,9,12,3,0.42,0.2,0.27,0.328,0.575,224,0.0,0.337,24,75,0,53,0,167625
2026-09-13 13:37:49,"Sun, 13 Sep 2026 13:37:47 GMT",79,276,1.3,5.1,day,147.2,8849,29939,20.86,29,8,16,3,0.6,0.12,0.22,0.279,0.024,241,0.0,0.308,123,247,55,246,0,181461
2026-09-13 13:38:06,"Sun, 13 Sep 2026 13:38:02 GMT",79,277,0.9,5.1,day,147.3,3708,20062,20.87,6,6,5,2,0.6,0.1,0.32,0.231,0.022,209,0.0,0.292,35,58,12,57,0,181356
2026-09-13 13:38:55,"Sun, 13 Sep 2026 13:38:47 GMT",15,109,1.7,6.0,day,136.6,23034,43456,17.86,85,43,29,13,0.23,0.11,0.15,0.657,0.759,248,0.0,0.405,259,796,1166,1786,0,156172
2026-09-13 13:39:20,"Sun, 13 Sep 2026 13:39:03 GMT",15,110,1.4,6.0,day,136.5,16480,37800,17.91,18,14,7,6,0.43,0.05,0.1,0.932,0.577,247,0.0,0.451,184,362,783,1084,0,156191
2026-09-13 13:39:57,"Sun, 13 Sep 2026 13:39:46 GMT",193,78,1.4,5.2,day,147.5,6246,21459,21.52,25,18,5,13,0.38,0.11,0.17,0.014,0.144,248,0.0,0.428,74,219,56,232,0,172258
2026-09-13 13:40:09,"Sun, 13 Sep 2026 13:40:01 GMT",70,285,1.7,2.9,day,122.7,316,2895,11.48,3,3,3,1,1.0,0.23,0.33,0.188,0.704,191,0.0,0.396,6,13,0,7,0,121348
2026-09-13 13:40:59,"Sun, 13 Sep 2026 13:40:47 GMT",146,239,1.0,4.0,day,144.1,12097,33763,17.73,29,23,12,8,0.3,0.06,0.09,0.745,0.637,249,0.0,0.192,186,490,0,90,0,166214
2026-09-13 13:41:52,"Sun, 13 Sep 2026 13:41:46 GMT",79,278,1.1,5.1,day,147.1,22747,45128,20.92,750,155,74,33,0.31,0.44,0.47,0.71,0.734,255,0.06,0.318,151,1708,77,903,1,181448
2026-09-13 13:42:08,"Sun, 13 Sep 2026 13:42:05 GMT",79,279,0.8,5.1,day,147.0,10974,33242,20.96,19,9,10,6,0.32,0.06,0.15,0.138,0.035,250,0.05,0.386,181,304,70,311,0,181674
2026-09-13 13:42:49,"Sun, 13 Sep 2026 13:42:47 GMT",15,111,1.4,5.9,day,137.1,25983,45710,17.96,169,82,35,21,0.23,0.14,0.17,0.656,0.772,253,0.01,0.393,209,1168,1179,2005,0,156738
2026-09-13 13:43:14,"Sun, 13 Sep 2026 13:43:02 GMT",20,5,9.4,9.6,day,150.0,45475,62434,16.11,4216,11,96,54,0.81,1.0,1.0,0.513,0.505,253,0.01,0.189,4,4231,0,0,0,144534
2026-09-13 13:43:54,"Sun, 13 Sep 2026 13:43:46 GMT",172,2,3.7,10.8,day,147.1,43162,60630,21.39,4047,4,96,54,0.78,1.0,1.0,0.48,0.504,255,0.04,0.06,13,4064,0,0,0,167642
2026-09-13 13:44:07,"Sun, 13 Sep 2026 13:44:01 GMT",70,286,1.3,3.0,day,119.8,383,3353,11.29,3,2,3,1,1.0,0.27,1.0,0.135,0.722,182,0.0,0.276,7,11,0,6,0,119564
2026-09-13 13:46:24,"Sun, 13 Sep 2026 13:46:02 GMT",79,280,0.9,5.1,day,148.0,12322,34564,21.05,21,17,8,6,0.44,0.04,0.07,0.954,0.609,245,0.0,0.327,198,468,73,399,0,181805
2026-09-13 13:47:04,"Sun, 13 Sep 2026 13:47:01 GMT",193,79,2.4,4.0,day,141.5,10438,30466,21.5,26,20,12,7,0.31,0.06,0.09,0.365,0.525,252,0.08,0.372,155,436,61,347,0,172214
2026-09-13 13:48:01,"Sun, 13 Sep 2026 13:47:46 GMT",70,287,1.5,2.7,day,120.4,309,2222,11.38,3,3,3,1,1.0,0.23,0.33,0.979,0.444,169,0.0,0.084,6,13,0,7,0,120319
2026-09-13 13:48:13,"Sun, 13 Sep 2026 13:48:02 GMT",70,288,1.1,2.8,day,120.3,145,1008,11.38,2,2,2,2,0.5,0.29,0.0,0.057,0.806,186,0.0,0.38,5,7,0,6,0,120346
2026-09-13 13:48:49,"Sun, 13 Sep 2026 13:48:46 GMT",146,240,1.0,3.6,day,143.2,3720,18588,18.15,14,6,8,4,0.44,0.15,0.27,0.526,0.708,253,0.07,0.333,41,92,2,56,0,168834
2026-09-13 13:49:13,"Sun, 13 Sep 2026 13:49:02 GMT",146,241,0.8,3.6,day,143.1,1315,8927,18.15,5,5,3,2,0.83,0.17,0.36,0.502,0.696,231,0.0,0.318,15,29,4,22,0,168923
2026-09-13 13:50:18,"Sun, 13 Sep 2026 13:50:01 GMT",15,112,1.6,5.7,day,138.2,13943,34568,18.29,80,49,22,12,0.3,0.23,0.35,0.878,0.613,250,0.01,0.41,126,347,573,866,1,158507
2026-09-13 13:50:54,"Sun, 13 Sep 2026 13:50:46 GMT",193,80,1.7,4.1,day,149.1,6535,19905,21.95,28,10,13,7,0.31,0.11,0.19,0.368,0.524,252,0.04,0.396,108,251,58,239,0,173068
2026-09-13 13:51:10,"Sun, 13 Sep 2026 13:51:01 GMT",193,81,1.2,4.1,day,149.1,3549,13717,21.96,13,8,7,4,0.46,0.14,0.27,0.395,0.5,251,0.08,0.424,49,95,32,113,0,173124
2026-09-13 13:52:18,"Sun, 13 Sep 2026 13:52:02 GMT",70,289,1.2,2.7,day,119.0,217,1386,11.35,3,2,3,1,1.0,0.3,1.0,0.969,0.444,135,0.0,0.135,6,10,0,5,0,120071
2026-09-13 13:53:06,"Sun, 13 Sep 2026 13:53:01 GMT",79,281,1.2,5.0,day,147.1,5843,22512,21.34,39,14,13,8,0.38,0.2,0.3,0.807,0.536,242,0.0,0.363,69,195,22,152,0,183112
2026-09-13 13:53:59,"Sun, 13 Sep 2026 13:53:47 GMT",15,113,1.4,5.6,day,137.0,23611,43597,18.41,102,31,21,12,0.4,0.1,0.12,0.891,0.605,248,0.0,0.396,239,1016,1044,1789,1,159057
2026-09-13 13:54:11,"Sun, 13 Sep 2026 13:54:01 GMT",15,114,1.1,5.6,day,137.0,20489,40928,18.46,52,19,22,8,0.3,0.07,0.1,0.883,0.564,248,0.0,0.431,270,758,916,1533,0,159474
2026-09-13 13:54:55,"Sun, 13 Sep 2026 13:54:47 GMT",193,82,1.4,3.5,day,148.2,15000,35897,22.15,108,74,25,19,0.23,0.14,0.18,0.319,0.575,254,0.13,0.343,214,787,42,361,0,173932
2026-09-13 13:55:07,"Sun, 13 Sep 2026 13:55:01 GMT",193,83,1.1,3.4,day,148.1,7326,26301,22.15,8,7,3,4,0.67,0.05,0.14,0.333,0.495,223,0.0,0.302,106,167,19,147,0,174093
2026-09-13 13:55:59,"Sun, 13 Sep 2026 13:55:49 GMT",70,290,1.2,2.6,day,118.4,310,2669,11.38,3,3,3,1,1.0,0.23,0.5,0.958,0.444,146,0.0,0.136,9,13,0,2,0,120229
2026-09-13 13:56:11,"Sun, 13 Sep 2026 13:56:02 GMT",146,242,0.8,3.3,day,145.1,9452,30614,18.62,19,13,10,5,0.38,0.07,0.15,0.533,0.718,237,0.0,0.296,156,280,4,73,0,169771
2026-09-13 13:57:20,"Sun, 13 Sep 2026 13:57:01 GMT",79,282,1.1,5.0,day,145.0,6193,24272,21.52,17,13,13,4,0.33,0.1,0.18,0.778,0.556,239,0.0,0.344,84,173,26,137,0,183694
2026-09-13 13:59:39,"Sun, 13 Sep 2026 13:59:02 GMT",193,84,1.2,3.3,day,149.7,8827,25680,22.4,28,28,7,10,0.4,0.07,0.09,0.027,0.2,249,0.0,0.426,115,399,46,267,0,174557
2026-09-13 13:59:51,"Sun, 13 Sep 2026 13:59:46 GMT",70,291,1.4,2.5,day,118.2,396,2306,11.46,5,3,4,2,0.62,0.31,0.62,0.129,0.822,216,0.0,0.403,8,16,0,4,0,120412
2026-09-13 14:00:03,"Sun, 13 Sep 2026 14:00:01 GMT",146,243,1.0,3.0,day,146.4,1872,9610,18.86,6,4,4,2,0.75,0.14,0.23,0.38,0.009,234,0.0,0.181,21,44,0,15,0,170910
2026-09-13 14:00:15,"Sun, 13 Sep 2026 14:00:01 GMT",146,244,0.7,3.0,day,146.4,843,5180,18.86,5,3,3,2,0.83,0.24,0.45,0.377,0.011,234,0.0,0.232,12,21,0,10,0,170910
2026-09-13 14:00:54,"Sun, 13 Sep 2026 14:00:46 GMT",79,283,1.4,4.9,day,140.0,4034,15771,21.63,23,21,8,9,0.32,0.13,0.19,0.891,0.473,251,0.09,0.39,55,173,15,113,0,184043
2026-09-13 14:01:06,"Sun, 13 Sep 2026 14:01:02 GMT",79,284,1.0,4.9,day,139.8,2620,11221,21.66,11,5,5,5,0.44,0.14,0.26,0.366,0.594,223,0.0,0.41,45,81,11,65,0,184017
2026-09-13 14:01:58,"Sun, 13 Sep 2026 14:01:46 GMT",15,115,1.8,5.6,day,136.7,10395,28317,18.71,62,43,19,11,0.3,0.21,0.27,0.855,0.62,247,0.0,0.412,66,289,368,603,1,159738
2026-09-13 14:02:10,"Sun, 13 Sep 2026 14:02:02 GMT",15,116,1.4,5.7,day,136.9,7544,25111,18.71,24,20,14,6,0.29,0.17,0.27,0.864,0.592,243,0.0,0.428,54,142,220,348,0,160375
2026-09-13 14:02:57,"Sun, 13 Sep 2026 14:02:46 GMT",193,85,1.2,2.9,day,148.0,8246,23964,22.58,61,17,12,12,0.42,0.18,0.27,0.049,0.212,252,0.03,0.396,117,343,50,245,1,175022
2026-09-13 14:03:21,"Sun, 13 Sep 2026 14:03:01 GMT",70,292,1.5,2.6,day,117.2,471,2554,11.41,4,4,3,2,0.67,0.19,0.29,0.951,0.44,156,0.0,0.144,10,21,1,5,0,120260
2026-09-13 14:04:10,"Sun, 13 Sep 2026 14:04:02 GMT",146,245,1.1,2.9,day,148.6,1427,7391,19.15,8,6,6,3,0.44,0.2,0.32,0.591,0.491,243,0.0,0.074,16,41,2,16,0,172162
2026-09-13 14:05:01,"Sun, 13 Sep 2026 14:04:49 GMT",79,285,1.2,4.8,day,137.2,2831,14230,21.73,19,15,12,5,0.32,0.26,0.46,0.763,0.566,245,0.0,0.35,33,72,9,46,0,184091
2026-09-13 14:05:13,"Sun, 13 Sep 2026 14:05:02 GMT",79,286,0.9,4.8,day,137.0,1355,8926,21.74,8,5,8,2,0.5,0.29,0.42,0.943,0.113,240,0.0,0.252,12,28,1,19,0,184121
2026-09-13 14:05:49,"Sun, 13 Sep 2026 14:05:47 GMT",15,117,1.3,5.6,day,136.7,6079,18639,18.82,12,10,8,4,0.38,0.09,0.13,0.843,0.585,247,0.0,0.38,53,137,196,314,0,160701
2026-09-13 14:06:01,"Sun, 13 Sep 2026 14:05:47 GMT",15,118,0.9,5.6,day,136.7,3289,12303,18.82,3,3,2,2,0.75,0.07,0.25,0.872,0.568,247,0.0,0.382,32,43,95,133,0,160701
2026-09-13 14:06:12,"Sun, 13 Sep 2026 14:06:01 GMT",193,86,1.3,2.6,day,148.1,6531,20464,22.71,11,10,7,2,0.79,0.05,0.09,0.335,0.508,252,0.09,0.394,96,224,48,187,0,175711
2026-09-13 14:06:48,"Sun, 13 Sep 2026 14:06:46 GMT",70,293,1.7,2.8,day,118.0,355,2287,11.52,3,3,3,2,0.5,0.17,0.33,0.948,0.438,156,0.0,0.171,12,18,1,4,0,120756
2026-09-13 14:07:00,"Sun, 13 Sep 2026 14:06:46 GMT",70,294,1.2,2.8,day,118.0,160,1068,11.52,1,1,1,1,1.0,0.17,0.0,0.938,0.444,130,0.0,0.222,6,6,0,4,0,120756
2026-09-13 14:07:16,"Sun, 13 Sep 2026 14:07:01 GMT",70,295,0.9,2.9,day,117.8,69,659,11.54,0,0,1,1,0.0,0.0,0.0,0.0,0.0,0,0.0,0.0,0,0,0,0,0,120907
2026-09-13 14:07:52,"Sun, 13 Sep 2026 14:07:47 GMT",146,246,1.0,2.6,day,148.7,1458,6801,19.32,9,4,5,2,0.9,0.24,0.41,0.355,0.01,235,0.0,0.198,18,38,2,17,0,172901
2026-09-13 14:08:08,"Sun, 13 Sep 2026 14:08:01 GMT",146,247,0.7,2.5,day,148.5,742,4640,19.33,4,2,4,2,0.5,0.27,1.0,0.359,0.009,215,0.0,0.227,10,15,1,9,0,172910
2026-09-13 14:09:07,"Sun, 13 Sep 2026 14:09:02 GMT",15,119,1.5,5.3,day,136.0,24136,43487,18.41,408,100,39,43,0.24,0.28,0.31,0.8,0.525,254,0.05,0.41,154,1449,620,1633,0,157904
2026-09-13 14:09:58,"Sun, 13 Sep 2026 14:09:46 GMT",20,6,10.1,11.2,day,146.0,40931,59413,10.98,3605,11,96,54,0.7,0.99,0.99,0.502,0.508,255,0.03,0.229,14,3638,0,0,0,131741
2026-09-13 14:10:10,"Sun, 13 Sep 2026 14:10:02 GMT",193,87,1.3,2.2,day,148.2,5484,16268,22.9,13,11,7,2,0.93,0.06,0.1,0.471,0.64,251,0.08,0.145,79,203,48,170,0,176294
2026-09-13 14:10:58,"Sun, 13 Sep 2026 14:10:46 GMT",70,296,1.4,3.3,day,118.4,147,1120,11.69,2,1,2,1,1.0,0.5,0.0,0.182,0.87,239,0.0,0.113,3,4,0,0,0,121549
2026-09-13 14:11:10,"Sun, 13 Sep 2026 14:11:01 GMT",70,297,0.9,3.2,day,118.3,70,607,11.68,1,0,1,1,1.0,1.0,0.0,0.188,0.87,220,0.0,0.216,1,1,0,0,0,121498
2026-09-13 14:19:23,"Sun, 13 Sep 2026 14:19:01 GMT",146,248,1.6,1.7,day,148.4,9052,29068,19.97,33,26,15,5,0.44,0.12,0.21,0.517,0.708,242,0.0,0.231,113,267,2,32,0,175391
2026-09-13 14:19:48,"Sun, 13 Sep 2026 14:19:46 GMT",79,287,2.3,5.1,day,136.8,23050,45821,22.34,606,248,81,21,0.36,0.34,0.37,0.607,0.824,255,0.05,0.249,152,1776,19,518,1,185524
2026-09-13 14:20:04,"Sun, 13 Sep 2026 14:20:01 GMT",79,288,1.6,5.1,day,136.6,14970,37966,22.35,56,48,20,7,0.4,0.08,0.11,0.823,0.126,245,0.0,0.199,239,740,13,376,0,185520
2026-09-13 14:20:49,"Sun, 13 Sep 2026 14:20:46 GMT",15,120,2.7,5.4,day,137.9,37752,54042,19.3,2752,12,96,54,0.53,0.98,0.99,0.53,0.497,255,0.04,0.348,21,2799,836,2564,0,164409
2026-09-13 14:21:26,"Sun, 13 Sep 2026 14:21:01 GMT",15,121,1.9,5.5,day,137.5,29352,47915,19.25,584,381,48,46,0.26,0.31,0.33,0.784,0.504,254,0.04,0.413,96,1861,872,2299,1,163649
2026-09-13 14:21:50,"Sun, 13 Sep 2026 14:21:46 GMT",177,147,1.6,2.8,day,146.6,14853,32331,23.45,94,77,13,14,0.52,0.1,0.12,0.049,0.169,250,0.02,0.416,132,919,141,841,1,178894
2026-09-13 14:22:15,"Sun, 13 Sep 2026 14:22:02 GMT",29,281,2.2,5.3,day,120.0,2863,13045,12.11,12,10,8,2,0.75,0.1,0.14,0.033,0.883,192,0.0,0.238,37,120,0,5,0,124287
2026-09-13 14:23:00,"Sun, 13 Sep 2026 14:22:47 GMT",146,249,1.6,1.6,day,149.4,22391,43833,20.27,649,266,58,24,0.47,0.36,0.38,0.724,0.788,254,0.06,0.144,137,1806,3,79,1,175403
2026-09-13 14:23:12,"Sun, 13 Sep 2026 14:23:01 GMT",146,250,1.2,1.5,day,148.9,12647,34346,20.19,26,23,10,9,0.29,0.05,0.1,0.317,0.916,252,0.12,0.225,243,513,3,91,0,176441
2026-09-13 14:23:49,"Sun, 13 Sep 2026 14:23:46 GMT",79,289,1.8,5.5,day,137.7,23881,46341,22.48,714,243,85,26,0.32,0.37,0.39,0.454,0.801,255,0.06,0.275,113,1911,17,656,1,185917
2026-09-13 14:24:51,"Sun, 13 Sep 2026 14:24:46 GMT",15,122,2.1,5.5,day,139.2,27809,47081,19.44,260,246,35,30,0.25,0.16,0.16,0.413,0.576,251,0.0,0.388,114,1651,902,2243,0,164126
2026-09-13 14:25:03,"Sun, 13 Sep 2026 14:25:01 GMT",121,68,6.8,8.2,day,143.1,47186,63880,19.57,1798,253,96,42,0.45,0.78,0.8,0.516,0.32,254,0.02,0.421,90,2312,2013,3941,0,150797
2026-09-13 14:25:19,"Sun, 13 Sep 2026 14:25:01 GMT",121,69,4.8,8.2,day,143.1,37953,57927,19.57,363,237,49,22,0.34,0.22,0.24,0.746,0.129,250,0.0,0.468,135,1634,1914,3395,1,150797
2026-09-13 14:26:12,"Sun, 13 Sep 2026 14:26:01 GMT",29,282,2.0,3.4,day,115.6,1222,6915,11.79,5,5,4,2,0.62,0.11,0.24,0.044,0.763,181,0.0,0.136,22,45,0,10,0,121313
2026-09-13 14:26:49,"Sun, 13 Sep 2026 14:26:46 GMT",146,251,1.2,1.4,day,147.7,2744,16083,20.42,14,7,9,2,0.78,0.2,0.37,0.272,0.007,236,0.0,0.244,33,71,2,18,0,177287
2026-09-13 14:27:14,"Sun, 13 Sep 2026 14:27:01 GMT",146,252,0.9,1.4,day,147.4,1242,9911,20.44,12,5,8,2,0.75,0.35,0.55,0.267,0.008,233,0.0,0.283,14,34,2,12,0,177484
2026-09-13 14:27:51,"Sun, 13 Sep 2026 14:27:47 GMT",79,290,2.1,6.2,day,133.6,9758,31654,22.45,68,10,30,6,0.38,0.21,0.35,0.646,0.145,252,0.01,0.206,133,326,10,171,1,185841
2026-09-13 14:28:15,"Sun, 13 Sep 2026 14:28:02 GMT",79,291,1.5,6.2,day,133.4,4469,22130,22.45,37,11,21,3,0.59,0.3,0.45,0.602,0.158,242,0.0,0.232,44,122,8,68,0,185990
2026-09-13 14:28:52,"Sun, 13 Sep 2026 14:28:46 GMT",15,123,2.1,5.5,day,137.7,15636,36594,19.48,58,30,21,8,0.35,0.12,0.22,0.772,0.586,251,0.03,0.432,202,467,538,967,0,165514
2026-09-13 14:29:04,"Sun, 13 Sep 2026 14:29:01 GMT",177,148,1.9,2.6,day,148.2,10040,26744,23.82,62,36,14,13,0.34,0.13,0.18,0.064,0.185,251,0.1,0.443,134,475,90,475,1,180370
2026-09-13 14:29:53,"Sun, 13 Sep 2026 14:29:46 GMT",29,283,1.0,4.3,day,114.1,346,3626,11.76,1,1,1,1,1.0,0.2,0.0,0.833,0.37,116,0.0,0.422,5,5,0,2,0,121144
2026-09-13 14:30:55,"Sun, 13 Sep 2026 14:30:47 GMT",146,253,1.1,1.5,day,147.2,1594,8597,20.65,11,5,8,2,0.69,0.24,0.44,0.239,0.007,242,0.0,0.238,22,46,2,17,0,178441
2026-09-13 14:34:44,"Sun, 13 Sep 2026 14:34:01 GMT",29,284,1.4,5.6,day,115.3,290,2117,11.95,4,2,3,2,0.67,0.4,1.0,0.979,0.384,238,0.0,0.257,6,10,0,4,0,122119
2026-09-13 14:34:56,"Sun, 13 Sep 2026 14:34:46 GMT",146,254,1.4,1.7,day,147.1,11890,33850,20.9,75,28,23,13,0.25,0.17,0.29,0.29,0.832,251,0.05,0.221,196,449,1,60,0,179281
2026-09-13 14:35:09,"Sun, 13 Sep 2026 14:35:05 GMT",79,292,2.5,6.6,day,129.8,17841,41183,22.39,152,82,43,15,0.24,0.14,0.18,0.463,0.191,250,0.01,0.229,235,1049,9,422,0,185501
2026-09-13 14:35:57,"Sun, 13 Sep 2026 14:35:47 GMT",15,124,3.1,5.5,day,138.2,37685,54572,19.23,2312,89,96,54,0.45,0.89,0.9,0.481,0.445,255,0.05,0.366,41,2599,1016,2810,0,162529
2026-09-13 14:36:10,"Sun, 13 Sep 2026 14:36:02 GMT",15,125,2.1,5.6,day,135.1,31296,49713,19.49,1200,245,96,44,0.28,0.62,0.64,0.494,0.596,255,0.03,0.41,82,1950,1064,2642,0,165328
2026-09-13 14:36:59,"Sun, 13 Sep 2026 14:36:47 GMT",130,237,2.1,2.9,day,143.4,17142,36056,24.16,343,148,40,25,0.34,0.31,0.34,0.803,0.799,253,0.04,0.387,127,1120,171,976,1,181783
2026-09-13 14:37:24,"Sun, 13 Sep 2026 14:37:01 GMT",130,238,1.5,3.0,day,143.1,10635,27854,24.14,51,24,20,8,0.32,0.11,0.14,0.275,0.592,252,0.06,0.416,144,468,118,518,0,181756
2026-09-13 14:37:52,"Sun, 13 Sep 2026 14:37:46 GMT",29,285,1.9,6.6,day,114.0,460,3249,11.85,5,2,4,2,0.62,0.26,1.0,0.825,0.393,99,0.0,0.238,13,19,0,7,0,120988
2026-09-13 14:38:05,"Sun, 13 Sep 2026 14:38:01 GMT",29,286,1.4,6.6,day,113.8,211,1474,11.84,2,2,1,2,1.0,0.25,0.0,0.812,0.398,105,0.0,0.236,6,8,0,4,0,121010
2026-09-13 14:38:54,"Sun, 13 Sep 2026 14:38:47 GMT",146,255,1.7,2.2,day,145.9,12133,34408,21.1,63,30,20,13,0.24,0.13,0.22,0.29,0.817,250,0.02,0.242,186,476,2,89,0,180003
2026-09-13 14:39:30,"Sun, 13 Sep 2026 14:39:01 GMT",79,293,2.4,6.6,day,128.6,15307,39231,22.31,118,52,42,8,0.35,0.15,0.2,0.414,0.174,252,0.01,0.206,218,797,16,399,1,185225
2026-09-13 14:39:59,"Sun, 13 Sep 2026 14:39:46 GMT",15,126,2.4,6.0,day,135.5,24303,44797,19.48,198,41,41,27,0.18,0.17,0.2,0.739,0.597,254,0.07,0.46,229,1182,945,1989,0,165934
2026-09-13 14:40:11,"Sun, 13 Sep 2026 14:40:02 GMT",15,127,1.7,6.0,day,135.2,15863,37220,19.48,12,9,7,4,0.43,0.03,0.06,0.72,0.454,249,0.0,0.405,221,419,622,1011,0,166089
2026-09-13 14:40:53,"Sun, 13 Sep 2026 14:40:47 GMT",130,239,1.5,3.9,day,142.4,6658,21494,24.25,36,27,15,5,0.48,0.18,0.29,0.131,0.62,250,0.03,0.458,82,205,54,236,0,182439
2026-09-13 14:41:05,"Sun, 13 Sep 2026 14:41:01 GMT",130,240,1.1,4.0,day,142.0,3644,15450,24.3,20,13,7,5,0.57,0.25,0.38,0.299,0.579,251,0.05,0.466,29,80,22,96,0,182773
2026-09-13 14:41:55,"Sun, 13 Sep 2026 14:41:46 GMT",29,287,2.0,7.3,day,112.1,576,2651,11.77,14,4,6,4,0.58,0.56,0.78,0.911,0.373,167,0.0,0.161,8,25,0,2,0,120345
2026-09-13 14:42:07,"Sun, 13 Sep 2026 14:42:01 GMT",146,256,1.8,2.7,day,146.1,13360,36303,21.33,41,37,11,14,0.27,0.07,0.12,0.226,0.859,250,0.02,0.262,240,582,1,130,0,180989
2026-09-13 14:42:49,"Sun, 13 Sep 2026 14:42:47 GMT",79,294,3.1,6.9,day,125.1,18013,42374,22.13,197,126,51,17,0.23,0.19,0.25,0.356,0.196,253,0.01,0.246,263,1032,19,472,0,183907
2026-09-13 14:43:01,"Sun, 13 Sep 2026 14:42:47 GMT",79,295,2.2,6.9,day,125.1,9465,32177,22.13,55,33,37,4,0.37,0.18,0.28,0.528,0.033,238,0.0,0.196,115,312,17,168,0,183907
2026-09-13 14:43:13,"Sun, 13 Sep 2026 14:43:01 GMT",79,296,1.7,6.9,day,124.7,3888,22163,22.13,10,9,6,2,0.83,0.1,0.15,0.254,0.194,222,0.0,0.27,39,99,1,28,0,183994
2026-09-13 14:43:50,"Sun, 13 Sep 2026 14:43:46 GMT",15,128,2.0,6.3,day,132.8,19232,40500,19.48,147,23,32,24,0.19,0.21,0.31,0.739,0.577,251,0.02,0.469,252,711,737,1366,0,166228
2026-09-13 14:44:15,"Sun, 13 Sep 2026 14:44:02 GMT",15,129,1.6,6.3,day,132.4,11470,32695,19.45,8,8,5,3,0.53,0.04,0.12,0.6,0.127,213,0.0,0.338,124,204,371,554,0,165901
2026-09-13 14:44:56,"Sun, 13 Sep 2026 14:44:54 GMT",130,241,1.8,4.8,day,138.5,5860,22528,24.36,38,20,13,6,0.49,0.21,0.33,0.295,0.579,254,0.13,0.428,65,177,29,168,0,183296
2026-09-13 14:45:08,"Sun, 13 Sep 2026 14:45:02 GMT",29,288,2.5,6.6,day,110.1,1232,4142,11.64,16,9,6,5,0.53,0.19,0.22,0.948,0.546,183,0.0,0.065,20,85,0,6,0,119820
2026-09-13 14:45:58,"Sun, 13 Sep 2026 14:45:48 GMT",146,257,2.0,3.4,day,147.0,12316,36415,21.45,69,26,21,11,0.3,0.14,0.24,0.259,0.829,252,0.01,0.29,210,496,3,169,1,181199
2026-09-13 14:46:10,"Sun, 13 Sep 2026 14:46:02 GMT",146,258,2.3,4.0,day,145.6,9145,30123,21.61,215,7,51,8,0.53,0.63,0.84,0.312,0.058,251,0.01,0.14,90,341,2,98,1,180853
2026-09-13 14:49:04,"Sun, 13 Sep 2026 14:49:01 GMT",29,289,5.3,5.3,day,104.2,3732,13365,10.32,132,13,32,8,0.52,0.54,0.6,0.876,0.625,160,0.0,0.07,35,244,0,6,1,111766
2026-09-13 14:49:52,"Sun, 13 Sep 2026 14:49:46 GMT",9,151,4.8,5.0,day,143.0,39208,59898,20.79,2996,36,96,54,0.58,0.97,0.98,0.492,0.432,253,0.03,0.357,28,3092,781,2763,0,178958
2026-09-13 14:50:08,"Sun, 13 Sep 2026 14:50:01 GMT",9,152,3.7,6.0,day,141.6,28186,53511,20.56,223,220,38,19,0.31,0.12,0.13,0.544,0.163,252,0.0,0.406,132,1824,718,2162,1,178146
2026-09-13 14:51:04,"Sun, 13 Sep 2026 14:51:01 GMT",183,3,3.5,12.2,day,97.1,10582,26565,15.77,313,139,70,13,0.34,0.46,0.54,0.36,0.63,253,0.0,0.065,101,674,0,0,0,153810
2026-09-13 14:51:52,"Sun, 13 Sep 2026 14:51:46 GMT",59,445,7.5,9.4,day,118.3,36155,55582,16.11,1318,128,73,54,0.33,0.71,0.75,0.365,0.518,253,0.01,0.365,121,1863,1450,2798,0,152407
2026-09-13 14:52:08,"Sun, 13 Sep 2026 14:52:02 GMT",161,5,7.2,14.1,day,126.1,24254,46529,21.16,1053,462,55,54,0.35,0.51,0.54,0.218,0.57,253,0.03,0.189,113,2046,0,0,0,170429
2026-09-13 14:53:08,"Sun, 13 Sep 2026 14:53:01 GMT",1,135,4.7,7.9,day,95.1,2209,18445,8.48,16,13,9,3,0.59,0.16,0.28,0.536,0.572,169,0.0,0.29,43,101,0,12,0,97801
2026-09-13 14:54:08,"Sun, 13 Sep 2026 14:54:02 GMT",184,2,5.7,12.3,day,128.1,14092,36195,18.24,75,72,25,12,0.25,0.09,0.1,0.228,0.215,251,0.04,0.06,158,870,0,0,0,166178
2026-09-13 14:55:00,"Sun, 13 Sep 2026 14:54:47 GMT",183,4,7.0,11.6,day,93.6,19015,44275,13.79,988,81,81,40,0.3,0.71,0.75,0.359,0.351,253,0.0,0.096,90,1397,0,0,0,143801
2026-09-13 14:55:12,"Sun, 13 Sep 2026 14:55:01 GMT",59,446,6.3,10.7,day,109.8,33108,54161,14.84,1133,95,72,51,0.31,0.66,0.7,0.375,0.514,254,0.0,0.372,117,1712,1357,2652,0,144570
2026-09-13 14:56:00,"Sun, 13 Sep 2026 14:55:46 GMT",0,372,10.9,11.0,day,114.8,26060,53761,19.47,632,582,95,21,0.32,0.33,0.34,0.453,0.131,251,0.01,0.339,84,1907,314,1732,0,163103
2026-09-13 14:56:12,"Sun, 13 Sep 2026 14:56:04 GMT",0,373,7.1,10.3,day,114.6,15233,43428,19.55,136,41,44,11,0.28,0.17,0.2,0.583,0.102,251,0.01,0.362,168,800,214,902,0,163532
2026-09-13 14:57:03,"Sun, 13 Sep 2026 14:57:01 GMT",1,136,4.8,9.7,day,91.6,3165,20131,7.81,44,40,20,4,0.55,0.25,0.3,0.228,0.577,167,0.0,0.257,32,179,0,45,0,92646
2026-09-13 14:57:55,"Sun, 13 Sep 2026 14:57:48 GMT",185,3,4.5,14.4,day,115.5,11530,29116,14.91,83,82,25,10,0.33,0.11,0.13,0.558,0.408,211,0.0,0.062,105,727,0,0,0,149219
2026-09-13 14:58:11,"Sun, 13 Sep 2026 14:58:01 GMT",53,429,7.5,8.9,day,91.1,27357,49946,13.05,1588,51,96,37,0.45,0.75,0.8,0.473,0.521,254,0.01,0.162,136,2111,0,57,0,138919
2026-09-13 14:58:59,"Sun, 13 Sep 2026 14:58:46 GMT",59,447,7.5,10.1,day,102.5,28574,54797,13.25,861,90,67,45,0.29,0.61,0.67,0.332,0.438,252,0.0,0.374,131,1402,1055,2090,1,134958
2026-09-13 14:59:15,"Sun, 13 Sep 2026 14:59:02 GMT",59,448,5.3,10.2,day,102.1,17699,43129,13.2,65,54,22,7,0.42,0.1,0.11,0.089,0.183,252,0.02,0.387,124,677,590,1182,1,134658
2026-09-13 15:00:03,"Sun, 13 Sep 2026 15:00:01 GMT",147,5,5.6,13.4,day,104.0,17824,36509,17.08,379,370,41,22,0.42,0.26,0.28,0.783,0.811,251,0.01,0.148,91,1433,0,0,0,151520
2026-09-13 15:01:46,"Sun, 13 Sep 2026 15:01:02 GMT",185,4,8.7,12.5,day,108.8,13045,33552,13.06,345,253,46,18,0.42,0.37,0.39,0.195,0.832,250,0.01,0.08,74,941,0,0,0,140464
2026-09-13 15:01:58,"Sun, 13 Sep 2026 15:01:47 GMT",53,430,4.4,8.4,day,88.0,16182,40427,12.56,784,62,77,27,0.38,0.74,0.83,0.4,0.524,253,0.01,0.226,116,1055,0,131,1,135794
2026-09-13 15:02:10,"Sun, 13 Sep 2026 15:02:01 GMT",53,431,3.1,8.3,day,87.8,7262,30824,12.55,25,24,9,7,0.4,0.07,0.09,0.173,0.653,235,0.0,0.242,93,361,0,129,0,135846
2026-09-13 15:02:49,"Sun, 13 Sep 2026 15:02:47 GMT",59,449,4.2,9.8,day,99.9,11493,35581,13.08,32,27,10,7,0.46,0.11,0.17,0.047,0.19,247,0.0,0.419,122,300,323,597,0,134032
2026-09-13 15:03:53,"Sun, 13 Sep 2026 15:03:47 GMT",147,6,9.8,10.2,day,94.5,16760,42929,14.34,392,277,33,25,0.48,0.33,0.35,0.119,0.212,243,0.0,0.21,108,1189,0,0,0,137551
2026-09-13 15:04:09,"Sun, 13 Sep 2026 15:04:00 GMT",145,28,3.6,10.5,day,94.5,2299,6714,6.76,49,22,37,4,0.33,0.31,0.37,0.437,0.523,173,0.0,0.242,35,156,2,62,0,84617
2026-09-13 15:04:56,"Sun, 13 Sep 2026 15:04:47 GMT",185,5,9.0,9.6,day,103.4,12013,33462,12.2,431,141,96,8,0.56,0.5,0.55,0.521,0.056,251,0.0,0.102,76,855,0,0,0,135822
2026-09-13 15:05:20,"Sun, 13 Sep 2026 15:05:01 GMT",185,6,6.4,9.5,day,103.1,7389,22824,12.19,311,21,90,7,0.49,0.62,0.7,0.456,0.056,237,0.0,0.155,66,499,0,0,1,135760
2026-09-13 15:05:56,"Sun, 13 Sep 2026 15:05:49 GMT",53,432,3.8,7.9,day,89.4,5778,25906,12.91,47,31,14,6,0.56,0.15,0.2,0.058,0.288,251,0.02,0.107,98,312,0,74,0,137747
2026-09-13 15:06:07,"Sun, 13 Sep 2026 15:06:01 GMT",53,433,2.7,7.7,day,89.1,2689,15919,12.86,33,8,13,6,0.42,0.29,0.54,0.057,0.279,251,0.03,0.164,48,112,0,40,0,137416
2026-09-13 15:06:55,"Sun, 13 Sep 2026 15:06:48 GMT",59,450,5.7,11.0,day,97.3,8513,30367,12.16,36,24,12,6,0.5,0.14,0.17,0.119,0.523,218,0.0,0.396,74,264,225,455,0,128370
2026-09-13 15:07:07,"Sun, 13 Sep 2026 15:07:01 GMT",25,806,7.6,8.1,day,88.1,30186,53902,12.6,2424,12,96,54,0.47,0.94,0.96,0.517,0.531,247,0.0,0.312,56,2578,87,1356,0,127595
2026-09-13 15:07:54,"Sun, 13 Sep 2026 15:07:46 GMT",145,29,9.0,13.7,day,141.5,8045,35525,8.78,154,66,55,11,0.25,0.28,0.31,0.696,0.206,255,0.97,0.07,61,543,2,74,0,101453
2026-09-13 15:08:06,"Sun, 13 Sep 2026 15:08:01 GMT",145,30,2.5,9.5,day,93.7,165,1542,6.56,2,1,2,1,1.0,0.67,0.0,0.776,0.574,141,0.0,0.176,2,3,0,0,0,82535
2026-09-13 15:08:53,"Sun, 13 Sep 2026 15:08:46 GMT",185,7,6.4,8.4,day,101.1,5886,20490,11.75,266,40,72,7,0.53,0.69,0.78,0.653,0.128,239,0.0,0.099,44,387,0,4,1,133285
2026-09-13 15:09:04,"Sun, 13 Sep 2026 15:09:01 GMT",185,8,4.8,8.1,day,100.5,3395,12934,11.64,207,12,72,6,0.48,0.87,0.91,0.624,0.133,229,0.0,0.137,12,238,0,10,1,132782
2026-09-13 15:09:52,"Sun, 13 Sep 2026 15:09:46 GMT",53,434,2.5,7.5,day,87.4,2280,13194,12.48,23,19,8,5,0.57,0.23,0.33,0.036,0.033,211,0.0,0.136,33,100,0,13,0,134173
2026-09-13 15:10:04,"Sun, 13 Sep 2026 15:10:01 GMT",6,593,10.3,10.4,day,84.4,35398,56155,9.16,2223,51,96,54,0.43,0.88,0.91,0.442,0.47,231,0.0,0.361,90,2516,374,2124,0,96977
2026-09-13 15:10:55,"Sun, 13 Sep 2026 15:10:47 GMT",6,594,6.1,7.3,day,85.1,27746,50448,8.35,999,60,67,39,0.38,0.55,0.6,0.32,0.515,232,0.0,0.354,173,1809,304,1602,0,89597
2026-09-13 15:11:07,"Sun, 13 Sep 2026 15:11:01 GMT",25,807,4.8,9.1,day,88.7,18970,45556,12.09,185,143,37,12,0.42,0.15,0.18,0.309,0.416,217,0.0,0.407,208,1223,108,1090,1,126503
2026-09-13 15:11:58,"Sun, 13 Sep 2026 15:11:46 GMT",145,31,3.9,8.7,day,90.7,518,3126,6.27,12,5,12,1,1.0,0.43,0.52,0.318,0.519,109,0.0,0.382,9,28,1,25,0,79704
2026-09-13 15:12:09,"Sun, 13 Sep 2026 15:12:01 GMT",145,32,3.0,8.6,day,90.3,190,1635,6.23,4,2,2,2,1.0,0.44,1.0,0.036,0.435,106,0.0,0.455,5,9,1,10,0,79457
2026-09-13 15:12:56,"Sun, 13 Sep 2026 15:12:46 GMT",185,9,5.9,6.4,day,96.4,5069,15378,10.87,371,7,88,8,0.53,0.96,0.98,0.363,0.113,216,0.0,0.167,11,387,0,7,1,127829
2026-09-13 15:13:08,"Sun, 13 Sep 2026 15:13:01 GMT",185,10,4.2,6.3,day,96.0,3032,9697,10.84,209,14,57,8,0.46,0.86,0.9,0.242,0.114,202,0.0,0.205,14,242,0,4,1,127738
2026-09-13 15:20:08,"Sun, 13 Sep 2026 15:20:01 GMT",185,11,3.2,6.4,day,97.4,2903,16614,10.87,15,12,11,2,0.68,0.15,0.27,0.325,0.486,186,0.0,0.174,43,99,0,9,0,127364
2026-09-13 15:21:29,"Sun, 13 Sep 2026 15:21:02 GMT",53,435,3.3,7.7,day,82.8,3219,19348,10.99,21,18,13,6,0.27,0.21,0.41,0.06,0.507,223,0.0,0.233,48,101,0,23,0,123844
2026-09-13 15:22:06,"Sun, 13 Sep 2026 15:22:01 GMT",59,451,5.7,12.2,day,95.2,16562,45141,11.53,112,74,31,13,0.28,0.15,0.18,0.155,0.523,218,0.0,0.403,174,768,437,1052,0,122760
2026-09-13 15:22:59,"Sun, 13 Sep 2026 15:22:49 GMT",25,808,4.4,9.0,day,83.9,13877,40900,11.41,287,17,82,14,0.25,0.41,0.56,0.483,0.395,203,0.0,0.413,203,700,104,735,0,122295
2026-09-13 15:23:11,"Sun, 13 Sep 2026 15:23:01 GMT",150,25,4.6,4.9,day,100.1,1622,13083,6.43,17,13,12,3,0.47,0.17,0.2,0.382,0.329,143,0.0,0.06,24,102,0,1,0,81719
2026-09-13 15:25:16,"Sun, 13 Sep 2026 15:25:01 GMT",53,436,2.3,7.7,day,81.8,1215,10963,10.77,4,2,3,2,0.67,0.25,1.0,0.073,0.273,162,0.0,0.316,11,16,0,9,0,122101
2026-09-13 15:25:57,"Sun, 13 Sep 2026 15:25:47 GMT",59,452,3.7,11.7,day,92.9,9525,30939,11.34,32,16,16,5,0.4,0.11,0.17,0.347,0.192,235,0.0,0.46,124,297,226,495,0,121302
2026-09-13 15:26:09,"Sun, 13 Sep 2026 15:26:01 GMT",25,809,3.4,9.4,day,84.3,6612,32020,11.36,60,30,21,10,0.29,0.27,0.39,0.3,0.399,202,0.0,0.453,76,224,71,292,1,120250
2026-09-13 15:26:58,"Sun, 13 Sep 2026 15:26:46 GMT",150,26,3.6,8.6,day,111.3,395,6837,6.83,4,2,2,2,1.0,0.25,1.0,0.401,0.676,185,0.0,0.12,10,16,0,3,0,85713
2026-09-13 15:27:10,"Sun, 13 Sep 2026 15:27:01 GMT",150,27,1.9,6.3,day,100.5,175,933,6.37,3,1,2,2,0.75,0.6,1.0,0.399,0.679,162,0.0,0.168,3,5,0,1,0,80647
2026-09-13 15:27:51,"Sun, 13 Sep 2026 15:27:46 GMT",185,12,3.7,6.4,day,92.7,3342,17669,10.08,64,19,32,6,0.33,0.44,0.57,0.162,0.111,170,0.0,0.247,35,146,0,27,1,121190
2026-09-13 15:28:15,"Sun, 13 Sep 2026 15:28:04 GMT",185,13,2.6,6.3,day,91.7,1164,9659,10.0,17,3,14,2,0.61,0.4,0.59,0.316,0.49,191,0.0,0.233,17,43,0,19,0,120560
2026-09-13 15:28:56,"Sun, 13 Sep 2026 15:28:46 GMT",53,437,1.6,7.6,day,81.7,410,5723,10.64,2,1,2,1,1.0,0.67,0.0,0.474,0.37,145,0.0,0.207,2,3,1,2,0,120864
2026-09-13 15:29:13,"Sun, 13 Sep 2026 15:29:01 GMT",59,453,3.1,12.1,day,97.8,8972,29905,11.44,19,15,8,6,0.4,0.08,0.16,0.312,0.202,241,0.0,0.471,118,247,192,409,0,120529
2026-09-13 15:29:54,"Sun, 13 Sep 2026 15:29:46 GMT",60,5,6.8,12.3,day,79.5,16406,39484,2.72,357,179,96,23,0.16,0.3,0.32,0.682,0.207,198,0.0,0.121,125,1191,0,0,0,53921
2026-09-13 15:30:10,"Sun, 13 Sep 2026 15:30:02 GMT",25,810,2.3,9.2,day,82.6,2388,20689,11.1,5,5,5,1,1.0,0.1,0.16,0.781,0.389,166,0.0,0.494,23,52,19,70,0,120043
2026-09-13 15:30:59,"Sun, 13 Sep 2026 15:30:46 GMT",150,28,1.3,7.7,day,102.9,111,805,6.42,3,0,2,2,0.75,1.0,1.0,0.399,0.679,170,0.0,0.218,1,3,0,0,0,80861
2026-09-13 15:31:11,"Sun, 13 Sep 2026 15:31:00 GMT",150,29,1.2,7.7,day,102.0,29,334,6.38,0,0,1,1,0.0,0.0,0.0,0.0,0.0,0,0.0,0.0,0,0,0,0,0,80636
2026-09-13 15:31:51,"Sun, 13 Sep 2026 15:31:47 GMT",185,14,2.0,6.4,day,92.1,589,6766,10.0,18,1,14,2,0.64,0.82,1.0,0.307,0.491,186,0.0,0.265,5,22,0,7,0,120454
2026-09-13 15:35:43,"Sun, 13 Sep 2026 15:35:04 GMT",28,28,4.5,8.8,day,90.5,14441,39001,7.34,48,41,19,7,0.36,0.06,0.09,0.513,0.442,212,0.0,0.439,229,773,189,795,0,83119
2026-09-13 15:35:55,"Sun, 13 Sep 2026 15:35:46 GMT",185,15,1.5,6.4,day,91.7,312,3578,9.85,16,1,14,2,0.57,0.94,1.0,0.307,0.491,186,0.0,0.311,2,17,0,9,0,119483
2026-09-13 15:36:08,"Sun, 13 Sep 2026 15:36:02 GMT",53,438,1.5,8.0,day,84.0,177,3543,10.68,1,0,1,1,1.0,1.0,0.0,0.938,0.611,88,0.0,0.322,1,1,1,2,0,121006
2026-09-13 15:36:56,"Sun, 13 Sep 2026 15:36:50 GMT",59,454,2.3,11.8,day,95.9,2647,16139,11.59,2,2,2,1,1.0,0.12,0.0,0.391,0.148,210,0.0,0.539,11,16,28,44,0,123906
2026-09-13 15:37:08,"Sun, 13 Sep 2026 15:37:01 GMT",59,455,1.4,11.7,day,95.0,669,8212,11.51,1,1,1,1,1.0,0.5,0.0,0.396,0.148,186,0.0,0.521,2,2,5,7,0,123380
2026-09-13 15:37:57,"Sun, 13 Sep 2026 15:37:48 GMT",25,811,1.8,9.2,day,80.5,1163,12873,10.81,4,2,4,1,1.0,0.24,1.0,0.974,0.241,174,0.0,0.423,10,17,4,21,0,118330
2026-09-13 15:38:13,"Sun, 13 Sep 2026 15:38:01 GMT",25,812,2.1,9.4,day,85.0,336,9365,11.25,4,0,4,1,1.0,1.0,1.0,0.974,0.241,182,0.0,0.458,1,4,1,5,0,121387
2026-09-13 15:38:53,"Sun, 13 Sep 2026 15:38:46 GMT",150,30,2.9,8.7,day,100.3,44,1995,6.27,1,0,1,1,1.0,1.0,0.0,0.396,0.667,177,0.0,0.223,1,1,0,0,0,79801
2026-09-13 15:39:09,"Sun, 13 Sep 2026 15:39:02 GMT",185,16,1.7,6.6,day,91.9,273,2304,9.89,6,5,6,1,1.0,0.46,0.55,0.266,0.5,188,0.0,0.27,4,13,0,8,0,119994
2026-09-13 15:39:58,"Sun, 13 Sep 2026 15:39:46 GMT",53,439,1.8,8.4,day,84.2,49,1686,10.83,0,0,1,1,0.0,0.0,0.0,0.0,0.0,0,0.0,0.0,0,0,0,0,0,122894
2026-09-13 15:40:22,"Sun, 13 Sep 2026 15:40:01 GMT",53,440,1.1,8.3,day,82.8,20,397,10.68,1,0,1,1,1.0,1.0,0.0,0.615,0.352,224,0.0,0.259,1,1,0,0,0,121840
2026-09-13 15:40:59,"Sun, 13 Sep 2026 15:40:46 GMT",59,456,0.8,10.9,day,92.8,297,3472,11.25,1,1,1,1,1.0,0.5,0.0,0.396,0.148,132,0.0,0.55,2,2,1,3,0,121950
2026-09-13 15:41:11,"Sun, 13 Sep 2026 15:41:01 GMT",59,457,0.8,11.2,day,94.7,127,2082,11.3,0,0,1,1,0.0,0.0,0.0,0.0,0.0,0,0.0,0.0,0,0,0,0,0,121610
2026-09-13 15:42:00,"Sun, 13 Sep 2026 15:41:46 GMT",25,813,2.0,8.9,day,83.4,124,3181,11.06,5,0,5,1,1.0,1.0,1.0,0.969,0.241,187,0.0,0.503,1,5,0,5,0,121209
2026-09-13 15:42:12,"Sun, 13 Sep 2026 15:42:02 GMT",150,31,2.3,8.6,day,102.5,40,1052,6.36,1,1,1,1,1.0,0.5,0.0,0.323,0.333,87,0.0,0.101,2,2,0,0,0,80795
2026-09-13 15:42:59,"Sun, 13 Sep 2026 15:42:46 GMT",185,17,1.5,6.8,day,90.8,213,1243,9.89,7,4,7,1,1.0,0.58,0.64,0.26,0.5,189,0.0,0.277,3,12,0,9,0,120879
2026-09-13 15:43:24,"Sun, 13 Sep 2026 15:43:01 GMT",185,18,0.8,6.6,day,89.3,110,539,9.76,3,2,3,1,1.0,0.5,1.0,0.271,0.5,183,0.0,0.373,3,6,0,3,0,120006
2026-09-13 15:44:00,"Sun, 13 Sep 2026 15:43:54 GMT",53,441,0.8,7.7,day,80.7,11,227,10.53,0,0,1,1,0.0,0.0,0.0,0.0,0.0,0,0.0,0.0,0,0,0,0,0,121033
2026-09-13 15:44:16,"Sun, 13 Sep 2026 15:44:03 GMT",53,442,0.6,7.7,day,79.9,3,66,10.44,0,0,1,1,0.0,0.0,0.0,0.0,0.0,0,0.0,0.0,0,0,0,0,0,120378
2026-09-13 15:44:53,"Sun, 13 Sep 2026 15:44:47 GMT",59,458,0.8,10.5,day,91.9,237,3185,11.06,0,0,1,1,0.0,0.0,0.0,0.0,0.0,0,0.0,0.0,0,0,0,0,0,119442
2026-09-13 15:45:05,"Sun, 13 Sep 2026 15:45:02 GMT",25,814,2.6,9.2,day,88.8,66,3759,11.52,4,0,4,1,1.0,1.0,1.0,0.964,0.241,194,0.0,0.515,1,4,1,5,0,122714
2026-09-13 15:47:07,"Sun, 13 Sep 2026 15:47:04 GMT",185,19,0.9,6.0,day,87.8,90,446,9.56,1,1,1,1,1.0,0.33,0.0,0.469,0.426,176,0.0,0.06,3,3,0,1,0,116448
2026-09-13 15:49:21,"Sun, 13 Sep 2026 15:48:47 GMT",75,13,2.5,10.7,day,76.0,2792,16529,2.28,58,37,14,9,0.46,0.28,0.32,0.073,0.233,173,0.0,0.266,32,208,0,98,0,50258
2026-09-13 15:50:00,"Sun, 13 Sep 2026 15:49:46 GMT",116,118,5.5,5.5,day,97.0,3186,19624,6.33,70,60,34,3,0.69,0.33,0.37,0.826,0.011,228,0.0,0.36,23,209,0,138,1,81537
2026-09-13 15:50:11,"Sun, 13 Sep 2026 15:50:01 GMT",116,119,3.6,6.5,day,94.7,570,10204,6.23,14,4,8,2,0.88,0.48,0.78,0.953,0.008,226,0.0,0.414,9,29,0,21,0,80873
2026-09-13 15:50:58,"Sun, 13 Sep 2026 15:50:46 GMT",185,20,2.0,5.5,day,84.4,75,1106,9.45,1,0,1,1,1.0,1.0,0.0,0.229,0.5,160,0.0,0.219,1,1,0,0,0,115826
2026-09-13 15:51:10,"Sun, 13 Sep 2026 15:51:01 GMT",185,21,1.6,5.4,day,82.3,45,706,9.29,1,0,1,1,1.0,1.0,0.0,0.229,0.5,154,0.0,0.266,1,1,0,0,0,114659
2026-09-13 15:51:49,"Sun, 13 Sep 2026 15:51:46 GMT",53,443,2.1,6.7,day,71.6,20,4229,9.73,0,0,1,1,0.0,0.0,0.0,0.0,0.0,0,0.0,0.0,0,0,0,0,0,112609
2026-09-13 15:52:17,"Sun, 13 Sep 2026 15:52:01 GMT",59,459,2.9,9.1,day,81.0,581,7184,10.18,2,2,2,1,1.0,0.29,0.0,0.318,0.167,119,0.0,0.427,5,7,1,7,0,111676
2026-09-13 15:52:52,"Sun, 13 Sep 2026 15:52:47 GMT",25,815,2.9,8.2,day,79.6,170,5665,10.91,2,1,2,1,1.0,0.4,0.0,0.182,0.426,156,0.0,0.49,4,5,1,6,0,116229
2026-09-13 15:53:04,"Sun, 13 Sep 2026 15:53:02 GMT",25,816,2.6,8.7,day,77.1,92,3842,10.7,2,2,2,1,1.0,0.4,0.0,0.161,0.407,132,0.0,0.464,3,5,1,6,0,114676
2026-09-13 15:53:55,"Sun, 13 Sep 2026 15:53:47 GMT",116,120,4.1,5.0,day,87.5,126,7373,6.11,3,1,3,1,1.0,0.75,1.0,0.979,0.0,218,0.0,0.417,2,4,0,4,0,80222
2026-09-13 15:54:07,"Sun, 13 Sep 2026 15:54:01 GMT",116,121,3.8,4.6,day,84.7,28,5289,6.01,1,0,1,1,1.0,1.0,0.0,0.771,0.574,143,0.0,0.435,1,1,0,1,0,79323
2026-09-13 15:54:54,"Sun, 13 Sep 2026 15:54:47 GMT",185,22,2.9,4.3,day,80.2,226,7128,9.12,3,1,2,2,0.75,0.6,1.0,0.226,0.512,146,0.0,0.143,3,5,0,1,0,110744
2026-09-13 15:55:06,"Sun, 13 Sep 2026 15:55:01 GMT",53,444,2.7,6.2,day,68.0,44,5929,9.5,0,0,1,1,0.0,0.0,0.0,0.0,0.0,0,0.0,0.0,0,0,0,0,0,109522
2026-09-13 15:55:53,"Sun, 13 Sep 2026 15:55:46 GMT",59,460,4.0,8.3,day,74.3,1463,19279,8.07,5,3,5,1,1.0,0.13,0.62,0.177,0.63,147,0.0,0.479,29,39,4,37,0,96632
2026-09-13 15:56:09,"Sun, 13 Sep 2026 15:56:01 GMT",59,461,3.5,8.0,day,71.6,585,13431,7.91,3,1,2,2,0.75,0.43,1.0,0.319,0.247,150,0.0,0.205,5,7,1,5,0,95396
2026-09-13 15:56:56,"Sun, 13 Sep 2026 15:56:46 GMT",25,817,5.0,9.3,day,76.6,1993,10439,10.17,85,16,36,10,0.24,0.59,0.64,0.327,0.372,148,0.0,0.351,18,145,1,91,0,109909
2026-09-13 15:57:20,"Sun, 13 Sep 2026 15:57:02 GMT",25,818,3.8,9.2,day,75.7,248,9811,10.11,1,1,1,1,1.0,0.33,0.0,0.458,0.315,134,0.0,0.391,3,3,2,5,0,109263
2026-09-13 15:57:55,"Sun, 13 Sep 2026 15:57:47 GMT",100,81,5.1,6.7,day,79.8,3784,19264,5.9,49,46,13,9,0.42,0.21,0.25,0.041,0.228,189,0.0,0.197,45,231,0,81,0,77451
2026-09-13 15:58:07,"Sun, 13 Sep 2026 15:58:00 GMT",185,23,4.3,4.5,day,78.5,3183,9958,7.78,103,36,34,10,0.3,0.44,0.47,0.191,0.504,139,0.0,0.078,26,232,0,2,1,100423
2026-09-13 15:59:14,"Sun, 13 Sep 2026 15:59:01 GMT",53,445,3.3,5.8,day,57.5,2587,12188,7.14,82,15,35,14,0.17,0.42,0.48,0.138,0.537,137,0.0,0.142,34,196,0,1,0,88934
2026-09-13 15:59:57,"Sun, 13 Sep 2026 15:59:46 GMT",59,462,5.7,7.5,day,62.7,1908,26608,6.98,7,5,7,2,0.5,0.13,0.58,0.146,0.198,123,0.0,0.189,38,52,3,34,0,83021
2026-09-13 16:00:08,"Sun, 13 Sep 2026 16:00:02 GMT",59,463,4.3,7.5,night,61.4,317,19400,6.86,8,2,4,5,0.4,0.67,1.0,0.915,0.312,99,0.0,0.284,3,12,0,7,0,81856
2026-09-13 16:01:10,"Sun, 13 Sep 2026 16:01:01 GMT",47,14,5.1,9.0,night,83.6,1728,11057,5.54,106,4,27,7,0.56,0.92,0.94,0.117,0.834,222,0.0,0.344,5,115,0,67,0,70970
2026-09-13 16:03:09,"Sun, 13 Sep 2026 16:03:00 GMT",53,446,5.6,7.1,night,49.6,6102,19504,6.52,372,20,63,17,0.35,0.83,0.85,0.302,0.501,117,0.0,0.167,14,447,0,6,0,78683
2026-09-13 16:03:52,"Sun, 13 Sep 2026 16:03:50 GMT",59,464,7.1,7.1,night,49.3,1824,34083,5.57,6,4,4,3,0.5,0.14,0.38,0.26,0.12,57,0.0,0.132,28,43,0,21,0,67711
2026-09-13 16:04:04,"Sun, 13 Sep 2026 16:04:02 GMT",86,29,7.0,7.3,night,44.3,6571,32229,6.03,68,55,29,10,0.23,0.23,0.29,0.215,0.558,106,0.0,0.416,74,297,65,327,0,73740
2026-09-13 16:04:50,"Sun, 13 Sep 2026 16:04:46 GMT",64,18,6.7,10.2,night,37.5,8186,24545,4.8,312,112,95,20,0.16,0.59,0.63,0.421,0.398,176,0.0,0.348,41,531,64,387,0,57240
2026-09-13 16:05:18,"Sun, 13 Sep 2026 16:05:01 GMT",47,15,6.5,10.6,night,81.9,3080,15517,5.92,198,2,36,12,0.46,0.97,1.0,0.163,0.805,253,0.09,0.315,5,204,0,94,0,75096
2026-09-13 16:05:53,"Sun, 13 Sep 2026 16:05:46 GMT",30,1601,6.6,10.5,night,65.7,6903,30998,8.39,61,31,18,5,0.68,0.18,0.22,0.551,0.376,151,0.0,0.06,77,338,0,0,0,94021
2026-09-13 16:06:04,"Sun, 13 Sep 2026 16:06:01 GMT",30,1602,4.4,10.4,night,64.5,2400,20482,8.35,6,6,4,2,0.75,0.08,0.15,0.977,0.191,84,0.0,0.116,40,79,0,0,0,93681
2026-09-13 16:07:07,"Sun, 13 Sep 2026 16:07:02 GMT",138,24,5.3,6.9,night,48.0,7375,34664,5.87,21,17,7,10,0.3,0.07,0.14,0.038,0.211,76,0.0,0.539,132,281,105,372,0,69290
2026-09-13 16:08:06,"Sun, 13 Sep 2026 16:08:01 GMT",31,1361,1.3,9.1,night,44.6,3141,13084,7.39,21,16,7,7,0.43,0.16,0.27,0.288,0.455,240,0.0,0.062,51,129,0,0,0,85252
2026-09-13 16:08:52,"Sun, 13 Sep 2026 16:08:46 GMT",127,9,5.1,11.8,night,69.3,880,13447,6.23,4,3,4,1,1.0,0.13,0.4,0.016,0.315,86,0.0,0.155,19,31,0,6,0,76331
2026-09-13 16:09:15,"Sun, 13 Sep 2026 16:09:04 GMT",127,10,5.0,10.4,night,67.1,254,10567,6.19,1,1,1,1,1.0,0.33,0.0,0.406,0.685,105,0.0,0.116,3,3,0,0,0,75682
2026-09-13 16:09:50,"Sun, 13 Sep 2026 16:09:46 GMT",30,1603,1.4,8.7,night,55.1,810,5674,8.3,4,4,4,1,1.0,0.12,0.15,0.214,0.444,145,0.0,0.169,13,33,0,0,0,90695
2026-09-13 16:10:14,"Sun, 13 Sep 2026 16:10:02 GMT",30,1604,1.2,8.7,night,54.3,283,3130,8.29,2,1,2,1,1.0,0.33,0.0,0.286,0.556,99,0.0,0.219,5,6,0,0,0,90512
2026-09-13 16:10:49,"Sun, 13 Sep 2026 16:10:45 GMT",3,1681,2.8,6.0,night,61.3,3509,15341,6.39,34,8,11,10,0.31,0.24,0.47,0.465,0.674,188,0.0,0.061,62,139,0,0,0,71446
2026-09-13 16:11:12,"Sun, 13 Sep 2026 16:11:02 GMT",4,1675,3.5,9.9,night,70.0,12668,30293,8.52,189,159,27,16,0.44,0.2,0.22,0.275,0.863,224,0.0,0.084,114,922,0,1,0,77791
2026-09-13 16:11:47,"Sun, 13 Sep 2026 16:11:46 GMT",31,1362,0.9,9.5,night,43.1,1474,8257,7.2,12,5,6,4,0.5,0.29,0.52,0.295,0.431,234,0.0,0.12,19,41,0,0,0,81264
2026-09-13 16:11:58,"Sun, 13 Sep 2026 16:11:46 GMT",31,1363,0.6,9.5,night,43.1,591,4823,7.2,5,2,3,2,0.83,0.38,1.0,0.3,0.415,45,0.0,0.173,6,13,0,0,0,81264
2026-09-13 16:12:10,"Sun, 13 Sep 2026 16:12:01 GMT",31,1364,0.5,9.4,night,42.8,228,2594,7.37,1,0,1,1,1.0,1.0,0.0,0.104,0.333,113,0.0,0.219,1,1,0,0,0,84621
2026-09-13 16:12:56,"Sun, 13 Sep 2026 16:12:46 GMT",32,20,3.0,4.1,night,50.7,318,3736,5.92,3,3,3,2,0.5,0.3,0.5,0.396,0.679,157,0.0,0.06,5,10,0,3,0,71635
2026-09-13 16:13:08,"Sun, 13 Sep 2026 16:13:01 GMT",32,21,2.9,3.5,night,49.8,139,1854,5.89,2,1,2,1,1.0,0.4,0.0,0.401,0.685,111,0.0,0.116,4,5,1,3,0,71466
2026-09-13 16:13:55,"Sun, 13 Sep 2026 16:13:46 GMT",30,1605,2.6,8.8,night,50.2,94,2990,8.3,0,0,1,1,0.0,0.0,0.0,0.0,0.0,0,0.0,0.0,0,0,0,0,0,90547
2026-09-13 16:14:06,"Sun, 13 Sep 2026 16:14:01 GMT",3,1682,1.5,6.0,night,58.5,1458,9871,6.32,16,4,8,5,0.4,0.42,0.8,0.444,0.655,185,0.0,0.114,17,38,0,0,0,71160
2026-09-13 16:22:29,"Sun, 13 Sep 2026 16:21:46 GMT",3,1683,1.6,6.4,night,58.6,568,6233,6.23,8,2,4,4,0.5,0.62,1.0,0.46,0.657,182,0.0,0.163,5,13,0,0,0,68849
2026-09-13 16:22:56,"Sun, 13 Sep 2026 16:22:48 GMT",4,1676,2.8,10.7,night,64.7,8050,22342,8.61,143,42,27,16,0.33,0.28,0.35,0.268,0.843,218,0.0,0.141,116,518,0,1,0,79966
2026-09-13 16:23:07,"Sun, 13 Sep 2026 16:23:00 GMT",42,35,3.0,10.3,night,34.7,446,7198,2.77,12,3,6,3,0.67,0.48,0.8,0.42,0.61,107,0.0,0.448,10,25,0,22,0,33050
2026-09-13 16:23:50,"Sun, 13 Sep 2026 16:23:46 GMT",35,68,1.0,10.7,night,13.9,264,2166,2.76,1,1,1,1,1.0,0.25,0.0,0.604,0.389,69,0.0,0.373,4,4,4,7,0,36127
2026-09-13 16:24:16,"Sun, 13 Sep 2026 16:24:01 GMT",2,1771,1.6,12.6,night,36.6,1025,4702,5.43,12,6,4,6,0.5,0.34,0.57,0.115,0.813,255,0.33,0.061,16,35,0,0,0,64005
2026-09-13 16:24:52,"Sun, 13 Sep 2026 16:24:46 GMT",30,1606,2.7,8.9,night,48.1,68,2999,8.25,1,1,1,1,1.0,0.5,0.0,0.281,0.5,25,0.0,0.104,2,2,0,0,0,90369
2026-09-13 16:25:04,"Sun, 13 Sep 2026 16:25:01 GMT",30,1607,1.9,9.0,night,48.0,12,812,8.23,0,0,1,1,0.0,0.0,0.0,0.0,0.0,0,0.0,0.0,0,0,0,0,0,90330
2026-09-13 16:25:51,"Sun, 13 Sep 2026 16:25:46 GMT",3,1684,1.4,6.6,night,57.7,392,3409,6.26,13,3,6,4,0.54,0.72,0.81,0.087,0.319,121,0.0,0.06,4,18,0,0,0,69202
2026-09-13 16:26:07,"Sun, 13 Sep 2026 16:26:01 GMT",3,1685,0.9,6.5,night,57.5,77,1411,6.24,1,0,1,1,1.0,1.0,0.0,0.448,0.63,163,0.0,0.267,1,1,0,0,0,69007
2026-09-13 16:26:53,"Sun, 13 Sep 2026 16:26:46 GMT",4,1677,2.1,11.1,night,65.7,4536,16013,8.59,107,26,22,14,0.35,0.42,0.58,0.256,0.835,217,0.0,0.197,67,253,0,1,0,78084
2026-09-13 16:27:05,"Sun, 13 Sep 2026 16:27:01 GMT",31,1365,1.0,9.2,night,40.3,118,1315,7.21,1,0,1,1,1.0,1.0,0.0,0.188,0.481,164,0.0,0.06,1,1,0,0,0,83819
2026-09-13 16:27:55,"Sun, 13 Sep 2026 16:27:46 GMT",2,1772,1.3,12.9,night,35.9,516,2789,5.45,4,2,3,2,0.67,0.29,1.0,0.115,0.782,230,0.0,0.12,10,14,0,0,0,65675
2026-09-13 16:28:07,"Sun, 13 Sep 2026 16:28:00 GMT",2,1773,1.0,12.9,night,35.9,240,1630,5.46,3,2,3,1,1.0,0.5,1.0,0.115,0.778,226,0.0,0.173,3,6,0,0,0,65874
2026-09-13 16:28:57,"Sun, 13 Sep 2026 16:28:46 GMT",30,1608,1.4,9.0,night,47.9,30,391,8.24,1,1,1,1,1.0,0.5,0.0,0.271,0.5,22,0.0,0.099,2,2,0,0,0,90013
2026-09-13 16:29:09,"Sun, 13 Sep 2026 16:29:01 GMT",30,1609,1.0,9.0,night,47.9,9,140,8.24,0,0,1,1,0.0,0.0,0.0,0.0,0.0,0,0.0,0.0,0,0,0,0,0,90090
2026-09-13 16:30:07,"Sun, 13 Sep 2026 16:30:01 GMT",4,1678,1.6,11.3,night,65.2,2466,12080,8.62,69,9,18,12,0.32,0.57,0.72,0.244,0.819,217,0.0,0.248,26,120,0,5,0,78335
2026-09-13 16:30:58,"Sun, 13 Sep 2026 16:30:46 GMT",31,1366,0.7,9.2,night,40.3,38,653,7.19,1,0,1,1,1.0,1.0,0.0,0.188,0.481,166,0.0,0.116,1,1,0,0,0,83535
2026-09-13 16:31:09,"Sun, 13 Sep 2026 16:31:02 GMT",31,1367,0.5,9.3,night,40.3,13,272,7.19,0,0,1,1,0.0,0.0,0.0,0.0,0.0,0,0.0,0.0,0,0,0,0,0,83638
2026-09-13 16:32:00,"Sun, 13 Sep 2026 16:31:47 GMT",2,1774,1.2,13.5,night,35.7,108,1039,5.45,2,0,2,1,1.0,1.0,0.0,0.109,0.778,230,0.0,0.223,1,2,0,0,0,63759
2026-09-13 16:32:11,"Sun, 13 Sep 2026 16:32:01 GMT",2,1775,1.0,13.6,night,35.7,40,559,5.44,1,0,1,1,1.0,1.0,0.0,0.115,0.778,109,0.0,0.271,1,1,0,0,0,63850
2026-09-13 16:32:58,"Sun, 13 Sep 2026 16:32:47 GMT",30,1610,0.7,9.0,night,47.9,3,117,8.27,0,0,1,1,0.0,0.0,0.0,0.0,0.0,0,0.0,0.0,0,0,0,0,0,90271
2026-09-13 16:33:09,"Sun, 13 Sep 2026 16:33:02 GMT",3,1686,0.7,6.5,night,57.5,35,617,6.24,0,0,1,1,0.0,0.0,0.0,0.0,0.0,0,0.0,0.0,0,0,0,0,0,69177
2026-09-13 16:34:01,"Sun, 13 Sep 2026 16:33:47 GMT",4,1679,1.1,11.2,night,64.9,1462,8908,8.65,43,5,13,9,0.37,0.6,0.73,0.222,0.792,223,0.0,0.297,18,72,0,19,0,78579
2026-09-13 16:34:12,"Sun, 13 Sep 2026 16:34:02 GMT",4,1680,0.8,11.2,night,64.8,540,4609,8.63,6,5,4,3,0.5,0.24,0.32,0.276,0.793,197,0.0,0.347,10,25,0,25,0,78423
2026-09-13 16:39:26,"Sun, 13 Sep 2026 16:39:00 GMT",2,1776,0.7,13.5,night,35.4,32,345,5.47,1,0,1,1,1.0,1.0,0.0,0.042,0.796,238,0.0,0.06,1,1,0,0,0,65958
2026-09-13 16:39:51,"Sun, 13 Sep 2026 16:39:46 GMT",30,1611,0.6,9.0,night,47.7,58,287,8.24,2,1,2,1,1.0,0.5,0.0,0.255,0.5,23,0.0,0.146,3,4,0,0,0,90310
2026-09-13 16:40:28,"Sun, 13 Sep 2026 16:40:02 GMT",30,1612,0.5,9.0,night,47.7,34,169,8.27,1,1,1,1,1.0,0.5,0.0,0.25,0.5,23,0.0,0.213,2,2,0,0,0,90430
2026-09-13 16:40:52,"Sun, 13 Sep 2026 16:40:47 GMT",3,1687,0.5,6.4,night,58.1,37,512,6.24,0,0,1,1,0.0,0.0,0.0,0.0,0.0,0,0.0,0.0,0,0,0,0,0,68883
2026-09-13 16:41:04,"Sun, 13 Sep 2026 16:41:01 GMT",3,1688,0.3,6.4,night,58.0,2,219,6.24,0,0,1,1,0.0,0.0,0.0,0.0,0.0,0,0.0,0.0,0,0,0,0,0,68908
2026-09-13 16:42:00,"Sun, 13 Sep 2026 16:41:46 GMT",4,1681,0.6,11.3,night,64.7,551,3702,8.62,6,3,2,4,0.75,0.24,0.67,0.403,0.269,87,0.0,0.096,13,25,0,5,0,78210
2026-09-13 16:42:12,"Sun, 13 Sep 2026 16:42:01 GMT",23,548,1.1,8.6,night,24.7,1113,6249,5.94,7,4,5,3,0.47,0.24,0.33,0.293,0.421,100,0.0,0.179,12,29,0,0,0,67970
2026-09-13 16:42:48,"Sun, 13 Sep 2026 16:42:46 GMT",2,1777,0.5,13.4,night,35.1,22,194,5.41,1,0,1,1,1.0,1.0,0.0,0.042,0.796,240,0.0,0.117,1,1,0,0,0,65129
2026-09-13 16:43:12,"Sun, 13 Sep 2026 16:43:05 GMT",2,1778,0.4,13.4,night,35.1,33,122,5.44,2,0,2,1,1.0,1.0,0.0,0.911,0.241,15,0.0,0.06,1,2,0,0,0,65661
2026-09-13 16:44:12,"Sun, 13 Sep 2026 16:44:03 GMT",30,1613,0.3,9.1,night,47.4,38,172,8.17,1,0,1,1,1.0,1.0,0.0,0.167,0.537,81,0.0,0.085,1,1,0,0,0,89550
2026-09-13 16:44:49,"Sun, 13 Sep 2026 16:44:46 GMT",3,1689,0.3,6.4,night,58.0,4,103,6.22,0,0,1,1,0.0,0.0,0.0,0.0,0.0,0,0.0,0.0,0,0,0,0,0,68770
2026-09-13 16:45:17,"Sun, 13 Sep 2026 16:45:09 GMT",4,1682,0.4,11.1,night,65.5,335,2544,8.63,2,1,2,1,1.0,0.2,0.0,0.401,0.259,85,0.0,0.179,9,10,0,1,0,78294
2026-09-13 16:46:05,"Sun, 13 Sep 2026 16:46:02 GMT",31,1368,0.7,8.6,night,39.8,85,457,7.14,3,1,2,2,0.75,0.75,1.0,0.153,0.432,150,0.0,0.06,2,4,0,0,0,83238
2026-09-13 16:46:53,"Sun, 13 Sep 2026 16:46:46 GMT",2,1779,0.6,13.6,night,35.7,18,57,5.44,0,0,1,1,0.0,0.0,0.0,0.0,0.0,0,0.0,0.0,0,0,0,0,0,63896
2026-09-13 16:47:05,"Sun, 13 Sep 2026 16:47:01 GMT",2,1780,0.4,13.6,night,35.7,9,34,5.44,0,0,1,1,0.0,0.0,0.0,0.0,0.0,0,0.0,0.0,0,0,0,0,0,63911
2026-09-13 16:47:53,"Sun, 13 Sep 2026 16:47:47 GMT",30,1614,0.3,9.1,night,47.3,37,195,8.15,1,0,1,1,1.0,1.0,0.0,0.167,0.537,87,0.0,0.14,1,1,0,0,0,89574
2026-09-13 16:48:05,"Sun, 13 Sep 2026 16:48:01 GMT",65,13,4.8,10.6,night,175.5,5729,19852,7.98,82,65,28,9,0.33,0.22,0.24,0.193,0.61,255,0.06,0.233,58,379,0,89,0,83072
2026-09-13 16:48:54,"Sun, 13 Sep 2026 16:48:47 GMT",4,1683,0.3,11.2,night,65.5,230,2024,8.23,3,1,2,3,0.5,0.75,1.0,0.476,0.944,184,0.0,0.341,2,4,0,3,0,73560
2026-09-13 16:49:06,"Sun, 13 Sep 2026 16:49:02 GMT",4,1684,0.3,11.1,night,65.3,96,903,8.61,2,0,2,2,0.5,1.0,0.0,0.474,0.954,166,0.0,0.35,1,2,0,1,0,78030
2026-09-13 16:49:54,"Sun, 13 Sep 2026 16:49:46 GMT",31,1369,0.5,8.6,night,39.9,51,305,7.16,2,0,2,1,1.0,1.0,0.0,0.151,0.426,127,0.0,0.117,1,2,0,0,0,83086
2026-09-13 16:50:06,"Sun, 13 Sep 2026 16:50:01 GMT",31,1370,0.4,8.6,night,39.8,43,197,7.15,2,0,2,1,1.0,1.0,0.0,0.151,0.426,128,0.0,0.17,1,2,0,0,0,83081
2026-09-13 16:51:10,"Sun, 13 Sep 2026 16:51:02 GMT",30,1615,0.7,8.9,night,49.5,59,231,8.36,2,1,2,1,1.0,0.67,0.0,0.161,0.537,92,0.0,0.132,2,3,0,0,0,90515
2026-09-13 16:53:38,"Sun, 13 Sep 2026 16:53:02 GMT",4,1685,0.3,11.1,night,65.2,121,1443,8.61,2,1,1,2,1.0,0.67,0.0,0.479,0.935,189,0.0,0.456,2,3,0,3,0,78374
2026-09-13 16:53:50,"Sun, 13 Sep 2026 16:53:47 GMT",31,1371,0.4,8.7,night,40.4,15,294,7.18,0,0,1,1,0.0,0.0,0.0,0.0,0.0,0,0.0,0.0,0,0,0,0,0,82944
2026-09-13 16:54:48,"Sun, 13 Sep 2026 16:54:46 GMT",125,4,7.5,13.1,night,37.0,12036,24984,3.91,783,9,63,24,0.52,0.92,0.94,0.259,0.654,255,0.08,0.129,30,851,0,0,0,41348
2026-09-13 16:55:15,"Sun, 13 Sep 2026 16:55:01 GMT",30,1616,0.4,9.1,night,47.3,92,350,8.15,5,2,5,1,1.0,0.71,1.0,0.167,0.537,98,0.0,0.111,2,7,0,0,0,89502
2026-09-13 16:55:54,"Sun, 13 Sep 2026 16:55:46 GMT",3,1690,0.2,6.4,night,58.0,17,228,6.23,0,0,1,1,0.0,0.0,0.0,0.0,0.0,0,0.0,0.0,0,0,0,0,0,68793
2026-09-13 16:56:09,"Sun, 13 Sep 2026 16:56:01 GMT",3,1691,0.2,6.4,night,57.9,11,108,6.23,0,0,1,1,0.0,0.0,0.0,0.0,0.0,0,0.0,0.0,0,0,0,0,0,68709
2026-09-13 16:56:56,"Sun, 13 Sep 2026 16:56:49 GMT",4,1686,0.3,11.1,night,64.4,126,1229,8.63,2,1,1,2,1.0,0.67,0.0,0.479,0.935,187,0.0,0.489,2,3,0,3,0,78287
2026-09-13 16:57:58,"Sun, 13 Sep 2026 16:57:46 GMT",31,1372,0.3,8.6,night,39.9,11,233,7.15,0,0,1,1,0.0,0.0,0.0,0.0,0.0,0,0.0,0.0,0,0,0,0,0,83050
2026-09-13 16:58:09,"Sun, 13 Sep 2026 16:58:01 GMT",2,1781,0.4,13.6,night,35.8,30,152,5.45,1,0,1,1,1.0,1.0,0.0,0.354,0.685,176,0.0,0.06,1,1,0,0,0,63926
2026-09-13 16:58:56,"Sun, 13 Sep 2026 16:58:46 GMT",30,1617,0.3,9.1,night,47.4,55,221,8.16,3,2,3,1,1.0,0.6,1.0,0.156,0.537,81,0.0,0.195,2,5,0,0,0,89351
2026-09-13 16:59:11,"Sun, 13 Sep 2026 16:59:01 GMT",30,1618,0.3,9.1,night,47.5,13,152,8.17,0,0,1,1,0.0,0.0,0.0,0.0,0.0,0,0.0,0.0,0,0,0,0,0,89513
2026-09-13 16:59:58,"Sun, 13 Sep 2026 16:59:46 GMT",3,1692,0.4,6.5,night,57.2,9,75,6.26,0,0,1,1,0.0,0.0,0.0,0.0,0.0,0,0.0,0.0,0,0,0,0,0,68932
2026-09-13 17:00:13,"Sun, 13 Sep 2026 17:00:01 GMT",3,1693,0.3,6.5,night,57.2,5,34,6.26,0,0,1,1,0.0,0.0,0.0,0.0,0.0,0,0.0,0.0,0,0,0,0,0,69011
2026-09-13 17:01:01,"Sun, 13 Sep 2026 17:00:50 GMT",38,23,2.8,7.9,night,50.4,2163,15372,3.73,10,9,5,4,0.5,0.11,0.29,0.364,0.637,134,0.0,0.402,54,92,8,34,0,42341
2026-09-13 17:01:12,"Sun, 13 Sep 2026 17:01:01 GMT",31,1373,0.3,8.8,night,40.1,14,193,7.04,0,0,1,1,0.0,0.0,0.0,0.0,0.0,0,0.0,0.0,0,0,0,0,0,80354
2026-09-13 17:01:59,"Sun, 13 Sep 2026 17:01:45 GMT",2,1782,0.4,13.3,night,34.9,17,72,5.41,0,0,1,1,0.0,0.0,0.0,0.0,0.0,0,0.0,0.0,0,0,0,0,0,65450
2026-09-13 17:02:11,"Sun, 13 Sep 2026 17:02:01 GMT",2,1783,0.3,13.4,night,34.9,11,44,5.42,0,0,1,1,0.0,0.0,0.0,0.0,0.0,0,0.0,0.0,0,0,0,0,0,65571
2026-09-13 17:02:57,"Sun, 13 Sep 2026 17:02:48 GMT",30,1619,0.2,9.1,night,47.5,7,116,8.16,0,0,1,1,0.0,0.0,0.0,0.0,0.0,0,0.0,0.0,0,0,0,0,0,89503
2026-09-13 17:03:08,"Sun, 13 Sep 2026 17:03:02 GMT",30,1620,0.2,9.1,night,47.6,2,65,8.17,0,0,1,1,0.0,0.0,0.0,0.0,0.0,0,0.0,0.0,0,0,0,0,0,89533
2026-09-13 17:03:56,"Sun, 13 Sep 2026 17:03:46 GMT",3,1694,0.3,6.8,night,57.8,3,27,6.22,0,0,1,1,0.0,0.0,0.0,0.0,0.0,0,0.0,0.0,0,0,0,0,0,68657
2026-09-13 17:04:58,"Sun, 13 Sep 2026 17:04:46 GMT",23,549,1.5,10.1,night,23.6,473,4058,5.73,3,2,2,2,0.75,0.3,1.0,0.299,0.42,14,0.0,0.246,7,10,0,1,0,67291
2026-09-13 17:05:13,"Sun, 13 Sep 2026 17:05:01 GMT",31,1374,0.4,9.2,night,40.6,15,80,7.21,0,0,1,1,0.0,0.0,0.0,0.0,0.0,0,0.0,0.0,0,0,0,0,0,83172
2026-09-13 17:10:28,"Sun, 13 Sep 2026 17:10:01 GMT",30,1621,0.3,9.1,night,47.7,51,190,8.21,3,2,2,2,0.75,0.6,1.0,0.142,0.549,92,0.0,0.091,2,5,0,0,0,89814
2026-09-13 17:10:52,"Sun, 13 Sep 2026 17:10:46 GMT",36,42,2.5,11.3,night,108.7,4500,17479,7.72,41,23,13,10,0.32,0.17,0.22,0.461,0.68,255,0.12,0.237,67,236,3,56,0,77075
2026-09-13 17:11:04,"Sun, 13 Sep 2026 17:11:02 GMT",3,1695,0.3,6.9,night,57.4,11,59,6.27,0,0,1,1,0.0,0.0,0.0,0.0,0.0,0,0.0,0.0,0,0,0,0,0,68961
2026-09-13 17:12:04,"Sun, 13 Sep 2026 17:12:01 GMT",4,1687,2.3,11.5,night,65.6,1072,2778,8.68,48,5,15,5,0.64,0.8,0.91,0.277,0.519,255,0.06,0.06,8,60,0,4,0,78347
2026-09-13 17:12:57,"Sun, 13 Sep 2026 17:12:46 GMT",31,1375,0.3,9.2,night,40.8,21,155,7.24,0,0,1,1,0.0,0.0,0.0,0.0,0.0,0,0.0,0.0,0,0,0,0,0,83216
2026-09-13 17:13:09,"Sun, 13 Sep 2026 17:13:01 GMT",2,1784,2.8,11.1,night,31.6,16,1210,4.98,0,0,1,1,0.0,0.0,0.0,0.0,0.0,0,0.0,0.0,0,0,0,0,0,61481
2026-09-13 17:14:05,"Sun, 13 Sep 2026 17:13:53 GMT",30,1622,0.5,9.0,night,48.4,27,124,8.31,0,0,1,1,0.0,0.0,0.0,0.0,0.0,0,0.0,0.0,0,0,0,0,0,90635
2026-09-13 17:15:10,"Sun, 13 Sep 2026 17:15:06 GMT",3,1696,0.3,6.8,night,57.9,8,63,6.23,0,0,1,1,0.0,0.0,0.0,0.0,0.0,0,0.0,0.0,0,0,0,0,0,68762
2026-09-13 17:15:51,"Sun, 13 Sep 2026 17:15:45 GMT",4,1688,0.8,11.0,night,64.5,661,1885,8.61,28,3,14,5,0.4,0.78,0.9,0.277,0.521,133,0.0,0.116,6,36,0,4,0,77998
2026-09-13 17:16:19,"Sun, 13 Sep 2026 17:16:02 GMT",37,16,6.2,6.8,night,87.9,6918,25810,2.4,150,146,53,16,0.18,0.3,0.34,0.307,0.386,155,0.0,0.365,56,496,0,167,0,41048
2026-09-13 17:16:55,"Sun, 13 Sep 2026 17:16:45 GMT",35,69,1.6,11.3,night,16.0,2359,8166,2.65,82,18,23,11,0.32,0.59,0.65,0.332,0.5,205,0.0,0.373,21,140,15,109,0,34315
2026-09-13 17:17:07,"Sun, 13 Sep 2026 17:17:01 GMT",2,1785,1.5,13.8,night,35.7,11,63,5.41,0,0,1,1,0.0,0.0,0.0,0.0,0.0,0,0.0,0.0,0,0,0,0,0,63975
2026-09-13 17:17:55,"Sun, 13 Sep 2026 17:17:46 GMT",30,1623,0.4,9.3,night,46.6,31,128,8.07,1,1,1,1,1.0,0.5,0.0,0.208,0.519,25,0.0,0.146,2,2,0,0,0,88821
2026-09-13 17:18:11,"Sun, 13 Sep 2026 17:18:00 GMT",30,1624,0.4,9.2,night,46.5,18,105,8.07,0,0,1,1,0.0,0.0,0.0,0.0,0.0,0,0.0,0.0,0,0,0,0,0,88846
2026-09-13 17:19:23,"Sun, 13 Sep 2026 17:19:01 GMT",4,1689,3.5,12.0,night,73.9,3109,14067,8.83,23,19,7,7,0.47,0.18,0.28,0.194,0.775,230,0.0,0.22,41,125,1,2,0,76507
2026-09-13 17:20:00,"Sun, 13 Sep 2026 17:19:47 GMT",67,13,5.3,5.6,night,84.1,6343,21216,2.33,176,169,81,15,0.14,0.38,0.39,0.418,0.233,98,0.0,0.238,20,458,0,130,0,39510
2026-09-13 17:20:24,"Sun, 13 Sep 2026 17:20:01 GMT",31,1376,0.3,9.4,night,40.9,15,159,7.25,0,0,1,1,0.0,0.0,0.0,0.0,0.0,0,0.0,0.0,0,0,0,0,0,83395
2026-09-13 17:21:12,"Sun, 13 Sep 2026 17:21:01 GMT",2,1786,0.5,13.5,night,35.1,15,43,5.43,0,0,1,1,0.0,0.0,0.0,0.0,0.0,0,0.0,0.0,0,0,0,0,0,65595
2026-09-13 17:21:52,"Sun, 13 Sep 2026 17:21:46 GMT",30,1625,0.3,9.1,night,47.8,15,95,8.21,0,0,1,1,0.0,0.0,0.0,0.0,0.0,0,0.0,0.0,0,0,0,0,0,89960
2026-09-13 17:22:04,"Sun, 13 Sep 2026 17:22:01 GMT",30,1626,0.3,9.1,night,47.8,11,79,8.22,0,0,1,1,0.0,0.0,0.0,0.0,0.0,0,0.0,0.0,0,0,0,0,0,89859
2026-09-13 17:27:07,"Sun, 13 Sep 2026 17:27:03 GMT",4,1690,1.3,10.9,night,65.2,403,2699,8.59,4,3,2,3,0.67,0.29,0.57,0.471,0.926,195,0.0,0.353,8,14,1,4,0,78063
2026-09-13 17:27:59,"Sun, 13 Sep 2026 17:27:48 GMT",31,1377,0.3,9.3,night,40.2,31,165,7.18,1,0,1,1,1.0,1.0,0.0,0.854,0.278,23,0.0,0.06,1,1,0,0,0,83176
2026-09-13 17:28:11,"Sun, 13 Sep 2026 17:28:01 GMT",31,1378,0.2,9.3,night,40.2,7,107,7.19,0,0,1,1,0.0,0.0,0.0,0.0,0.0,0,0.0,0.0,0,0,0,0,0,83125
2026-09-13 17:28:59,"Sun, 13 Sep 2026 17:28:46 GMT",2,1787,0.5,13.6,night,35.5,17,47,5.48,0,0,1,1,0.0,0.0,0.0,0.0,0.0,0,0.0,0.0,0,0,0,0,0,65769
2026-09-13 17:29:11,"Sun, 13 Sep 2026 17:29:01 GMT",30,1627,0.2,9.1,night,47.7,44,137,8.23,2,0,2,1,1.0,1.0,0.0,0.12,0.556,84,0.0,0.06,1,2,0,0,0,89992
2026-09-13 17:29:59,"Sun, 13 Sep 2026 17:29:46 GMT",3,1697,0.4,6.6,night,59.2,10,139,6.21,0,0,1,1,0.0,0.0,0.0,0.0,0.0,0,0.0,0.0,0,0,0,0,0,68211
2026-09-13 17:30:11,"Sun, 13 Sep 2026 17:30:01 GMT",3,1698,0.3,6.6,night,59.1,4,70,6.21,0,0,1,1,0.0,0.0,0.0,0.0,0.0,0,0.0,0.0,0,0,0,0,0,68359
2026-09-13 17:30:47,"Sun, 13 Sep 2026 17:30:46 GMT",4,1691,1.1,10.7,night,66.2,189,1551,8.59,1,1,1,1,1.0,0.5,0.0,0.583,0.759,171,0.0,0.335,2,2,1,3,0,77838
2026-09-13 17:31:03,"Sun, 13 Sep 2026 17:31:01 GMT",4,1692,0.8,10.7,night,66.3,93,940,8.6,1,1,1,1,1.0,0.5,0.0,0.073,0.352,117,0.0,0.06,2,2,1,2,0,77947
2026-09-13 17:31:55,"Sun, 13 Sep 2026 17:31:46 GMT",31,1379,0.3,9.4,night,40.9,17,88,7.25,0,0,1,1,0.0,0.0,0.0,0.0,0.0,0,0.0,0.0,0,0,0,0,0,83225
2026-09-13 17:32:08,"Sun, 13 Sep 2026 17:32:01 GMT",2,1788,0.3,13.5,night,35.1,10,38,5.43,0,0,1,1,0.0,0.0,0.0,0.0,0.0,0,0.0,0.0,0,0,0,0,0,65663
2026-09-13 17:33:00,"Sun, 13 Sep 2026 17:32:46 GMT",30,1628,0.5,9.3,night,46.5,4,80,8.07,0,0,1,1,0.0,0.0,0.0,0.0,0.0,0,0.0,0.0,0,0,0,0,0,88800
2026-09-13 17:33:12,"Sun, 13 Sep 2026 17:33:01 GMT",30,1629,0.4,9.2,night,46.6,0,44,8.09,0,0,1,1,0.0,0.0,0.0,0.0,0.0,0,0.0,0.0,0,0,0,0,0,88832
2026-09-13 17:33:48,"Sun, 13 Sep 2026 17:33:46 GMT",3,1699,0.5,6.5,night,59.8,2,62,6.16,0,0,1,1,0.0,0.0,0.0,0.0,0.0,0,0.0,0.0,0,0,0,0,0,67890
2026-09-13 17:34:12,"Sun, 13 Sep 2026 17:34:01 GMT",3,1700,0.8,6.4,night,61.0,157,219,6.1,11,0,3,5,0.73,1.0,1.0,0.98,0.606,125,0.0,0.065,1,11,0,0,0,67383
2026-09-13 17:34:48,"Sun, 13 Sep 2026 17:34:47 GMT",4,1693,0.9,10.5,night,67.3,90,1021,8.54,1,0,1,1,1.0,1.0,0.0,0.469,0.926,124,0.0,0.424,1,1,1,2,0,77670
2026-09-13 17:35:00,"Sun, 13 Sep 2026 17:34:47 GMT",4,1694,0.6,10.5,night,67.3,31,412,8.54,0,0,1,1,0.0,0.0,0.0,0.0,0.0,0,0.0,0.0,0,0,0,0,0,77670
2026-09-13 17:35:24,"Sun, 13 Sep 2026 17:35:00 GMT",5,193,2.6,8.6,night,76.5,4021,17003,8.99,24,22,9,5,0.53,0.13,0.19,0.283,0.604,232,0.0,0.083,57,178,0,16,0,89794
2026-09-13 17:36:05,"Sun, 13 Sep 2026 17:36:01 GMT",2,1789,0.6,13.5,night,36.3,4,29,5.47,0,0,1,1,0.0,0.0,0.0,0.0,0.0,0,0.0,0.0,0,0,0,0,0,64011
2026-09-13 17:36:53,"Sun, 13 Sep 2026 17:36:46 GMT",30,1630,0.3,9.1,night,47.9,0,33,8.22,0,0,1,1,0.0,0.0,0.0,0.0,0.0,0,0.0,0.0,0,0,0,0,0,89826
2026-09-13 17:37:09,"Sun, 13 Sep 2026 17:37:02 GMT",30,1631,0.3,9.1,night,47.9,0,35,8.24,0,0,1,1,0.0,0.0,0.0,0.0,0.0,0,0.0,0.0,0,0,0,0,0,90076
2026-09-13 17:37:57,"Sun, 13 Sep 2026 17:37:46 GMT",3,1701,0.4,6.4,night,60.2,4,142,6.14,0,0,1,1,0.0,0.0,0.0,0.0,0.0,0,0.0,0.0,0,0,0,0,0,67715
2026-09-13 17:38:09,"Sun, 13 Sep 2026 17:38:02 GMT",4,1695,0.6,10.5,night,68.0,24,574,8.36,0,0,1,1,0.0,0.0,0.0,0.0,0.0,0,0.0,0.0,0,0,0,0,0,75145
2026-09-13 17:42:58,"Sun, 13 Sep 2026 17:42:46 GMT",31,1380,0.3,9.3,night,40.8,17,161,7.23,0,0,1,1,0.0,0.0,0.0,0.0,0.0,0,0.0,0.0,0,0,0,0,0,83147
2026-09-13 17:43:10,"Sun, 13 Sep 2026 17:43:01 GMT",31,1381,0.2,9.3,night,40.8,9,76,7.24,0,0,1,1,0.0,0.0,0.0,0.0,0.0,0,0.0,0.0,0,0,0,0,0,83216
2026-09-13 17:43:50,"Sun, 13 Sep 2026 17:43:46 GMT",2,1790,0.4,13.6,night,35.4,5,25,5.48,0,0,1,1,0.0,0.0,0.0,0.0,0.0,0,0.0,0.0,0,0,0,0,0,65759
2026-09-13 17:44:06,"Sun, 13 Sep 2026 17:44:03 GMT",30,1632,0.7,9.0,night,50.0,3,83,8.34,0,0,1,1,0.0,0.0,0.0,0.0,0.0,0,0.0,0.0,0,0,0,0,0,89761
2026-09-13 17:44:54,"Sun, 13 Sep 2026 17:44:47 GMT",91,69,2.1,7.8,night,37.4,765,9184,5.63,1,1,1,1,1.0,0.17,0.0,0.448,0.648,77,0.0,0.06,6,6,0,1,0,64937
2026-09-13 17:45:10,"Sun, 13 Sep 2026 17:45:01 GMT",3,1702,0.6,6.8,night,58.1,7,122,6.25,0,0,1,1,0.0,0.0,0.0,0.0,0.0,0,0.0,0.0,0,0,0,0,0,68719
2026-09-13 17:46:03,"Sun, 13 Sep 2026 17:46:01 GMT",4,1696,0.4,10.8,night,66.0,114,795,8.62,2,0,2,1,1.0,1.0,0.0,0.474,0.926,203,0.0,0.436,1,2,1,3,0,78046
2026-09-13 17:46:19,"Sun, 13 Sep 2026 17:46:01 GMT",4,1697,0.3,10.8,night,66.0,50,391,8.62,0,0,1,1,0.0,0.0,0.0,0.0,0.0,0,0.0,0.0,0,0,1,1,0,78046
2026-09-13 17:46:55,"Sun, 13 Sep 2026 17:46:46 GMT",31,1382,0.4,9.4,night,40.4,5,64,7.23,0,0,1,1,0.0,0.0,0.0,0.0,0.0,0,0.0,0.0,0,0,0,0,0,83291
2026-09-13 17:47:07,"Sun, 13 Sep 2026 17:47:01 GMT",35,70,1.3,11.0,night,16.2,1728,6484,2.56,44,22,20,8,0.28,0.44,0.52,0.289,0.477,161,0.0,0.411,17,99,16,100,0,33068
2026-09-13 17:47:54,"Sun, 13 Sep 2026 17:47:46 GMT",41,39,1.7,15.4,night,28.3,2090,7122,3.95,5,4,4,2,0.62,0.14,0.28,0.09,0.707,252,1.0,0.535,21,36,116,145,0,49526
2026-09-13 17:48:06,"Sun, 13 Sep 2026 17:48:01 GMT",30,1633,0.3,9.1,night,47.7,2,62,8.23,0,0,1,1,0.0,0.0,0.0,0.0,0.0,0,0.0,0.0,0,0,0,0,0,90151
2026-09-13 17:48:59,"Sun, 13 Sep 2026 17:48:46 GMT",3,1703,0.3,6.7,night,59.1,13,102,6.23,0,0,1,1,0.0,0.0,0.0,0.0,0.0,0,0.0,0.0,0,0,0,0,0,68465
2026-09-13 17:49:11,"Sun, 13 Sep 2026 17:49:01 GMT",3,1704,0.3,6.7,night,58.9,6,34,6.23,0,0,1,1,0.0,0.0,0.0,0.0,0.0,0,0.0,0.0,0,0,0,0,0,68509
2026-09-13 17:50:03,"Sun, 13 Sep 2026 17:50:01 GMT",4,1698,0.4,10.9,night,66.2,158,872,8.65,4,1,2,3,0.67,0.8,1.0,0.471,0.926,201,0.0,0.322,2,5,1,3,0,78356
2026-09-13 17:50:15,"Sun, 13 Sep 2026 17:50:01 GMT",4,1699,0.3,10.9,night,66.2,78,448,8.65,2,0,1,2,1.0,1.0,0.0,0.469,0.935,189,0.0,0.362,1,2,1,2,0,78356
2026-09-13 17:50:51,"Sun, 13 Sep 2026 17:50:46 GMT",31,1383,0.3,9.4,night,40.9,11,99,7.28,0,0,1,1,0.0,0.0,0.0,0.0,0.0,0,0.0,0.0,0,0,0,0,0,83409
2026-09-13 17:51:15,"Sun, 13 Sep 2026 17:51:03 GMT",2,1791,0.3,13.6,night,35.4,13,37,5.47,0,0,1,1,0.0,0.0,0.0,0.0,0.0,0,0.0,0.0,0,0,0,0,0,65798
2026-09-13 17:51:51,"Sun, 13 Sep 2026 17:51:46 GMT",30,1634,0.3,9.1,night,47.9,38,116,8.18,1,0,1,1,1.0,1.0,0.0,0.115,0.556,93,0.0,0.099,1,1,0,0,0,88363
2026-09-13 17:52:07,"Sun, 13 Sep 2026 17:52:01 GMT",30,1635,0.2,9.1,night,47.9,16,86,8.16,0,0,1,1,0.0,0.0,0.0,0.0,0.0,0,0.0,0.0,0,0,0,0,0,88361
2026-09-13 17:52:55,"Sun, 13 Sep 2026 17:52:46 GMT",3,1705,0.2,6.7,night,59.0,8,34,6.23,0,0,1,1,0.0,0.0,0.0,0.0,0.0,0,0.0,0.0,0,0,0,0,0,68443
2026-09-13 17:53:07,"Sun, 13 Sep 2026 17:53:02 GMT",3,1706,0.2,6.7,night,59.1,7,21,6.21,0,0,1,1,0.0,0.0,0.0,0.0,0.0,0,0.0,0.0,0,0,0,0,0,68358
2026-09-13 17:53:59,"Sun, 13 Sep 2026 17:53:46 GMT",4,1700,0.3,10.6,night,66.2,54,525,8.6,0,0,1,1,0.0,0.0,0.0,0.0,0.0,0,0.0,0.0,0,0,0,0,0,77538
2026-09-13 17:54:11,"Sun, 13 Sep 2026 17:54:01 GMT",31,1384,0.3,9.3,night,40.3,12,74,7.24,0,0,1,1,0.0,0.0,0.0,0.0,0.0,0,0.0,0.0,0,0,0,0,0,83365
2026-09-13 17:56:41,"Sun, 13 Sep 2026 17:56:00 GMT",30,1636,0.6,9.3,night,46.5,7,85,8.1,0,0,1,1,0.0,0.0,0.0,0.0,0.0,0,0.0,0.0,0,0,0,0,0,89039
2026-09-13 17:56:57,"Sun, 13 Sep 2026 17:56:46 GMT",3,1707,0.4,6.8,night,58.5,8,49,6.24,0,0,1,1,0.0,0.0,0.0,0.0,0.0,0,0.0,0.0,0,0,0,0,0,68567
2026-09-13 17:57:09,"Sun, 13 Sep 2026 17:57:02 GMT",4,1701,0.3,10.7,night,65.9,86,882,8.63,0,0,1,1,0.0,0.0,0.0,0.0,0.0,0,0.0,0.0,0,0,0,0,0,78024
2026-09-13 17:58:05,"Sun, 13 Sep 2026 17:58:01 GMT",31,1385,0.3,9.3,night,40.2,13,95,7.21,0,0,1,1,0.0,0.0,0.0,0.0,0.0,0,0.0,0.0,0,0,0,0,0,83253
2026-09-13 17:59:05,"Sun, 13 Sep 2026 17:58:45 GMT",2,1792,0.2,13.6,night,35.4,19,42,5.47,1,0,1,1,1.0,1.0,0.0,0.365,0.685,73,0.0,0.06,1,1,0,0,0,65832
2026-09-13 17:59:21,"Sun, 13 Sep 2026 17:59:04 GMT",2,1793,0.7,13.8,night,35.9,565,2860,5.2,7,3,4,4,0.44,0.41,0.54,0.118,0.833,255,0.86,0.071,6,17,0,0,0,60737
2026-09-13 18:00:21,"Sun, 13 Sep 2026 18:00:18 GMT",3,1708,0.3,6.8,night,58.5,6,38,6.24,0,0,1,1,0.0,0.0,0.0,0.0,0.0,0,0.0,0.0,0,0,0,0,0,68702
2026-09-13 18:00:57,"Sun, 13 Sep 2026 18:00:46 GMT",4,1702,0.3,10.7,night,65.8,108,961,8.63,2,0,1,2,1.0,1.0,0.0,0.469,0.935,195,0.0,0.361,1,2,1,2,0,77977
2026-09-13 18:01:09,"Sun, 13 Sep 2026 18:01:01 GMT",4,1703,0.3,10.7,night,65.7,22,277,8.63,0,0,1,1,0.0,0.0,0.0,0.0,0.0,0,0.0,0.0,0,0,0,0,0,78057
2026-09-13 18:01:57,"Sun, 13 Sep 2026 18:01:46 GMT",31,1386,0.2,9.3,night,40.2,9,76,7.2,0,0,1,1,0.0,0.0,0.0,0.0,0.0,0,0.0,0.0,0,0,0,0,0,83166
2026-09-13 18:02:10,"Sun, 13 Sep 2026 18:02:01 GMT",31,1387,0.2,9.3,night,40.2,6,52,7.21,0,0,1,1,0.0,0.0,0.0,0.0,0.0,0,0.0,0.0,0,0,0,0,0,83243
2026-09-13 18:02:57,"Sun, 13 Sep 2026 18:02:46 GMT",2,1794,0.5,13.7,night,36.0,15,162,5.46,0,0,1,1,0.0,0.0,0.0,0.0,0.0,0,0.0,0.0,0,0,0,0,0,64102
2026-09-13 18:03:09,"Sun, 13 Sep 2026 18:03:02 GMT",30,1637,0.5,9.3,night,46.8,57,151,8.1,3,2,3,1,1.0,0.6,1.0,0.115,0.556,97,0.0,0.098,2,5,0,0,0,89000
2026-09-13 18:03:58,"Sun, 13 Sep 2026 18:03:46 GMT",3,1709,0.3,6.8,night,58.6,2,25,6.26,0,0,1,1,0.0,0.0,0.0,0.0,0.0,0,0.0,0.0,0,0,0,0,0,68767
2026-09-13 18:04:10,"Sun, 13 Sep 2026 18:04:01 GMT",3,1710,0.2,6.8,night,58.5,2,14,6.25,0,0,1,1,0.0,0.0,0.0,0.0,0.0,0,0.0,0.0,0,0,0,0,0,68733
2026-09-13 18:04:54,"Sun, 13 Sep 2026 18:04:46 GMT",4,1704,0.3,10.8,night,65.7,31,346,8.62,0,0,1,1,0.0,0.0,0.0,0.0,0.0,0,0.0,0.0,0,0,0,0,0,78127
2026-09-13 18:05:06,"Sun, 13 Sep 2026 18:05:01 GMT",4,1705,0.3,10.8,night,65.6,10,197,8.64,0,0,1,1,0.0,0.0,0.0,0.0,0.0,0,0.0,0.0,0,0,0,0,0,78169
2026-09-13 18:05:59,"Sun, 13 Sep 2026 18:05:46 GMT",31,1388,0.5,9.2,night,40.5,12,60,7.2,1,0,1,1,1.0,1.0,0.0,0.146,0.37,96,0.0,0.06,1,1,0,0,0,82975
2026-09-13 18:06:11,"Sun, 13 Sep 2026 18:06:01 GMT",2,1795,0.4,13.5,night,35.3,8,74,5.48,0,0,1,1,0.0,0.0,0.0,0.0,0.0,0,0.0,0.0,0,0,0,0,0,65967
2026-09-13 18:06:51,"Sun, 13 Sep 2026 18:06:46 GMT",30,1638,0.3,9.1,night,47.7,44,143,8.23,2,1,2,1,1.0,0.67,0.0,0.109,0.556,67,0.0,0.155,2,3,0,0,0,89923
2026-09-13 18:07:03,"Sun, 13 Sep 2026 18:07:01 GMT",30,1639,0.3,9.2,night,47.7,25,102,8.22,1,0,1,1,1.0,1.0,0.0,0.104,0.556,52,0.0,0.169,1,1,0,0,0,89920
2026-09-13 18:07:15,"Sun, 13 Sep 2026 18:07:01 GMT",30,1640,0.2,9.2,night,47.7,3,70,8.22,0,0,1,1,0.0,0.0,0.0,0.0,0.0,0,0.0,0.0,0,0,0,0,0,89920
2026-09-13 18:07:51,"Sun, 13 Sep 2026 18:07:48 GMT",3,1711,0.2,6.8,night,58.5,4,14,6.23,0,0,1,1,0.0,0.0,0.0,0.0,0.0,0,0.0,0.0,0,0,0,0,0,68618
2026-09-13 18:08:03,"Sun, 13 Sep 2026 18:08:01 GMT",3,1712,0.2,6.8,night,58.4,2,6,6.24,0,0,1,1,0.0,0.0,0.0,0.0,0.0,0,0.0,0.0,0,0,0,0,0,68656
2026-09-13 18:18:35,"Sun, 13 Sep 2026 18:18:01 GMT",30,1641,2.7,8.5,night,52.6,5950,21888,8.33,96,21,26,12,0.31,0.37,0.57,0.154,0.841,250,0.01,0.063,84,260,0,0,0,87741
2026-09-13 18:18:59,"Sun, 13 Sep 2026 18:18:46 GMT",91,70,5.6,9.7,night,41.6,6922,26080,5.79,53,46,19,9,0.31,0.13,0.16,0.086,0.76,134,0.0,0.28,105,414,0,54,0,72439
2026-09-13 18:19:11,"Sun, 13 Sep 2026 18:19:02 GMT",3,1713,0.4,6.8,night,58.8,15,57,6.28,0,0,1,1,0.0,0.0,0.0,0.0,0.0,0,0.0,0.0,0,0,0,0,0,68958
2026-09-13 18:19:59,"Sun, 13 Sep 2026 18:19:46 GMT",4,1706,0.5,10.8,night,64.9,200,1006,8.72,4,2,3,2,0.67,0.44,1.0,0.562,0.565,148,0.0,0.067,5,9,0,0,0,78377
2026-09-13 18:20:15,"Sun, 13 Sep 2026 18:20:01 GMT",4,1707,0.4,10.9,night,64.8,95,644,8.7,2,0,2,2,0.5,1.0,0.0,0.557,0.565,141,0.0,0.125,1,2,0,0,0,78506
2026-09-13 18:20:54,"Sun, 13 Sep 2026 18:20:47 GMT",31,1389,0.4,9.3,night,40.7,58,211,7.25,2,0,2,1,1.0,1.0,0.0,0.818,0.278,54,0.0,0.06,1,2,0,0,0,83167
2026-09-13 18:21:06,"Sun, 13 Sep 2026 18:21:01 GMT",64,19,6.3,11.2,night,35.6,8479,22876,4.64,358,41,90,23,0.17,0.71,0.77,0.301,0.443,222,0.0,0.402,43,502,101,436,0,54135
2026-09-13 18:21:54,"Sun, 13 Sep 2026 18:21:45 GMT",125,5,3.3,14.0,night,37.3,6992,16770,3.99,460,6,51,19,0.47,0.93,0.97,0.235,0.671,255,0.11,0.198,25,497,0,0,0,41864
2026-09-13 18:22:06,"Sun, 13 Sep 2026 18:22:00 GMT",30,1642,1.1,9.3,night,46.4,147,1353,8.1,11,0,10,2,0.55,1.0,1.0,0.121,0.551,100,0.0,0.106,1,11,0,0,0,88908
2026-09-13 18:22:54,"Sun, 13 Sep 2026 18:22:46 GMT",3,1714,0.3,6.9,night,58.4,9,57,6.27,0,0,1,1,0.0,0.0,0.0,0.0,0.0,0,0.0,0.0,0,0,0,0,0,68832
2026-09-13 18:23:06,"Sun, 13 Sep 2026 18:23:01 GMT",3,1715,0.2,6.8,night,58.3,6,40,6.26,0,0,1,1,0.0,0.0,0.0,0.0,0.0,0,0.0,0.0,0,0,0,0,0,68892
2026-09-13 18:23:54,"Sun, 13 Sep 2026 18:23:46 GMT",4,1708,0.4,10.9,night,64.6,735,2927,8.7,9,3,5,4,0.45,0.31,0.75,0.801,0.739,182,0.0,0.085,15,29,0,0,0,78509
2026-09-13 18:24:06,"Sun, 13 Sep 2026 18:24:01 GMT",4,1709,0.3,10.9,night,64.6,835,3055,8.64,9,6,4,4,0.56,0.26,0.5,0.618,0.619,176,0.0,0.104,16,35,0,0,0,77917
2026-09-13 18:24:54,"Sun, 13 Sep 2026 18:24:46 GMT",31,1390,0.4,9.3,night,40.8,636,1925,7.25,11,8,5,4,0.55,0.31,0.42,0.107,0.322,121,0.0,0.069,12,35,0,0,0,82694
2026-09-13 18:25:06,"Sun, 13 Sep 2026 18:25:02 GMT",2,1796,0.3,13.5,night,35.3,163,438,5.48,3,2,3,1,1.0,0.3,1.0,0.396,0.685,38,0.0,0.087,6,10,0,0,0,65863
2026-09-13 18:25:54,"Sun, 13 Sep 2026 18:25:47 GMT",30,1643,0.6,9.1,night,47.6,399,1379,8.23,16,13,13,4,0.31,0.53,0.55,0.098,0.566,115,0.0,0.109,3,30,0,0,0,90085
2026-09-13 18:26:06,"Sun, 13 Sep 2026 18:26:01 GMT",30,1644,0.4,9.2,night,47.6,246,749,8.24,14,4,12,4,0.29,0.74,0.78,0.095,0.565,104,0.0,0.157,3,19,0,1,0,89973
2026-09-13 18:26:54,"Sun, 13 Sep 2026 18:26:46 GMT",3,1716,0.3,7.0,night,58.4,22,226,6.28,1,0,1,1,1.0,1.0,0.0,0.552,0.704,60,0.0,0.067,1,1,0,0,0,68900
2026-09-13 18:27:06,"Sun, 13 Sep 2026 18:27:01 GMT",3,1717,0.2,7.0,night,58.4,10,119,6.27,0,0,1,1,0.0,0.0,0.0,0.0,0.0,0,0.0,0.0,0,0,0,0,0,68840
2026-09-13 18:27:58,"Sun, 13 Sep 2026 18:27:46 GMT",4,1710,0.4,10.9,night,65.0,1219,4609,8.63,24,10,6,9,0.44,0.38,0.45,0.534,0.752,183,0.0,0.086,14,64,0,0,0,77603
2026-09-13 18:28:10,"Sun, 13 Sep 2026 18:28:04 GMT",31,1391,0.3,9.3,night,40.1,65,548,7.21,1,0,1,1,1.0,1.0,0.0,0.802,0.278,15,0.0,0.06,1,1,0,0,0,83265
2026-09-13 18:28:50,"Sun, 13 Sep 2026 18:28:47 GMT",2,1797,0.5,13.7,night,35.6,38,343,5.52,1,0,1,1,1.0,1.0,0.0,0.344,0.685,176,0.0,0.116,1,1,0,0,0,65892
2026-09-13 18:29:14,"Sun, 13 Sep 2026 18:29:01 GMT",2,1798,0.3,13.5,night,35.3,18,87,5.49,0,0,1,1,0.0,0.0,0.0,0.0,0.0,0,0.0,0.0,0,0,0,0,0,65832
2026-09-13 18:29:50,"Sun, 13 Sep 2026 18:29:48 GMT",30,1645,0.6,9.2,night,46.5,152,532,8.1,12,0,6,2,1.0,1.0,1.0,0.089,0.565,110,0.0,0.169,1,12,0,2,0,89036
2026-09-13 18:30:02,"Sun, 13 Sep 2026 18:29:48 GMT",30,1646,0.4,9.2,night,46.5,60,334,8.1,3,0,3,1,1.0,1.0,1.0,0.083,0.556,47,0.0,0.163,1,3,0,0,0,89036
2026-09-13 18:30:14,"Sun, 13 Sep 2026 18:30:00 GMT",30,1647,0.4,9.3,night,46.5,29,222,8.11,2,0,2,1,1.0,1.0,0.0,0.078,0.556,29,0.0,0.213,1,2,0,0,0,89025
2026-09-13 18:36:28,"Sun, 13 Sep 2026 18:36:02 GMT",31,1392,0.3,9.4,night,40.8,101,631,7.26,3,0,3,1,1.0,1.0,1.0,0.771,0.296,69,0.0,0.06,1,3,0,0,0,83625
2026-09-13 18:36:52,"Sun, 13 Sep 2026 18:36:49 GMT",2,1799,0.3,13.5,night,35.2,69,145,5.47,2,2,2,1,1.0,0.4,0.0,0.339,0.685,182,0.0,0.111,3,5,0,0,0,65820
2026-09-13 18:37:03,"Sun, 13 Sep 2026 18:37:01 GMT",30,1648,0.5,9.1,night,48.7,249,494,8.27,17,3,11,3,0.52,0.85,0.85,0.079,0.569,118,0.0,0.2,2,20,0,2,0,90194
2026-09-13 18:37:54,"Sun, 13 Sep 2026 18:37:47 GMT",3,1718,0.6,7.1,night,58.1,6,90,6.35,0,0,1,1,0.0,0.0,0.0,0.0,0.0,0,0.0,0.0,0,0,0,0,0,69241
2026-09-13 18:38:06,"Sun, 13 Sep 2026 18:38:01 GMT",3,1719,0.4,7.1,night,57.7,37,98,6.35,2,1,2,1,1.0,0.67,0.0,0.505,0.444,77,0.0,0.06,2,3,0,0,0,69433
2026-09-13 18:38:52,"Sun, 13 Sep 2026 18:38:46 GMT",4,1711,0.5,11.1,night,64.4,451,3113,8.76,5,2,3,4,0.42,0.5,1.0,0.467,0.952,213,0.0,0.225,5,10,0,2,0,78830
2026-09-13 18:39:04,"Sun, 13 Sep 2026 18:39:02 GMT",4,1712,0.4,11.0,night,64.4,484,3228,8.75,6,1,3,5,0.4,0.67,1.0,0.465,0.944,208,0.0,0.236,4,9,0,2,0,78763
2026-09-13 18:39:54,"Sun, 13 Sep 2026 18:39:46 GMT",31,1393,0.4,9.4,night,40.2,105,616,7.22,2,1,2,1,1.0,0.67,0.0,0.755,0.296,61,0.0,0.088,2,3,0,0,0,83594
2026-09-13 18:40:06,"Sun, 13 Sep 2026 18:40:01 GMT",2,1800,4.7,9.3,night,29.5,96,5457,4.77,2,2,2,1,1.0,0.33,0.0,0.339,0.685,148,0.0,0.165,4,6,0,0,0,59502
2026-09-13 18:40:57,"Sun, 13 Sep 2026 18:40:47 GMT",30,1649,0.8,9.0,night,49.2,261,531,8.36,16,3,14,3,0.38,0.84,0.84,0.068,0.575,123,0.0,0.207,2,19,0,3,0,90542
2026-09-13 18:41:56,"Sun, 13 Sep 2026 18:41:46 GMT",3,1720,0.3,7.0,night,58.3,134,605,6.33,2,0,2,2,0.5,1.0,0.0,0.505,0.38,78,0.0,0.06,1,2,0,0,0,69371
2026-09-13 18:42:07,"Sun, 13 Sep 2026 18:42:01 GMT",3,1721,0.3,6.9,night,58.2,46,381,6.32,1,0,1,1,1.0,1.0,0.0,0.5,0.37,80,0.0,0.116,1,1,0,0,0,69288
2026-09-13 18:42:55,"Sun, 13 Sep 2026 18:42:48 GMT",4,1713,0.7,11.2,night,64.2,1508,5467,8.77,18,18,14,4,0.32,0.19,0.21,0.339,0.028,168,0.0,0.071,19,94,0,3,0,78566
2026-09-13 18:43:06,"Sun, 13 Sep 2026 18:43:01 GMT",42,36,3.0,10.1,night,36.2,705,9437,3.67,10,3,5,4,0.5,0.42,0.77,0.422,0.604,122,0.0,0.445,10,24,0,18,0,43887
2026-09-13 18:43:52,"Sun, 13 Sep 2026 18:43:47 GMT",35,71,1.2,10.9,night,14.8,1018,4039,2.74,8,6,5,3,0.53,0.15,0.21,0.389,0.507,207,0.0,0.5,18,53,16,63,0,35041
2026-09-13 18:44:49,"Sun, 13 Sep 2026 18:44:46 GMT",30,1650,0.3,9.1,night,47.6,115,437,8.21,5,1,5,1,1.0,0.71,1.0,0.031,0.593,118,0.0,0.169,3,7,0,1,0,89942
2026-09-13 18:45:13,"Sun, 13 Sep 2026 18:45:02 GMT",30,1651,0.3,9.1,night,47.6,50,318,8.22,3,0,3,1,1.0,1.0,1.0,0.021,0.593,116,0.0,0.198,1,3,0,0,0,90092
2026-09-13 18:45:59,"Sun, 13 Sep 2026 18:45:49 GMT",3,1722,0.2,6.9,night,58.2,13,257,6.3,0,0,1,1,0.0,0.0,0.0,0.0,0.0,0,0.0,0.0,0,0,0,0,0,69242
2026-09-13 18:46:15,"Sun, 13 Sep 2026 18:46:08 GMT",4,1714,0.6,11.0,night,64.6,772,2999,8.77,10,5,4,5,0.5,0.23,0.33,0.359,0.196,102,0.0,0.121,17,44,0,3,0,78795
2026-09-13 18:46:50,"Sun, 13 Sep 2026 18:46:45 GMT",38,24,9.0,10.7,night,56.7,11700,39123,4.6,242,181,33,16,0.46,0.3,0.33,0.385,0.728,162,0.0,0.316,88,808,13,179,0,49356
2026-09-13 18:47:13,"Sun, 13 Sep 2026 18:47:01 GMT",31,1394,0.3,9.3,night,40.7,29,246,7.25,2,0,2,1,1.0,1.0,0.0,0.745,0.296,43,0.0,0.088,1,2,0,0,0,83552
2026-09-13 18:47:48,"Sun, 13 Sep 2026 18:47:47 GMT",2,1801,1.3,13.5,night,35.2,42,121,5.48,1,1,1,1,1.0,0.5,0.0,0.396,0.685,33,0.0,0.243,2,2,0,0,0,65857
2026-09-13 18:47:59,"Sun, 13 Sep 2026 18:47:47 GMT",2,1802,0.9,13.5,night,35.2,18,82,5.48,0,0,1,1,0.0,0.0,0.0,0.0,0.0,0,0.0,0.0,0,0,0,0,0,65857
2026-09-13 18:53:20,"Sun, 13 Sep 2026 18:53:01 GMT",3,1723,0.3,8.2,night,58.4,8,167,6.32,0,0,1,1,0.0,0.0,0.0,0.0,0.0,0,0.0,0.0,0,0,0,0,0,69260
2026-09-13 18:54:03,"Sun, 13 Sep 2026 18:54:01 GMT",4,1715,0.5,10.9,night,64.6,559,2802,8.74,7,3,4,4,0.44,0.27,0.7,0.36,0.206,91,0.0,0.175,15,26,0,2,0,78430
2026-09-13 18:54:57,"Sun, 13 Sep 2026 18:54:47 GMT",31,1395,0.3,9.3,night,40.1,41,221,7.2,2,0,2,1,1.0,1.0,0.0,0.734,0.296,57,0.0,0.088,1,2,0,0,0,83397
2026-09-13 18:55:09,"Sun, 13 Sep 2026 18:55:01 GMT",31,1396,0.3,9.3,night,40.0,30,246,7.21,1,0,1,1,1.0,1.0,0.0,0.729,0.296,20,0.0,0.116,1,1,0,0,0,83625
2026-09-13 18:55:48,"Sun, 13 Sep 2026 18:55:46 GMT",2,1803,1.1,13.7,night,35.6,29,90,5.45,1,0,1,1,1.0,1.0,0.0,0.292,0.704,206,0.0,0.06,1,1,0,0,0,64177
2026-09-13 18:55:59,"Sun, 13 Sep 2026 18:55:46 GMT",2,1804,0.7,13.7,night,35.6,17,57,5.45,0,0,1,1,0.0,0.0,0.0,0.0,0.0,0,0.0,0.0,0,0,0,0,0,64177
2026-09-13 18:56:11,"Sun, 13 Sep 2026 18:56:01 GMT",30,1652,0.2,9.2,night,47.5,122,321,8.21,9,0,9,2,0.5,1.0,1.0,0.042,0.588,97,0.0,0.225,1,9,0,2,0,90037
2026-09-13 18:56:57,"Sun, 13 Sep 2026 18:56:46 GMT",3,1724,0.4,8.3,night,57.9,5,90,6.34,0,0,1,1,0.0,0.0,0.0,0.0,0.0,0,0.0,0.0,0,0,0,0,0,69302
2026-09-13 18:57:13,"Sun, 13 Sep 2026 18:57:01 GMT",3,1725,0.3,8.3,night,57.8,5,36,6.34,0,0,1,1,0.0,0.0,0.0,0.0,0.0,0,0.0,0.0,0,0,0,0,0,69457
2026-09-13 18:57:59,"Sun, 13 Sep 2026 18:57:47 GMT",4,1716,0.4,10.9,night,64.8,352,1942,8.69,1,1,1,1,1.0,0.12,0.0,0.344,0.019,85,0.0,0.232,8,8,0,1,0,78196
2026-09-13 18:58:11,"Sun, 13 Sep 2026 18:58:01 GMT",4,1717,0.3,10.9,night,64.7,116,1457,8.76,0,0,1,1,0.0,0.0,0.0,0.0,0.0,0,0.0,0.0,0,0,0,0,0,78759
2026-09-13 18:58:57,"Sun, 13 Sep 2026 18:58:46 GMT",31,1397,0.4,9.3,night,40.6,12,97,7.23,0,0,1,1,0.0,0.0,0.0,0.0,0.0,0,0.0,0.0,0,0,0,0,0,83510
2026-09-13 18:59:09,"Sun, 13 Sep 2026 18:59:01 GMT",2,1805,0.2,13.4,night,35.1,10,35,5.47,0,0,1,1,0.0,0.0,0.0,0.0,0.0,0,0.0,0.0,0,0,0,0,0,65863
2026-09-13 18:59:55,"Sun, 13 Sep 2026 18:59:46 GMT",30,1653,0.3,9.1,night,47.5,62,217,8.26,2,2,2,1,1.0,0.4,0.0,0.078,0.574,32,0.0,0.335,3,5,0,3,0,90070
2026-09-13 19:00:07,"Sun, 13 Sep 2026 19:00:01 GMT",30,1654,0.3,9.2,night,47.7,19,128,8.26,1,0,1,1,1.0,1.0,0.0,0.073,0.574,30,0.0,0.399,1,1,0,1,0,90292
2026-09-13 19:00:54,"Sun, 13 Sep 2026 19:00:46 GMT",3,1726,0.3,8.2,night,58.5,11,42,6.31,0,0,1,1,0.0,0.0,0.0,0.0,0.0,0,0.0,0.0,0,0,0,0,0,69176
2026-09-13 19:01:06,"Sun, 13 Sep 2026 19:01:01 GMT",3,1727,0.2,8.2,night,58.4,4,19,6.31,0,0,1,1,0.0,0.0,0.0,0.0,0.0,0,0.0,0.0,0,0,0,0,0,69201
2026-09-13 19:01:56,"Sun, 13 Sep 2026 19:01:46 GMT",4,1718,0.3,11.0,night,64.8,74,938,8.78,0,0,1,1,0.0,0.0,0.0,0.0,0.0,0,0.0,0.0,0,0,0,0,0,78941
2026-09-13 19:02:12,"Sun, 13 Sep 2026 19:02:01 GMT",23,550,1.6,10.8,night,22.6,236,2310,5.55,5,1,5,1,1.0,0.83,1.0,0.75,0.296,54,0.0,0.062,2,6,0,0,0,65580
2026-09-13 19:02:58,"Sun, 13 Sep 2026 19:02:46 GMT",2,1806,0.8,13.8,night,35.8,8,64,5.07,0,0,1,1,0.0,0.0,0.0,0.0,0.0,0,0.0,0.0,0,0,0,0,0,57805
2026-09-13 19:03:10,"Sun, 13 Sep 2026 19:03:01 GMT",2,1807,0.4,13.7,night,35.6,3,25,5.43,0,0,1,1,0.0,0.0,0.0,0.0,0.0,0,0.0,0.0,0,0,0,0,0,64213
2026-09-13 19:03:57,"Sun, 13 Sep 2026 19:03:46 GMT",30,1655,0.5,9.3,night,46.7,16,141,8.12,0,0,1,1,0.0,0.0,0.0,0.0,0.0,0,0.0,0.0,0,0,0,0,0,89322
2026-09-13 19:04:08,"Sun, 13 Sep 2026 19:04:01 GMT",30,1656,0.4,9.3,night,46.7,5,81,8.12,0,0,1,1,0.0,0.0,0.0,0.0,0.0,0,0.0,0.0,0,0,0,0,0,89288
2026-09-13 19:08:25,"Sun, 13 Sep 2026 19:08:02 GMT",36,43,5.8,8.6,night,145.1,4473,25973,8.96,63,26,19,10,0.33,0.27,0.35,0.179,0.606,255,0.02,0.274,61,230,4,66,0,90923
2026-09-13 19:09:13,"Sun, 13 Sep 2026 19:09:01 GMT",4,1719,0.4,10.9,night,64.5,219,2419,8.8,1,0,1,1,1.0,1.0,0.0,0.208,0.185,60,0.0,0.111,1,1,0,0,0,78783
2026-09-13 19:09:47,"Sun, 13 Sep 2026 19:09:46 GMT",31,1398,0.3,9.8,night,40.0,23,295,7.19,0,0,1,1,0.0,0.0,0.0,0.0,0.0,0,0.0,0.0,0,0,0,0,0,83431
2026-09-13 19:10:03,"Sun, 13 Sep 2026 19:10:01 GMT",31,1399,0.2,9.8,night,40.0,17,127,7.19,0,0,1,1,0.0,0.0,0.0,0.0,0.0,0,0.0,0.0,0,0,0,0,0,83467
2026-09-13 19:10:53,"Sun, 13 Sep 2026 19:10:46 GMT",2,1808,0.4,13.4,night,35.1,14,68,5.46,0,0,1,1,0.0,0.0,0.0,0.0,0.0,0,0.0,0.0,0,0,0,0,0,65735
2026-09-13 19:11:05,"Sun, 13 Sep 2026 19:11:01 GMT",30,1657,1.3,8.8,night,51.8,17,325,8.44,0,0,1,1,0.0,0.0,0.0,0.0,0.0,0,0.0,0.0,0,0,0,0,0,89730
2026-09-13 19:11:52,"Sun, 13 Sep 2026 19:11:48 GMT",65,14,3.3,12.7,night,186.7,3889,17002,8.6,67,29,25,8,0.34,0.29,0.35,0.179,0.605,255,0.03,0.272,48,228,0,78,0,91328
2026-09-13 19:12:04,"Sun, 13 Sep 2026 19:12:01 GMT",3,1728,0.4,8.2,night,57.9,12,184,6.34,0,0,1,1,0.0,0.0,0.0,0.0,0.0,0,0.0,0.0,0,0,0,0,0,69393
2026-09-13 19:12:50,"Sun, 13 Sep 2026 19:12:46 GMT",4,1720,0.3,10.9,night,64.6,144,1697,8.8,1,0,1,1,1.0,1.0,0.0,0.604,0.722,167,0.0,0.167,1,1,0,0,0,78657
2026-09-13 19:13:13,"Sun, 13 Sep 2026 19:13:01 GMT",4,1721,0.3,10.9,night,64.6,61,1159,8.81,0,0,1,1,0.0,0.0,0.0,0.0,0.0,0,0.0,0.0,0,0,0,0,0,78875
2026-09-13 19:13:48,"Sun, 13 Sep 2026 19:13:46 GMT",31,1400,0.8,10.0,night,40.5,14,101,7.24,0,0,1,1,0.0,0.0,0.0,0.0,0.0,0,0.0,0.0,0,0,0,0,0,83943
2026-09-13 19:14:11,"Sun, 13 Sep 2026 19:14:02 GMT",35,72,0.9,10.9,night,14.8,479,2339,2.5,2,2,2,1,1.0,0.18,0.0,0.401,0.444,117,0.0,0.442,9,11,12,23,0,31657
2026-09-13 19:14:57,"Sun, 13 Sep 2026 19:14:46 GMT",41,40,7.4,10.2,night,35.2,8185,22670,3.91,173,46,41,13,0.32,0.39,0.46,0.272,0.731,234,0.0,0.303,65,439,135,283,0,47111
2026-09-13 19:15:08,"Sun, 13 Sep 2026 19:15:02 GMT",30,1658,0.4,9.1,night,47.5,6,115,8.2,0,0,1,1,0.0,0.0,0.0,0.0,0.0,0,0.0,0.0,0,0,0,0,0,89685
2026-09-13 19:15:55,"Sun, 13 Sep 2026 19:15:47 GMT",3,1729,0.3,8.2,night,57.8,7,83,6.32,0,0,1,1,0.0,0.0,0.0,0.0,0.0,0,0.0,0.0,0,0,0,0,0,69287
2026-09-13 19:16:06,"Sun, 13 Sep 2026 19:16:01 GMT",3,1730,0.2,8.2,night,57.7,9,32,6.34,0,0,1,1,0.0,0.0,0.0,0.0,0.0,0,0.0,0.0,0,0,0,0,0,69291
2026-09-13 19:16:53,"Sun, 13 Sep 2026 19:16:46 GMT",4,1722,0.9,10.4,night,62.6,60,1124,8.84,0,0,1,1,0.0,0.0,0.0,0.0,0.0,0,0.0,0.0,0,0,0,0,0,80389
2026-09-13 19:17:04,"Sun, 13 Sep 2026 19:17:00 GMT",4,1723,0.6,10.4,night,62.6,21,504,8.85,0,0,1,1,0.0,0.0,0.0,0.0,0.0,0,0.0,0.0,0,0,0,0,0,80442
2026-09-13 19:17:50,"Sun, 13 Sep 2026 19:17:46 GMT",31,1401,0.4,9.8,night,40.7,13,106,7.23,0,0,1,1,0.0,0.0,0.0,0.0,0.0,0,0.0,0.0,0,0,0,0,0,83593
2026-09-13 19:18:49,"Sun, 13 Sep 2026 19:18:46 GMT",30,1659,0.6,9.2,night,46.8,30,125,8.12,1,0,1,1,1.0,1.0,0.0,0.031,0.593,43,0.0,0.296,1,1,0,0,0,89247
2026-09-13 19:19:12,"Sun, 13 Sep 2026 19:19:02 GMT",30,1660,0.5,9.3,night,46.8,23,103,8.1,0,0,1,1,0.0,0.0,0.0,0.0,0.0,0,0.0,0.0,0,0,0,0,0,89278
2026-09-13 19:19:58,"Sun, 13 Sep 2026 19:19:47 GMT",3,1731,0.4,8.1,night,58.4,9,37,6.29,0,0,1,1,0.0,0.0,0.0,0.0,0.0,0,0.0,0.0,0,0,0,0,0,68978
2026-09-13 19:20:10,"Sun, 13 Sep 2026 19:20:03 GMT",3,1732,0.3,8.0,night,58.3,7,16,6.29,0,0,1,1,0.0,0.0,0.0,0.0,0.0,0,0.0,0.0,0,0,0,0,0,68982
2026-09-13 19:24:37,"Sun, 13 Sep 2026 19:24:01 GMT",4,1724,0.5,10.8,night,64.4,47,875,8.8,0,0,1,1,0.0,0.0,0.0,0.0,0.0,0,0.0,0.0,0,0,0,0,0,78664
2026-09-13 19:24:49,"Sun, 13 Sep 2026 19:24:46 GMT",31,1402,0.4,9.9,night,40.8,89,303,7.17,2,2,1,2,1.0,0.33,0.0,0.708,0.306,30,0.0,0.06,3,6,0,0,0,82177
2026-09-13 19:25:05,"Sun, 13 Sep 2026 19:25:01 GMT",31,1403,0.3,9.8,night,40.8,75,352,7.23,0,0,1,1,0.0,0.0,0.0,0.0,0.0,0,0.0,0.0,0,0,0,0,0,83744
2026-09-13 19:25:57,"Sun, 13 Sep 2026 19:25:47 GMT",2,1809,0.3,13.6,night,35.4,52,148,5.37,3,0,3,1,1.0,1.0,1.0,0.302,0.704,203,0.0,0.108,1,3,0,0,0,63627
2026-09-13 19:26:09,"Sun, 13 Sep 2026 19:26:00 GMT",2,1810,0.3,13.6,night,35.4,55,160,5.38,3,0,3,1,1.0,1.0,1.0,0.302,0.704,207,0.0,0.162,1,3,0,0,0,63610
2026-09-13 19:26:50,"Sun, 13 Sep 2026 19:26:47 GMT",30,1661,0.4,9.1,night,47.8,137,336,8.25,6,3,3,2,1.0,0.5,0.67,0.01,0.602,124,0.0,0.125,4,12,0,0,0,90282
2026-09-13 19:27:14,"Sun, 13 Sep 2026 19:27:03 GMT",3,1733,0.3,8.1,night,58.4,3,34,6.28,0,0,1,1,0.0,0.0,0.0,0.0,0.0,0,0.0,0.0,0,0,0,0,0,68847
2026-09-13 19:27:51,"Sun, 13 Sep 2026 19:27:46 GMT",4,1725,0.6,10.8,night,63.8,170,3134,8.81,2,0,2,2,0.5,1.0,0.0,0.464,0.935,215,0.0,0.186,1,2,0,1,0,78599
2026-09-13 19:28:07,"Sun, 13 Sep 2026 19:28:01 GMT",4,1726,1.1,10.8,night,64.2,324,1694,8.84,18,2,6,4,0.75,0.9,1.0,0.444,0.634,255,0.56,0.061,2,20,0,1,0,78439
2026-09-13 19:29:03,"Sun, 13 Sep 2026 19:29:01 GMT",31,1404,0.3,9.8,night,40.1,82,300,7.17,1,1,1,1,1.0,0.33,0.0,0.771,0.296,52,0.0,0.089,3,3,0,0,0,83574
2026-09-13 19:29:15,"Sun, 13 Sep 2026 19:29:01 GMT",31,1405,0.2,9.8,night,40.1,31,200,7.17,1,0,1,1,1.0,1.0,0.0,0.698,0.315,47,0.0,0.116,1,1,0,0,0,83574
2026-09-13 19:29:47,"Sun, 13 Sep 2026 19:29:46 GMT",2,1811,0.3,13.4,night,35.1,34,87,5.46,2,0,2,1,1.0,1.0,0.0,0.297,0.704,208,0.0,0.219,1,2,0,0,0,65772
2026-09-13 19:29:59,"Sun, 13 Sep 2026 19:29:46 GMT",2,1812,0.2,13.4,night,35.1,24,63,5.46,0,0,1,1,0.0,0.0,0.0,0.0,0.0,0,0.0,0.0,0,0,0,0,0,65772
2026-09-13 19:30:11,"Sun, 13 Sep 2026 19:30:01 GMT",30,1662,0.4,9.2,night,47.3,152,384,8.22,9,3,7,2,0.64,0.75,0.75,0.025,0.599,122,0.0,0.196,2,12,0,1,0,90136
2026-09-13 19:30:59,"Sun, 13 Sep 2026 19:30:47 GMT",3,1734,0.2,8.1,night,58.5,3,28,6.28,0,0,1,1,0.0,0.0,0.0,0.0,0.0,0,0.0,0.0,0,0,0,0,0,68950
2026-09-13 19:31:11,"Sun, 13 Sep 2026 19:31:00 GMT",3,1735,0.2,8.1,night,58.4,3,19,6.26,0,0,1,1,0.0,0.0,0.0,0.0,0.0,0,0.0,0.0,0,0,0,0,0,69028
2026-09-13 19:31:47,"Sun, 13 Sep 2026 19:31:46 GMT",4,1727,0.5,10.7,night,64.5,190,900,8.79,10,0,4,3,0.83,1.0,1.0,0.443,0.63,106,0.0,0.117,1,10,0,0,0,78608
2026-09-13 19:32:11,"Sun, 13 Sep 2026 19:32:01 GMT",4,1728,0.4,10.7,night,64.4,128,369,8.79,9,0,4,3,0.75,1.0,1.0,0.444,0.632,107,0.0,0.17,1,9,0,0,0,78566
2026-09-13 19:32:51,"Sun, 13 Sep 2026 19:32:46 GMT",31,1406,0.2,9.8,night,40.0,7,144,7.16,0,0,1,1,0.0,0.0,0.0,0.0,0.0,0,0.0,0.0,0,0,0,0,0,83339
2026-09-13 19:33:03,"Sun, 13 Sep 2026 19:33:02 GMT",2,1813,0.7,13.8,night,35.9,18,105,5.34,0,0,1,1,0.0,0.0,0.0,0.0,0.0,0,0.0,0.0,0,0,0,0,0,61919
2026-09-13 19:33:15,"Sun, 13 Sep 2026 19:33:02 GMT",2,1814,0.5,13.8,night,35.9,6,53,5.34,0,0,1,1,0.0,0.0,0.0,0.0,0.0,0,0.0,0.0,0,0,0,0,0,61919
2026-09-13 19:33:52,"Sun, 13 Sep 2026 19:33:47 GMT",30,1663,0.3,9.2,night,47.8,102,297,8.24,5,3,3,2,0.83,0.5,0.62,0.008,0.604,127,0.0,0.209,3,10,0,1,0,90193
2026-09-13 19:34:05,"Sun, 13 Sep 2026 19:34:01 GMT",30,1664,0.3,9.2,night,47.7,35,212,8.21,1,0,1,1,1.0,1.0,0.0,0.042,0.593,33,0.0,0.353,1,1,0,1,0,90235
2026-09-13 19:34:58,"Sun, 13 Sep 2026 19:34:46 GMT",3,1736,0.2,8.1,night,58.3,5,22,6.28,0,0,1,1,0.0,0.0,0.0,0.0,0.0,0,0.0,0.0,0,0,0,0,0,69030
2026-09-13 19:35:22,"Sun, 13 Sep 2026 19:35:01 GMT",3,1737,0.2,8.1,night,58.3,4,15,6.27,0,0,1,1,0.0,0.0,0.0,0.0,0.0,0,0.0,0.0,0,0,0,0,0,69065
2026-09-13 19:36:02,"Sun, 13 Sep 2026 19:35:49 GMT",4,1729,0.3,10.7,night,64.5,89,422,8.81,6,0,3,3,0.67,1.0,1.0,0.441,0.627,107,0.0,0.219,1,6,0,0,0,78753
2026-09-13 19:36:14,"Sun, 13 Sep 2026 19:36:01 GMT",23,551,0.6,10.3,night,23.8,132,1426,5.75,6,0,6,1,1.0,1.0,1.0,0.714,0.315,63,0.0,0.065,1,6,0,0,0,67641
2026-09-13 19:39:10,"Sun, 13 Sep 2026 19:39:01 GMT",4,1730,0.7,11.1,night,65.7,75,1141,8.92,0,0,1,1,0.0,0.0,0.0,0.0,0.0,0,0.0,0.0,0,0,0,0,0,79262
2026-09-13 19:40:01,"Sun, 13 Sep 2026 19:39:46 GMT",5,194,1.8,8.7,night,74.7,2018,10386,9.02,12,12,6,4,0.5,0.13,0.17,0.22,0.222,163,0.0,0.408,30,95,0,22,0,90152
2026-09-13 19:40:17,"Sun, 13 Sep 2026 19:40:01 GMT",31,1407,0.4,9.9,night,40.6,62,185,7.21,2,1,2,1,1.0,0.5,0.0,0.682,0.315,43,0.0,0.06,3,4,0,0,0,83570
2026-09-13 19:40:56,"Sun, 13 Sep 2026 19:40:46 GMT",2,1815,0.4,13.4,night,35.1,27,61,5.37,0,0,1,1,0.0,0.0,0.0,0.0,0.0,0,0.0,0.0,0,0,0,0,0,63663
2026-09-13 19:41:19,"Sun, 13 Sep 2026 19:41:02 GMT",2,1816,0.3,13.5,night,35.1,16,38,5.36,0,0,1,1,0.0,0.0,0.0,0.0,0.0,0,0.0,0.0,0,0,0,0,0,63755
2026-09-13 19:41:58,"Sun, 13 Sep 2026 19:41:46 GMT",30,1665,0.4,9.2,night,47.4,37,198,8.22,2,0,2,1,1.0,1.0,0.0,0.026,0.593,34,0.0,0.274,1,2,0,1,0,90087
2026-09-13 19:42:14,"Sun, 13 Sep 2026 19:42:02 GMT",91,71,2.9,8.4,night,38.8,992,12562,6.23,2,1,1,2,1.0,0.5,0.0,0.292,0.972,118,0.0,0.405,3,4,0,3,0,67651
2026-09-13 19:43:12,"Sun, 13 Sep 2026 19:43:01 GMT",4,1731,0.4,10.7,night,64.4,43,582,8.79,0,0,1,1,0.0,0.0,0.0,0.0,0.0,0,0.0,0.0,0,0,0,0,0,78617
2026-09-13 19:43:51,"Sun, 13 Sep 2026 19:43:47 GMT",31,1408,0.3,10.0,night,40.7,5,126,7.22,0,0,1,1,0.0,0.0,0.0,0.0,0.0,0,0.0,0.0,0,0,0,0,0,83569
2026-09-13 19:44:02,"Sun, 13 Sep 2026 19:44:00 GMT",31,1409,0.2,10.0,night,40.7,5,50,7.22,0,0,1,1,0.0,0.0,0.0,0.0,0.0,0,0.0,0.0,0,0,0,0,0,83670
2026-09-13 19:44:53,"Sun, 13 Sep 2026 19:44:46 GMT",2,1817,0.5,13.4,night,35.0,8,54,5.44,0,0,1,1,0.0,0.0,0.0,0.0,0.0,0,0.0,0.0,0,0,0,0,0,65776
2026-09-13 19:45:04,"Sun, 13 Sep 2026 19:45:01 GMT",30,1666,1.1,8.5,night,49.7,5296,19396,7.72,61,29,16,12,0.32,0.28,0.43,0.197,0.845,241,0.0,0.072,71,217,0,0,0,83412
2026-09-13 19:45:51,"Sun, 13 Sep 2026 19:45:46 GMT",91,72,7.7,10.5,night,40.9,9243,32733,6.91,319,53,36,30,0.3,0.49,0.56,0.171,0.751,206,0.0,0.247,84,645,0,90,0,76529
2026-09-13 19:46:18,"Sun, 13 Sep 2026 19:46:01 GMT",3,1738,0.4,8.1,night,57.8,3,54,6.29,0,0,1,1,0.0,0.0,0.0,0.0,0.0,0,0.0,0.0,0,0,0,0,0,69319
2026-09-13 19:46:53,"Sun, 13 Sep 2026 19:46:47 GMT",4,1732,0.4,10.7,night,63.8,126,894,8.82,1,0,1,1,1.0,1.0,0.0,0.896,0.685,155,0.0,0.062,1,1,0,0,0,78539
2026-09-13 19:47:04,"Sun, 13 Sep 2026 19:47:01 GMT",4,1733,0.3,10.7,night,63.8,82,574,8.82,3,0,2,2,0.75,1.0,1.0,0.889,0.679,156,0.0,0.08,1,3,0,0,0,78457
2026-09-13 19:47:51,"Sun, 13 Sep 2026 19:47:46 GMT",31,1410,0.2,10.0,night,40.6,12,67,7.2,0,0,1,1,0.0,0.0,0.0,0.0,0.0,0,0.0,0.0,0,0,0,0,0,83558
2026-09-13 19:48:14,"Sun, 13 Sep 2026 19:48:01 GMT",64,20,3.2,11.3,night,26.8,5227,16565,3.91,44,43,19,6,0.39,0.16,0.2,0.244,0.428,171,0.0,0.435,60,271,114,303,0,46990
2026-09-13 19:48:49,"Sun, 13 Sep 2026 19:48:46 GMT",125,6,4.9,12.6,night,36.9,7845,18291,3.88,541,3,57,19,0.5,0.97,0.99,0.243,0.679,255,0.11,0.219,11,556,0,0,0,41219
2026-09-13 19:49:13,"Sun, 13 Sep 2026 19:49:01 GMT",30,1667,0.4,9.1,night,47.3,57,1192,8.2,1,0,1,1,1.0,1.0,0.0,0.031,0.593,34,0.0,0.338,1,1,0,1,0,90131
2026-09-13 19:49:47,"Sun, 13 Sep 2026 19:49:46 GMT",3,1739,0.3,8.0,night,58.3,15,85,6.26,0,0,1,1,0.0,0.0,0.0,0.0,0.0,0,0.0,0.0,0,0,0,0,0,68993
2026-09-13 19:49:59,"Sun, 13 Sep 2026 19:49:46 GMT",3,1740,0.2,8.0,night,58.3,6,45,6.26,0,0,1,1,0.0,0.0,0.0,0.0,0.0,0,0.0,0.0,0,0,0,0,0,68993
2026-09-13 19:50:11,"Sun, 13 Sep 2026 19:50:01 GMT",3,1741,0.3,8.0,night,58.2,5,27,6.27,0,0,1,1,0.0,0.0,0.0,0.0,0.0,0,0.0,0.0,0,0,0,0,0,69037
2026-09-13 19:52:18,"Sun, 13 Sep 2026 19:52:01 GMT",2,1818,0.3,13.4,night,35.0,31,83,5.45,0,0,1,1,0.0,0.0,0.0,0.0,0.0,0,0.0,0.0,0,0,0,0,0,65730
2026-09-13 19:52:54,"Sun, 13 Sep 2026 19:52:47 GMT",30,1668,0.7,9.3,night,46.0,55,633,8.05,3,0,3,1,1.0,1.0,1.0,0.021,0.593,33,0.0,0.299,1,3,0,1,0,88794
2026-09-13 19:53:05,"Sun, 13 Sep 2026 19:53:01 GMT",30,1669,0.5,9.3,night,46.3,26,261,8.04,1,0,1,1,1.0,1.0,0.0,0.021,0.593,37,0.0,0.299,1,1,0,0,0,88900
2026-09-13 19:53:52,"Sun, 13 Sep 2026 19:53:47 GMT",3,1742,0.3,8.1,night,57.6,9,43,6.28,0,0,1,1,0.0,0.0,0.0,0.0,0.0,0,0.0,0.0,0,0,0,0,0,69119
2026-09-13 19:54:04,"Sun, 13 Sep 2026 19:54:01 GMT",3,1743,0.2,8.1,night,57.6,9,30,6.28,0,0,1,1,0.0,0.0,0.0,0.0,0.0,0,0.0,0.0,0,0,0,0,0,69120
2026-09-13 19:54:51,"Sun, 13 Sep 2026 19:54:46 GMT",4,1734,0.5,10.5,night,64.2,160,1630,8.8,2,1,2,1,1.0,0.5,0.0,0.849,0.704,172,0.0,0.062,3,4,0,0,0,78682
2026-09-13 19:55:03,"Sun, 13 Sep 2026 19:55:01 GMT",31,1411,0.4,10.0,night,40.1,61,203,7.16,2,0,2,1,1.0,1.0,0.0,0.682,0.315,62,0.0,0.107,1,2,0,0,0,83335
2026-09-13 19:55:54,"Sun, 13 Sep 2026 19:55:46 GMT",2,1819,0.3,13.4,night,35.0,23,65,5.45,1,0,1,1,1.0,1.0,0.0,0.271,0.722,96,0.0,0.06,1,1,0,0,0,65635
2026-09-13 19:56:06,"Sun, 13 Sep 2026 19:56:01 GMT",2,1820,0.2,13.4,night,35.0,16,45,5.45,0,0,1,1,0.0,0.0,0.0,0.0,0.0,0,0.0,0.0,0,0,0,0,0,65708
2026-09-13 19:56:52,"Sun, 13 Sep 2026 19:56:47 GMT",30,1670,0.4,9.2,night,47.2,20,171,8.14,1,0,1,1,1.0,1.0,0.0,0.021,0.593,30,0.0,0.341,1,1,0,1,0,89419
2026-09-13 19:57:04,"Sun, 13 Sep 2026 19:57:01 GMT",30,1671,0.3,9.3,night,47.5,7,76,8.14,0,0,1,1,0.0,0.0,0.0,0.0,0.0,0,0.0,0.0,0,0,0,0,0,89461
2026-09-13 19:57:55,"Sun, 13 Sep 2026 19:57:46 GMT",3,1744,0.2,8.0,night,58.4,8,37,6.25,0,0,1,1,0.0,0.0,0.0,0.0,0.0,0,0.0,0.0,0,0,0,0,0,68916
2026-09-13 19:58:31,"Sun, 13 Sep 2026 19:58:01 GMT",4,1735,0.4,10.5,night,64.4,152,1164,8.8,5,0,3,3,0.56,1.0,1.0,0.781,0.741,169,0.0,0.083,1,5,0,0,0,78727
2026-09-13 19:58:58,"Sun, 13 Sep 2026 19:58:48 GMT",31,1412,0.3,10.0,night,40.5,52,218,7.19,2,1,2,1,1.0,0.67,0.0,0.682,0.315,63,0.0,0.16,2,3,0,0,0,83537
2026-09-13 19:59:10,"Sun, 13 Sep 2026 19:59:01 GMT",31,1413,0.2,9.9,night,40.5,22,146,7.21,1,0,1,1,1.0,1.0,0.0,0.677,0.315,60,0.0,0.211,1,1,0,0,0,83594
2026-09-13 19:59:57,"Sun, 13 Sep 2026 19:59:46 GMT",2,1821,0.2,13.4,night,35.0,18,55,5.46,0,0,1,1,0.0,0.0,0.0,0.0,0.0,0,0.0,0.0,0,0,0,0,0,65747
2026-09-13 20:00:08,"Sun, 13 Sep 2026 20:00:02 GMT",2,1822,0.1,13.4,night,35.0,14,38,5.46,0,0,1,1,0.0,0.0,0.0,0.0,0.0,0,0.0,0.0,0,0,0,0,0,65870
2026-09-13 20:00:52,"Sun, 13 Sep 2026 20:00:47 GMT",30,1672,0.3,9.3,night,47.5,59,190,8.13,2,0,2,1,1.0,1.0,0.0,0.005,0.611,50,0.0,0.157,1,2,0,0,0,89376
2026-09-13 20:01:04,"Sun, 13 Sep 2026 20:01:03 GMT",3,1745,0.2,8.1,night,58.6,12,25,6.26,0,0,1,1,0.0,0.0,0.0,0.0,0.0,0,0.0,0.0,0,0,0,0,0,69040
2026-09-13 20:01:15,"Sun, 13 Sep 2026 20:01:03 GMT",3,1746,0.1,8.1,night,58.6,7,20,6.26,0,0,1,1,0.0,0.0,0.0,0.0,0.0,0,0.0,0.0,0,0,0,0,0,69040
2026-09-13 20:01:59,"Sun, 13 Sep 2026 20:01:49 GMT",4,1736,0.4,10.5,night,63.7,237,1756,8.78,6,4,2,4,0.75,0.55,0.6,0.462,0.948,207,0.0,0.134,3,11,0,0,0,78289
2026-09-13 20:02:23,"Sun, 13 Sep 2026 20:02:01 GMT",4,1737,0.3,10.6,night,63.7,333,1867,8.76,5,3,2,5,0.5,0.45,0.62,0.737,0.056,86,0.0,0.068,5,11,0,0,0,78024
2026-09-13 20:02:58,"Sun, 13 Sep 2026 20:02:47 GMT",31,1414,0.2,9.9,night,40.5,109,646,7.18,4,1,3,2,0.67,0.8,1.0,0.242,0.236,95,0.0,0.064,2,5,0,0,0,83485
2026-09-13 20:03:10,"Sun, 13 Sep 2026 20:03:01 GMT",31,1415,0.2,9.9,night,40.5,6,134,7.19,0,0,1,1,0.0,0.0,0.0,0.0,0.0,0,0.0,0.0,0,0,0,0,0,83589
2026-09-13 20:03:58,"Sun, 13 Sep 2026 20:03:47 GMT",2,1823,0.2,13.4,night,35.0,37,141,5.45,1,0,1,1,1.0,1.0,0.0,0.083,0.704,135,0.0,0.086,1,1,0,0,0,65672
2026-09-13 20:04:09,"Sun, 13 Sep 2026 20:04:02 GMT",30,1673,0.4,9.2,night,47.2,15,109,8.21,1,0,1,1,1.0,1.0,0.0,0.01,0.611,80,0.0,0.208,1,1,0,0,0,90108
