utc,last_modified,preset,n,dist,dist2,mode,bright,px,pxlo,edge,blob,blob2,bw,bh,fill,dom,dom2,cx,cy,bpk,bsat,bact,nblobs,blocks,vetoed,veto30,hit,bytes
2026-09-13 00:00:12,"Sun, 13 Sep 2026 00:00:02 GMT",1482,76,1.0,12.0,night,173.9,51,1578,3.84,1,0,1,1,1.0,1.0,0.0,0.969,0.204,192,0.0,0.06,1,1,0,0,0,162101
2026-09-13 00:00:53,"Sun, 13 Sep 2026 00:00:46 GMT",1495,3,5.9,14.9,night,144.9,7419,18718,4.53,289,89,47,33,0.19,0.5,0.54,0.698,0.166,255,0.08,0.108,39,575,0,0,0,140784
2026-09-13 00:01:10,"Sun, 13 Sep 2026 00:01:02 GMT",1491,74,2.2,15.9,night,132.0,841,3219,7.07,58,0,13,9,0.5,1.0,1.0,0.755,0.441,231,0.0,0.074,1,58,0,0,0,193419
2026-09-13 00:01:51,"Sun, 13 Sep 2026 00:01:47 GMT",1488,67,1.0,12.5,night,126.9,25,225,7.33,2,0,2,1,1.0,1.0,0.0,0.526,0.259,74,0.0,0.116,1,2,0,0,0,181532
2026-09-13 00:02:15,"Sun, 13 Sep 2026 00:02:01 GMT",1483,78,4.0,11.6,night,94.4,989,5456,5.0,30,27,8,6,0.62,0.42,0.43,0.896,0.562,123,0.0,0.195,4,71,0,0,0,154140
2026-09-13 00:02:52,"Sun, 13 Sep 2026 00:02:47 GMT",1484,79,1.5,19.4,night,91.1,36,2069,6.7,2,0,2,1,1.0,1.0,0.0,0.651,0.13,255,1.0,0.06,1,2,0,0,0,153395
2026-09-13 00:03:59,"Sun, 13 Sep 2026 00:03:47 GMT",1489,78,1.1,10.4,night,95.3,2,870,6.21,0,0,1,1,0.0,0.0,0.0,0.0,0.0,0,0.0,0.0,0,0,0,0,0,167822
2026-09-13 00:04:15,"Sun, 13 Sep 2026 00:04:01 GMT",1489,79,0.9,10.4,night,95.4,4,740,6.17,0,0,1,1,0.0,0.0,0.0,0.0,0.0,0,0.0,0.0,0,0,0,0,0,167515
2026-09-13 00:05:08,"Sun, 13 Sep 2026 00:05:01 GMT",1490,65,5.3,15.1,night,159.7,2133,6774,4.53,85,30,14,16,0.38,0.58,0.59,0.635,0.145,255,0.62,0.071,6,147,0,0,0,141914
2026-09-13 00:05:49,"Sun, 13 Sep 2026 00:05:47 GMT",1491,75,3.3,17.3,night,132.8,79,3693,6.97,3,0,3,2,0.5,1.0,1.0,0.229,0.599,168,0.0,0.072,1,3,0,0,0,192977
2026-09-13 00:06:14,"Sun, 13 Sep 2026 00:06:02 GMT",1491,76,2.3,17.4,night,133.0,33,1833,6.99,1,0,1,1,1.0,1.0,0.0,0.177,0.481,192,0.0,0.06,1,1,0,0,0,193218
2026-09-13 00:07:16,"Sun, 13 Sep 2026 00:07:02 GMT",1483,79,4.4,12.3,night,97.1,1880,7811,5.02,90,40,13,11,0.63,0.64,0.64,0.8,0.13,135,0.0,0.062,3,141,0,0,1,156826
2026-09-13 00:07:53,"Sun, 13 Sep 2026 00:07:46 GMT",1484,80,0.7,19.0,night,88.9,34,1288,6.61,1,0,1,1,1.0,1.0,0.0,0.656,0.13,41,0.0,0.116,1,1,0,0,0,151330
2026-09-13 00:08:05,"Sun, 13 Sep 2026 00:08:02 GMT",1485,76,2.7,13.6,night,109.0,1676,5524,5.33,97,9,13,12,0.62,0.87,0.87,0.939,0.649,245,0.0,0.099,3,111,0,0,1,192747
2026-09-13 00:08:55,"Sun, 13 Sep 2026 00:08:46 GMT",1489,80,1.0,10.2,night,94.5,2,1808,6.17,0,0,1,1,0.0,0.0,0.0,0.0,0.0,0,0.0,0.0,0,0,0,0,0,166836
2026-09-13 00:09:07,"Sun, 13 Sep 2026 00:09:01 GMT",1489,81,0.6,10.5,night,94.1,1,637,6.18,0,0,1,1,0.0,0.0,0.0,0.0,0.0,0,0.0,0.0,0,0,0,0,0,166146
2026-09-13 00:10:13,"Sun, 13 Sep 2026 00:10:01 GMT",1490,66,3.6,16.1,night,161.3,2056,5013,5.06,75,22,11,13,0.52,0.52,0.53,0.542,0.096,255,0.61,0.163,8,143,0,4,0,158110
2026-09-13 00:10:50,"Sun, 13 Sep 2026 00:10:47 GMT",1491,77,2.1,16.4,night,128.6,224,1129,7.18,10,5,4,3,0.83,0.67,0.67,0.547,0.015,234,0.0,0.06,2,15,0,0,0,192170
2026-09-13 00:11:15,"Sun, 13 Sep 2026 00:11:02 GMT",1488,68,3.6,13.9,night,136.6,58,3208,7.26,2,1,2,1,1.0,0.67,0.0,0.526,0.259,86,0.0,0.169,2,3,0,0,0,180241
2026-09-13 00:11:52,"Sun, 13 Sep 2026 00:11:46 GMT",1483,80,2.0,11.6,night,93.2,0,2264,4.97,0,0,1,1,0.0,0.0,0.0,0.0,0.0,0,0.0,0.0,0,0,0,0,0,154284
2026-09-13 00:12:08,"Sun, 13 Sep 2026 00:12:01 GMT",1483,81,3.3,12.1,night,96.3,2162,3798,5.09,71,49,12,9,0.66,0.48,0.48,0.885,0.625,217,0.0,0.148,3,149,0,1,0,159277
2026-09-13 00:28:33,"Sun, 13 Sep 2026 00:28:02 GMT",1489,82,2.2,12.2,night,95.1,950,3063,6.39,74,0,13,11,0.52,1.0,1.0,0.84,0.73,231,0.0,0.06,1,74,0,0,0,170138
2026-09-13 00:29:21,"Sun, 13 Sep 2026 00:29:02 GMT",1482,77,0.6,12.0,night,173.0,0,335,3.82,0,0,1,1,0.0,0.0,0.0,0.0,0.0,0,0.0,0.0,0,0,0,0,0,161073
2026-09-13 00:30:01,"Sun, 13 Sep 2026 00:29:46 GMT",1495,4,6.5,10.7,night,144.3,10853,21976,4.46,598,133,49,38,0.32,0.73,0.76,0.67,0.269,255,0.1,0.139,36,820,0,0,0,134506
2026-09-13 00:30:13,"Sun, 13 Sep 2026 00:30:02 GMT",1491,78,2.1,16.1,night,130.6,19,657,7.2,1,0,1,1,1.0,1.0,0.0,0.562,0.0,66,0.0,0.116,1,1,0,0,0,193831
2026-09-13 00:30:53,"Sun, 13 Sep 2026 00:30:46 GMT",1488,69,1.3,12.6,night,124.3,18,482,7.43,2,0,2,1,1.0,1.0,0.0,0.526,0.259,71,0.0,0.219,1,2,0,0,0,180541
2026-09-13 00:31:05,"Sun, 13 Sep 2026 00:31:02 GMT",1483,82,2.3,11.3,night,93.9,256,2389,5.02,19,0,4,7,0.68,1.0,1.0,0.978,0.303,54,0.0,0.269,1,19,0,0,0,153777
2026-09-13 00:31:56,"Sun, 13 Sep 2026 00:31:46 GMT",1484,81,1.0,19.3,night,88.6,26,1339,6.74,1,0,1,1,1.0,1.0,0.0,0.656,0.13,34,0.0,0.169,1,1,0,0,0,151781
2026-09-13 00:32:08,"Sun, 13 Sep 2026 00:32:02 GMT",1484,82,0.8,19.3,night,88.6,20,1310,6.72,0,0,1,1,0.0,0.0,0.0,0.0,0.0,0,0.0,0.0,0,0,0,0,0,151537
2026-09-13 00:33:11,"Sun, 13 Sep 2026 00:33:02 GMT",1489,83,0.9,11.4,night,94.1,1,760,6.33,0,0,1,1,0.0,0.0,0.0,0.0,0.0,0,0.0,0.0,0,0,0,0,0,167955
2026-09-13 00:33:52,"Sun, 13 Sep 2026 00:33:47 GMT",1482,78,0.6,12.0,night,172.7,0,331,3.84,0,0,1,1,0.0,0.0,0.0,0.0,0.0,0,0.0,0.0,0,0,0,0,0,161270
2026-09-13 00:34:55,"Sun, 13 Sep 2026 00:34:46 GMT",1491,79,0.7,16.5,night,130.7,19,418,7.13,0,0,1,1,0.0,0.0,0.0,0.0,0.0,0,0.0,0.0,0,0,0,0,0,193104
2026-09-13 00:35:07,"Sun, 13 Sep 2026 00:35:01 GMT",1491,80,0.7,16.3,night,129.8,10,299,7.15,0,0,1,1,0.0,0.0,0.0,0.0,0.0,0,0.0,0.0,0,0,0,0,0,192287
2026-09-13 00:35:59,"Sun, 13 Sep 2026 00:35:47 GMT",1488,70,0.7,12.5,night,125.3,0,328,7.37,0,0,1,1,0.0,0.0,0.0,0.0,0.0,0,0.0,0.0,0,0,0,0,0,180984
2026-09-13 00:36:11,"Sun, 13 Sep 2026 00:36:02 GMT",1483,83,1.7,11.3,night,96.6,10,1699,5.14,0,0,1,1,0.0,0.0,0.0,0.0,0.0,0,0.0,0.0,0,0,0,0,0,157869
2026-09-13 00:36:51,"Sun, 13 Sep 2026 00:36:46 GMT",1484,83,0.5,19.4,night,89.2,7,1294,6.72,0,0,1,1,0.0,0.0,0.0,0.0,0.0,0,0.0,0.0,0,0,0,0,0,152188
2026-09-13 00:37:03,"Sun, 13 Sep 2026 00:37:01 GMT",1485,77,1.7,12.8,night,107.7,93,3499,5.32,4,0,3,2,0.67,1.0,1.0,0.393,0.227,231,0.0,0.061,1,4,0,0,0,190181
2026-09-13 00:37:15,"Sun, 13 Sep 2026 00:37:01 GMT",1485,78,1.2,12.8,night,107.7,56,1255,5.32,4,0,3,2,0.67,1.0,1.0,0.393,0.227,231,0.0,0.118,1,4,0,0,0,190181
2026-09-13 00:37:51,"Sun, 13 Sep 2026 00:37:47 GMT",1489,84,0.7,11.3,night,94.5,2,751,6.34,0,0,1,1,0.0,0.0,0.0,0.0,0.0,0,0.0,0.0,0,0,0,0,0,168546
2026-09-13 00:38:03,"Sun, 13 Sep 2026 00:38:01 GMT",1489,85,0.5,11.4,night,94.2,4,803,6.33,0,0,1,1,0.0,0.0,0.0,0.0,0.0,0,0.0,0.0,0,0,0,0,0,168273
2026-09-13 00:38:15,"Sun, 13 Sep 2026 00:38:01 GMT",1489,86,0.4,11.4,night,94.2,0,181,6.33,0,0,1,1,0.0,0.0,0.0,0.0,0.0,0,0.0,0.0,0,0,0,0,0,168273
2026-09-13 00:39:07,"Sun, 13 Sep 2026 00:39:01 GMT",1490,67,2.2,17.6,night,160.0,914,2661,4.87,20,20,6,5,0.67,0.31,0.32,0.567,0.031,146,0.0,0.205,5,65,0,8,0,155652
2026-09-13 00:39:58,"Sun, 13 Sep 2026 00:39:46 GMT",1491,81,2.9,16.8,night,125.0,1,741,7.04,0,0,1,1,0.0,0.0,0.0,0.0,0.0,0,0.0,0.0,0,0,0,0,0,188940
2026-09-13 00:49:46,"Sun, 13 Sep 2026 00:49:02 GMT",1490,68,2.2,18.4,night,159.3,594,2520,4.8,17,12,6,4,0.71,0.4,0.47,0.566,0.028,146,0.0,0.261,9,43,0,8,0,147981
2026-09-13 00:49:58,"Sun, 13 Sep 2026 00:49:46 GMT",1488,71,3.2,13.1,night,133.2,3961,13307,5.86,96,14,20,12,0.4,0.41,0.52,0.084,0.104,255,0.03,0.06,59,234,0,0,0,166632
2026-09-13 00:50:15,"Sun, 13 Sep 2026 00:50:02 GMT",1488,72,1.3,12.6,night,124.5,272,2069,7.4,1,1,1,1,1.0,0.5,0.0,0.24,0.0,203,0.0,0.119,2,2,0,0,0,180943
2026-09-13 00:51:04,"Sun, 13 Sep 2026 00:51:02 GMT",1484,84,0.7,19.6,night,89.1,36,2141,5.97,0,0,1,1,0.0,0.0,0.0,0.0,0.0,0,0.0,0.0,0,0,0,0,0,138891
2026-09-13 00:51:16,"Sun, 13 Sep 2026 00:51:02 GMT",1484,85,0.5,19.6,night,89.1,3,705,5.97,0,0,1,1,0.0,0.0,0.0,0.0,0.0,0,0.0,0.0,0,0,0,0,0,138891
2026-09-13 00:51:57,"Sun, 13 Sep 2026 00:51:46 GMT",1485,79,1.6,12.0,night,110.2,71,2713,5.4,3,0,3,1,1.0,1.0,1.0,0.396,0.222,99,0.0,0.169,1,3,0,0,0,193724
2026-09-13 00:52:09,"Sun, 13 Sep 2026 00:52:01 GMT",1485,80,0.9,12.7,night,107.2,51,2246,5.31,2,0,2,1,1.0,1.0,0.0,0.391,0.222,84,0.0,0.219,1,2,0,0,0,191408
2026-09-13 00:52:50,"Sun, 13 Sep 2026 00:52:46 GMT",1482,79,0.6,12.0,night,173.4,6,387,3.72,0,0,1,1,0.0,0.0,0.0,0.0,0.0,0,0.0,0.0,0,0,0,0,0,158884
2026-09-13 00:53:15,"Sun, 13 Sep 2026 00:53:02 GMT",1482,80,0.4,12.0,night,172.7,0,271,3.82,0,0,1,1,0.0,0.0,0.0,0.0,0.0,0,0.0,0.0,0,0,0,0,0,160973
2026-09-13 00:54:04,"Sun, 13 Sep 2026 00:54:01 GMT",1495,5,3.3,14.7,night,143.4,6409,14611,4.66,195,160,30,13,0.5,0.38,0.4,0.586,0.082,255,0.04,0.188,35,509,0,0,0,140702
2026-09-13 00:54:57,"Sun, 13 Sep 2026 00:54:47 GMT",1488,73,1.0,12.5,night,124.3,20,982,7.39,0,0,1,1,0.0,0.0,0.0,0.0,0.0,0,0.0,0.0,0,0,0,0,0,180562
2026-09-13 00:55:09,"Sun, 13 Sep 2026 00:55:01 GMT",1488,74,5.0,15.2,night,127.2,1423,3252,7.55,91,0,15,8,0.76,1.0,1.0,0.828,0.058,255,0.55,0.06,1,91,0,0,1,184157
2026-09-13 00:55:54,"Sun, 13 Sep 2026 00:55:47 GMT",1483,84,1.2,11.3,night,94.2,0,1046,5.14,0,0,1,1,0.0,0.0,0.0,0.0,0.0,0,0.0,0.0,0,0,0,0,0,156176
2026-09-13 00:56:06,"Sun, 13 Sep 2026 00:56:01 GMT",1484,86,0.4,19.3,night,88.5,21,1610,6.73,0,0,1,1,0.0,0.0,0.0,0.0,0.0,0,0.0,0.0,0,0,0,0,0,151550
2026-09-13 00:56:51,"Sun, 13 Sep 2026 00:56:47 GMT",1485,81,0.9,12.7,night,106.0,28,2210,5.3,1,0,1,1,1.0,1.0,0.0,0.396,0.222,83,0.0,0.266,1,1,0,0,0,188499
2026-09-13 00:57:04,"Sun, 13 Sep 2026 00:57:01 GMT",1485,82,0.7,12.6,night,105.8,24,2164,5.31,0,0,1,1,0.0,0.0,0.0,0.0,0.0,0,0.0,0.0,0,0,0,0,0,188759
2026-09-13 00:58:58,"Sun, 13 Sep 2026 00:58:47 GMT",1490,69,1.0,17.4,night,160.1,93,1207,4.78,7,0,3,3,0.78,1.0,1.0,0.565,0.019,143,0.0,0.322,1,7,0,7,0,149701
2026-09-13 00:59:22,"Sun, 13 Sep 2026 00:59:01 GMT",1491,82,1.0,16.4,night,131.1,26,505,6.82,0,0,1,1,0.0,0.0,0.0,0.0,0.0,0,0.0,0.0,0,0,0,0,0,186908
2026-09-13 00:59:51,"Sun, 13 Sep 2026 00:59:47 GMT",1488,75,2.5,12.1,night,124.8,698,1614,7.34,46,0,11,6,0.7,1.0,1.0,0.822,0.046,61,0.0,0.116,1,46,0,0,0,181008
2026-09-13 01:00:07,"Sun, 13 Sep 2026 01:00:02 GMT",1488,76,2.2,12.2,night,127.1,618,1305,7.28,43,0,10,6,0.72,1.0,1.0,0.82,0.046,60,0.0,0.169,1,43,0,0,0,181301
2026-09-13 01:00:48,"Sun, 13 Sep 2026 01:00:46 GMT",1484,87,9.5,19.9,night,103.1,17312,32638,6.34,830,390,54,48,0.32,0.63,0.64,0.403,0.367,255,0.28,0.068,29,1316,0,0,0,156685
2026-09-13 01:01:05,"Sun, 13 Sep 2026 01:01:02 GMT",1484,88,3.2,19.0,night,88.3,1452,10014,6.59,22,7,5,15,0.29,0.27,0.35,0.437,0.291,255,0.5,0.135,25,81,0,0,0,150578
2026-09-13 01:02:57,"Sun, 13 Sep 2026 01:02:47 GMT",1482,81,0.6,12.0,night,173.5,1,284,3.82,0,0,1,1,0.0,0.0,0.0,0.0,0.0,0,0.0,0.0,0,0,0,0,0,161375
2026-09-13 01:03:10,"Sun, 13 Sep 2026 01:03:01 GMT",1482,82,0.5,11.9,night,173.8,0,272,3.83,0,0,1,1,0.0,0.0,0.0,0.0,0.0,0,0.0,0.0,0,0,0,0,0,161811
2026-09-13 01:04:25,"Sun, 13 Sep 2026 01:04:02 GMT",1491,83,2.9,16.9,night,123.7,1,934,6.95,0,0,1,1,0.0,0.0,0.0,0.0,0.0,0,0.0,0.0,0,0,0,0,0,185516
2026-09-13 01:04:49,"Sun, 13 Sep 2026 01:04:46 GMT",1488,77,1.1,12.2,night,126.0,524,856,7.29,37,0,10,6,0.62,1.0,1.0,0.82,0.051,68,0.0,0.219,1,37,0,0,0,180805
2026-09-13 01:05:14,"Sun, 13 Sep 2026 01:05:02 GMT",1483,85,2.5,11.8,night,90.8,10,1783,5.15,0,0,1,1,0.0,0.0,0.0,0.0,0.0,0,0.0,0.0,0,0,0,0,0,158985
2026-09-13 01:05:51,"Sun, 13 Sep 2026 01:05:46 GMT",1484,89,2.3,19.0,night,90.3,553,6678,6.59,10,3,3,10,0.33,0.45,0.77,0.428,0.343,255,0.8,0.191,10,22,0,0,0,152077
2026-09-13 01:06:03,"Sun, 13 Sep 2026 01:06:01 GMT",1484,90,1.7,19.0,night,90.2,144,4229,6.58,1,0,1,1,1.0,1.0,0.0,0.427,0.333,255,1.0,0.241,1,1,0,0,0,151520
2026-09-13 01:06:15,"Sun, 13 Sep 2026 01:06:01 GMT",1484,91,1.2,19.0,night,90.2,9,1669,6.58,0,0,1,1,0.0,0.0,0.0,0.0,0.0,0,0.0,0.0,0,0,0,0,0,151520
2026-09-13 01:06:57,"Sun, 13 Sep 2026 01:06:46 GMT",1485,83,2.4,11.2,night,107.5,51,3326,5.46,0,0,1,1,0.0,0.0,0.0,0.0,0.0,0,0.0,0.0,0,0,0,0,0,194615
2026-09-13 01:07:09,"Sun, 13 Sep 2026 01:07:01 GMT",1489,87,1.2,10.2,night,92.6,9,1096,6.24,0,0,1,1,0.0,0.0,0.0,0.0,0.0,0,0.0,0.0,0,0,0,0,0,166216
2026-09-13 01:07:58,"Sun, 13 Sep 2026 01:07:46 GMT",1482,83,0.3,11.9,night,173.4,0,279,3.82,0,0,1,1,0.0,0.0,0.0,0.0,0.0,0,0.0,0.0,0,0,0,0,0,161569
2026-09-13 01:08:54,"Sun, 13 Sep 2026 01:08:47 GMT",1491,84,1.1,16.7,night,131.3,19,308,7.05,1,0,1,1,1.0,1.0,0.0,0.688,0.722,247,0.0,0.083,1,1,0,0,0,192491
2026-09-13 01:09:07,"Sun, 13 Sep 2026 01:09:02 GMT",1491,85,1.5,16.5,night,124.2,15,290,7.05,0,0,1,1,0.0,0.0,0.0,0.0,0.0,0,0.0,0.0,0,0,0,0,0,187362
2026-09-13 01:10:12,"Sun, 13 Sep 2026 01:10:02 GMT",1483,86,1.5,11.7,night,93.7,1,249,4.86,0,0,1,1,0.0,0.0,0.0,0.0,0.0,0,0.0,0.0,0,0,0,0,0,152910
2026-09-13 01:10:49,"Sun, 13 Sep 2026 01:10:46 GMT",1484,92,1.3,19.2,night,91.2,29,2632,6.72,0,0,1,1,0.0,0.0,0.0,0.0,0.0,0,0.0,0.0,0,0,0,0,0,153736
2026-09-13 01:11:06,"Sun, 13 Sep 2026 01:11:02 GMT",1484,93,0.9,19.2,night,90.9,25,1804,6.72,0,0,1,1,0.0,0.0,0.0,0.0,0.0,0,0.0,0.0,0,0,0,0,0,153562
2026-09-13 01:12:00,"Sun, 13 Sep 2026 01:11:46 GMT",1489,88,1.0,10.0,night,93.2,9,871,6.25,0,0,1,1,0.0,0.0,0.0,0.0,0.0,0,0.0,0.0,0,0,0,0,0,166707
2026-09-13 01:12:24,"Sun, 13 Sep 2026 01:12:01 GMT",1489,89,0.7,10.1,night,93.4,2,706,6.23,0,0,1,1,0.0,0.0,0.0,0.0,0.0,0,0.0,0.0,0,0,0,0,0,166491
2026-09-13 01:12:49,"Sun, 13 Sep 2026 01:12:47 GMT",1482,84,0.2,11.9,night,173.4,0,278,3.83,0,0,1,1,0.0,0.0,0.0,0.0,0.0,0,0.0,0.0,0,0,0,0,0,161281
2026-09-13 01:13:05,"Sun, 13 Sep 2026 01:13:01 GMT",1490,70,1.1,17.6,night,160.8,28,1496,4.12,2,0,1,2,1.0,1.0,0.0,0.26,0.602,255,1.0,0.06,1,2,0,0,0,139603
2026-09-13 01:14:03,"Sun, 13 Sep 2026 01:14:01 GMT",1491,86,1.1,16.5,night,130.5,1,222,7.08,0,0,1,1,0.0,0.0,0.0,0.0,0.0,0,0.0,0.0,0,0,0,0,0,192597
2026-09-13 01:14:20,"Sun, 13 Sep 2026 01:14:01 GMT",1491,87,0.7,16.5,night,130.5,0,37,7.08,0,0,1,1,0.0,0.0,0.0,0.0,0.0,0,0.0,0.0,0,0,0,0,0,192597
2026-09-13 01:14:49,"Sun, 13 Sep 2026 01:14:47 GMT",1516,3,1.9,15.3,night,121.5,1792,8987,6.63,24,18,10,8,0.3,0.24,0.27,0.381,0.081,249,0.0,0.116,18,102,0,0,0,167244
2026-09-13 01:20:29,"Sun, 13 Sep 2026 01:20:02 GMT",1483,87,1.7,11.1,night,96.4,165,460,5.1,10,0,4,4,0.62,1.0,1.0,0.273,0.863,255,0.8,0.079,1,10,0,0,0,159113
2026-09-13 01:20:53,"Sun, 13 Sep 2026 01:20:46 GMT",1484,94,0.7,19.2,night,89.5,12,1553,6.74,0,0,1,1,0.0,0.0,0.0,0.0,0.0,0,0.0,0.0,0,0,0,0,0,152809
2026-09-13 01:21:09,"Sun, 13 Sep 2026 01:21:01 GMT",1485,84,0.5,12.0,night,105.6,14,1983,5.3,0,0,1,1,0.0,0.0,0.0,0.0,0.0,0,0.0,0.0,0,0,0,0,0,189162
2026-09-13 01:22:01,"Sun, 13 Sep 2026 01:21:46 GMT",1489,90,0.8,11.3,night,94.5,2,814,6.34,0,0,1,1,0.0,0.0,0.0,0.0,0.0,0,0.0,0.0,0,0,0,0,0,168810
2026-09-13 01:22:13,"Sun, 13 Sep 2026 01:22:01 GMT",1482,85,0.4,12.0,night,173.0,0,264,3.8,0,0,1,1,0.0,0.0,0.0,0.0,0.0,0,0.0,0.0,0,0,0,0,0,160323
2026-09-13 01:22:50,"Sun, 13 Sep 2026 01:22:46 GMT",1490,71,1.0,17.5,night,160.1,1,338,4.74,0,0,1,1,0.0,0.0,0.0,0.0,0.0,0,0.0,0.0,0,0,0,0,0,152611
2026-09-13 01:23:18,"Sun, 13 Sep 2026 01:23:02 GMT",1490,72,0.8,17.4,night,159.8,13,140,4.86,2,0,2,1,1.0,1.0,0.0,0.745,0.0,206,0.0,0.061,1,2,0,0,0,154655
2026-09-13 01:23:54,"Sun, 13 Sep 2026 01:23:46 GMT",1491,88,2.3,16.3,night,131.9,140,1203,7.24,5,2,2,3,0.83,0.71,1.0,0.36,0.17,167,0.0,0.06,2,7,0,0,0,195505
2026-09-13 01:24:10,"Sun, 13 Sep 2026 01:24:02 GMT",1488,78,1.4,12.6,night,125.4,14,952,7.37,0,0,1,1,0.0,0.0,0.0,0.0,0.0,0,0.0,0.0,0,0,0,0,0,180948
2026-09-13 01:25:03,"Sun, 13 Sep 2026 01:24:46 GMT",1483,88,1.1,11.3,night,95.6,58,254,5.12,5,0,3,2,0.83,1.0,1.0,0.273,0.859,221,0.0,0.131,1,5,0,0,0,160806
2026-09-13 01:25:15,"Sun, 13 Sep 2026 01:25:02 GMT",1483,89,0.8,11.3,night,95.2,37,206,5.05,2,0,2,2,0.5,1.0,0.0,0.276,0.861,214,0.0,0.181,1,2,0,0,0,158056
2026-09-13 01:25:51,"Sun, 13 Sep 2026 01:25:46 GMT",1485,85,1.0,12.6,night,107.6,17,2307,5.1,0,0,1,1,0.0,0.0,0.0,0.0,0.0,0,0.0,0.0,0,0,0,0,0,187965
2026-09-13 01:26:03,"Sun, 13 Sep 2026 01:26:01 GMT",1485,86,0.7,12.6,night,107.6,26,2181,5.35,0,0,1,1,0.0,0.0,0.0,0.0,0.0,0,0.0,0.0,0,0,0,0,0,191817
2026-09-13 01:27:04,"Sun, 13 Sep 2026 01:27:01 GMT",1482,86,0.3,12.0,night,172.9,0,258,3.81,0,0,1,1,0.0,0.0,0.0,0.0,0.0,0,0.0,0.0,0,0,0,0,0,160860
2026-09-13 01:27:52,"Sun, 13 Sep 2026 01:27:46 GMT",1490,73,1.7,17.3,night,163.3,28,386,4.72,1,0,1,1,1.0,1.0,0.0,0.896,0.463,177,0.0,0.204,1,1,0,0,0,149379
2026-09-13 01:28:04,"Sun, 13 Sep 2026 01:28:01 GMT",1490,74,1.5,16.9,night,163.8,0,102,4.73,0,0,1,1,0.0,0.0,0.0,0.0,0.0,0,0.0,0.0,0,0,0,0,0,149038
2026-09-13 01:28:56,"Sun, 13 Sep 2026 01:28:46 GMT",1488,79,1.1,12.6,night,125.3,4,1122,7.43,0,0,1,1,0.0,0.0,0.0,0.0,0.0,0,0.0,0.0,0,0,0,0,0,176329
2026-09-13 01:29:08,"Sun, 13 Sep 2026 01:29:02 GMT",1488,80,0.6,12.6,night,126.7,0,504,7.33,0,0,1,1,0.0,0.0,0.0,0.0,0.0,0,0.0,0.0,0,0,0,0,0,181042
2026-09-13 01:29:56,"Sun, 13 Sep 2026 01:29:47 GMT",1483,90,0.6,11.4,night,93.3,9,210,5.05,0,0,1,1,0.0,0.0,0.0,0.0,0.0,0,0.0,0.0,0,0,0,0,0,153274
2026-09-13 01:30:08,"Sun, 13 Sep 2026 01:30:01 GMT",1484,95,0.6,19.3,night,89.6,17,1400,6.48,0,0,1,1,0.0,0.0,0.0,0.0,0.0,0,0.0,0.0,0,0,0,0,0,148303
2026-09-13 01:31:00,"Sun, 13 Sep 2026 01:30:46 GMT",1485,87,0.6,12.6,night,107.7,21,2022,5.34,0,0,1,1,0.0,0.0,0.0,0.0,0.0,0,0.0,0.0,0,0,0,0,0,190674
2026-09-13 01:31:13,"Sun, 13 Sep 2026 01:31:01 GMT",1485,88,0.5,12.6,night,107.4,11,1988,5.37,0,0,1,1,0.0,0.0,0.0,0.0,0.0,0,0.0,0.0,0,0,0,0,0,191435
2026-09-13 01:36:36,"Sun, 13 Sep 2026 01:36:01 GMT",1489,91,0.7,10.2,night,93.1,4,749,6.24,0,0,1,1,0.0,0.0,0.0,0.0,0.0,0,0.0,0.0,0,0,0,0,0,166326
2026-09-13 01:36:52,"Sun, 13 Sep 2026 01:36:47 GMT",1482,87,0.4,12.0,night,173.5,0,249,3.82,0,0,1,1,0.0,0.0,0.0,0.0,0.0,0,0.0,0.0,0,0,0,0,0,161324
2026-09-13 01:37:17,"Sun, 13 Sep 2026 01:37:02 GMT",1482,88,0.3,11.9,night,173.4,0,282,3.83,0,0,1,1,0.0,0.0,0.0,0.0,0.0,0,0.0,0.0,0,0,0,0,0,161284
2026-09-13 01:37:57,"Sun, 13 Sep 2026 01:37:46 GMT",1490,75,0.9,16.9,night,162.7,7,114,4.74,0,0,1,1,0.0,0.0,0.0,0.0,0.0,0,0.0,0.0,0,0,0,0,0,150629
2026-09-13 01:38:09,"Sun, 13 Sep 2026 01:38:02 GMT",1491,89,2.0,16.7,night,125.8,23,570,7.02,1,0,1,1,1.0,1.0,0.0,0.135,0.037,46,0.0,0.116,1,1,0,0,0,188493
2026-09-13 01:38:57,"Sun, 13 Sep 2026 01:38:46 GMT",1488,81,1.5,12.3,night,128.1,0,153,7.23,0,0,1,1,0.0,0.0,0.0,0.0,0.0,0,0.0,0.0,0,0,0,0,0,181650
2026-09-13 01:39:09,"Sun, 13 Sep 2026 01:39:02 GMT",1492,2,10.5,14.0,night,96.1,12303,26977,4.59,564,66,76,26,0.29,0.64,0.66,0.368,0.731,255,0.07,0.06,38,879,0,0,0,167744
2026-09-13 01:39:57,"Sun, 13 Sep 2026 01:39:46 GMT",1484,96,1.0,19.0,night,90.0,11,1376,6.62,0,0,1,1,0.0,0.0,0.0,0.0,0.0,0,0.0,0.0,0,0,0,0,0,151841
2026-09-13 01:40:13,"Sun, 13 Sep 2026 01:40:01 GMT",1484,97,0.6,19.1,night,88.9,6,1221,6.6,0,0,1,1,0.0,0.0,0.0,0.0,0.0,0,0.0,0.0,0,0,0,0,0,151126
2026-09-13 01:41:06,"Sun, 13 Sep 2026 01:41:02 GMT",1489,92,0.8,11.2,night,94.6,2,695,6.38,0,0,1,1,0.0,0.0,0.0,0.0,0.0,0,0.0,0.0,0,0,0,0,0,169309
2026-09-13 01:42:02,"Sun, 13 Sep 2026 01:41:46 GMT",1482,89,0.4,11.9,night,173.8,0,267,3.84,0,0,1,1,0.0,0.0,0.0,0.0,0.0,0,0.0,0.0,0,0,0,0,0,161500
2026-09-13 01:42:14,"Sun, 13 Sep 2026 01:42:01 GMT",1520,2,9.9,16.3,night,154.0,10903,20777,4.3,234,113,28,12,0.7,0.31,0.31,0.763,0.094,255,0.64,0.06,27,763,0,0,0,171602
2026-09-13 01:43:18,"Sun, 13 Sep 2026 01:43:01 GMT",1491,90,2.1,17.4,night,133.9,17,444,6.89,1,0,1,1,1.0,1.0,0.0,0.135,0.037,56,0.0,0.169,1,1,0,0,0,191505
2026-09-13 01:44:02,"Sun, 13 Sep 2026 01:43:46 GMT",1488,82,2.3,12.2,night,127.8,0,246,7.18,0,0,1,1,0.0,0.0,0.0,0.0,0.0,0,0.0,0.0,0,0,0,0,0,181395
2026-09-13 01:44:14,"Sun, 13 Sep 2026 01:44:01 GMT",1483,91,2.0,11.7,night,96.4,1,251,4.97,0,0,1,1,0.0,0.0,0.0,0.0,0.0,0,0.0,0.0,0,0,0,0,0,154065
2026-09-13 01:45:03,"Sun, 13 Sep 2026 01:44:47 GMT",1484,98,0.6,19.0,night,89.2,12,1227,6.66,0,0,1,1,0.0,0.0,0.0,0.0,0.0,0,0.0,0.0,0,0,0,0,0,151270
2026-09-13 01:45:19,"Sun, 13 Sep 2026 01:45:01 GMT",1484,99,0.4,19.0,night,89.0,16,1246,6.63,0,0,1,1,0.0,0.0,0.0,0.0,0.0,0,0.0,0.0,0,0,0,0,0,151530
2026-09-13 01:45:55,"Sun, 13 Sep 2026 01:45:47 GMT",1489,93,0.7,10.2,night,93.1,13,755,6.27,1,0,1,1,1.0,1.0,0.0,0.51,0.056,80,0.0,0.06,1,1,0,0,0,166396
2026-09-13 01:46:19,"Sun, 13 Sep 2026 01:46:02 GMT",1489,94,0.5,10.2,night,93.0,2,684,6.27,0,0,1,1,0.0,0.0,0.0,0.0,0.0,0,0.0,0.0,0,0,0,0,0,167095
2026-09-13 01:47:03,"Sun, 13 Sep 2026 01:46:46 GMT",1482,90,0.3,12.0,night,173.7,0,287,3.83,0,0,1,1,0.0,0.0,0.0,0.0,0.0,0,0.0,0.0,0,0,0,0,0,161217
2026-09-13 01:47:15,"Sun, 13 Sep 2026 01:47:02 GMT",1490,76,2.0,15.7,night,162.0,3,361,4.8,0,0,1,1,0.0,0.0,0.0,0.0,0.0,0,0.0,0.0,0,0,0,0,0,156896
2026-09-13 01:48:19,"Sun, 13 Sep 2026 01:48:02 GMT",1491,91,0.9,16.5,night,130.3,11,203,7.05,0,0,1,1,0.0,0.0,0.0,0.0,0.0,0,0.0,0.0,0,0,0,0,0,191767
2026-09-13 01:52:31,"Sun, 13 Sep 2026 01:52:01 GMT",1490,77,2.4,15.2,night,160.3,37,608,4.84,2,0,1,2,1.0,1.0,0.0,0.719,0.083,203,0.0,0.06,1,2,0,0,0,156838
2026-09-13 01:52:55,"Sun, 13 Sep 2026 01:52:47 GMT",1491,92,1.1,16.6,night,128.8,0,192,7.05,0,0,1,1,0.0,0.0,0.0,0.0,0.0,0,0.0,0.0,0,0,0,0,0,190758
2026-09-13 01:53:07,"Sun, 13 Sep 2026 01:53:01 GMT",1488,83,1.4,12.6,night,132.6,233,2772,6.34,0,0,1,1,0.0,0.0,0.0,0.0,0.0,0,0.0,0.0,0,0,0,0,0,167334
2026-09-13 01:53:59,"Sun, 13 Sep 2026 01:53:47 GMT",1483,92,0.8,11.5,night,97.0,1,142,5.06,0,0,1,1,0.0,0.0,0.0,0.0,0.0,0,0.0,0.0,0,0,0,0,0,158835
2026-09-13 01:54:11,"Sun, 13 Sep 2026 01:54:01 GMT",1483,93,0.7,11.2,night,96.3,39,201,5.09,3,0,2,2,0.75,1.0,1.0,0.132,0.543,255,1.0,0.063,1,3,0,0,0,157469
2026-09-13 01:55:04,"Sun, 13 Sep 2026 01:54:47 GMT",1484,100,1.1,19.2,night,90.5,14,1415,6.75,0,0,1,1,0.0,0.0,0.0,0.0,0.0,0,0.0,0.0,0,0,0,0,0,153122
2026-09-13 01:55:28,"Sun, 13 Sep 2026 01:55:02 GMT",1485,89,1.4,11.7,night,108.4,18,2140,5.28,0,0,1,1,0.0,0.0,0.0,0.0,0.0,0,0.0,0.0,0,0,0,0,0,191290
2026-09-13 01:55:52,"Sun, 13 Sep 2026 01:55:46 GMT",1489,95,0.5,10.2,night,93.3,4,742,6.05,0,0,1,1,0.0,0.0,0.0,0.0,0.0,0,0.0,0.0,0,0,0,0,0,163192
2026-09-13 01:56:08,"Sun, 13 Sep 2026 01:56:01 GMT",1482,91,0.5,12.0,night,174.2,10,347,3.69,0,0,1,1,0.0,0.0,0.0,0.0,0.0,0,0.0,0.0,0,0,0,0,0,158164
2026-09-13 01:56:52,"Sun, 13 Sep 2026 01:56:47 GMT",1490,78,2.8,14.3,night,159.7,4,1109,4.86,0,0,1,1,0.0,0.0,0.0,0.0,0.0,0,0.0,0.0,0,0,0,0,0,157023
2026-09-13 01:57:04,"Sun, 13 Sep 2026 01:57:01 GMT",1490,79,2.3,15.4,night,157.5,2,345,4.86,0,0,1,1,0.0,0.0,0.0,0.0,0.0,0,0.0,0.0,0,0,0,0,0,155481
2026-09-13 01:58:21,"Sun, 13 Sep 2026 01:58:02 GMT",1488,84,0.5,12.3,night,127.2,0,263,7.28,0,0,1,1,0.0,0.0,0.0,0.0,0.0,0,0.0,0.0,0,0,0,0,0,181009
2026-09-13 01:58:49,"Sun, 13 Sep 2026 01:58:47 GMT",1483,94,0.4,11.3,night,95.5,21,122,5.0,2,0,2,1,1.0,1.0,0.0,0.13,0.537,98,0.0,0.12,1,2,0,0,0,156905
2026-09-13 01:59:13,"Sun, 13 Sep 2026 01:59:01 GMT",1484,101,9.8,19.6,night,105.5,16967,32960,5.87,673,396,45,48,0.31,0.52,0.54,0.37,0.311,255,0.22,0.092,28,1282,0,0,0,161528
2026-09-13 01:59:57,"Sun, 13 Sep 2026 01:59:47 GMT",1485,90,0.9,12.1,night,107.2,12,1947,5.23,0,0,1,1,0.0,0.0,0.0,0.0,0.0,0,0.0,0.0,0,0,0,0,0,191173
2026-09-13 02:00:13,"Sun, 13 Sep 2026 02:00:02 GMT",1485,91,0.6,11.9,night,107.2,21,1898,5.27,0,0,1,1,0.0,0.0,0.0,0.0,0.0,0,0.0,0.0,0,0,0,0,0,190433
2026-09-13 02:02:38,"Sun, 13 Sep 2026 02:02:01 GMT",1490,80,0.7,15.3,night,160.2,144,531,4.9,9,0,3,3,1.0,1.0,1.0,0.604,0.315,225,0.0,0.062,1,9,0,0,0,157828
2026-09-13 02:02:50,"Sun, 13 Sep 2026 02:02:46 GMT",1488,85,1.3,11.9,night,124.8,0,166,6.92,0,0,1,1,0.0,0.0,0.0,0.0,0.0,0,0.0,0.0,0,0,0,0,0,172316
2026-09-13 02:03:14,"Sun, 13 Sep 2026 02:03:01 GMT",1488,86,0.9,12.0,night,125.5,0,105,7.22,0,0,1,1,0.0,0.0,0.0,0.0,0.0,0,0.0,0.0,0,0,0,0,0,180647
2026-09-13 02:08:57,"Sun, 13 Sep 2026 02:08:46 GMT",1484,102,5.1,20.8,night,101.8,2493,13469,6.08,32,23,8,11,0.36,0.19,0.21,0.552,0.109,235,0.0,0.159,29,166,0,0,0,151186
2026-09-13 02:09:21,"Sun, 13 Sep 2026 02:09:01 GMT",1484,103,4.5,18.6,night,89.8,487,9313,6.54,12,3,4,11,0.27,0.6,0.8,0.432,0.315,255,0.5,0.248,5,20,0,0,0,151060
2026-09-13 02:09:57,"Sun, 13 Sep 2026 02:09:46 GMT",1485,92,5.9,10.3,night,111.1,288,15432,5.66,0,0,1,1,0.0,0.0,0.0,0.0,0.0,0,0.0,0.0,0,0,0,0,0,206747
2026-09-13 02:10:13,"Sun, 13 Sep 2026 02:10:02 GMT",1489,96,1.8,8.8,night,93.5,4,1026,6.1,0,0,1,1,0.0,0.0,0.0,0.0,0.0,0,0.0,0.0,0,0,0,0,0,165341
2026-09-13 02:10:49,"Sun, 13 Sep 2026 02:10:47 GMT",1482,92,0.5,11.9,night,174.4,0,295,3.85,0,0,1,1,0.0,0.0,0.0,0.0,0.0,0,0.0,0.0,0,0,0,0,0,161529
2026-09-13 02:11:01,"Sun, 13 Sep 2026 02:10:47 GMT",1482,93,0.4,11.9,night,174.4,0,28,3.85,0,0,1,1,0.0,0.0,0.0,0.0,0.0,0,0.0,0.0,0,0,0,0,0,161529
2026-09-13 02:11:12,"Sun, 13 Sep 2026 02:11:01 GMT",1482,94,0.5,11.8,night,174.7,0,403,3.83,0,0,1,1,0.0,0.0,0.0,0.0,0.0,0,0.0,0.0,0,0,0,0,0,161133
2026-09-13 02:11:52,"Sun, 13 Sep 2026 02:11:46 GMT",1490,81,3.8,12.6,night,161.7,498,4709,5.05,21,12,9,7,0.33,0.58,0.64,0.408,0.048,223,0.0,0.06,5,36,0,0,0,163185
2026-09-13 02:12:08,"Sun, 13 Sep 2026 02:12:02 GMT",1491,93,1.0,17.0,night,133.4,0,273,6.98,0,0,1,1,0.0,0.0,0.0,0.0,0.0,0,0.0,0.0,0,0,0,0,0,194427
2026-09-13 02:12:56,"Sun, 13 Sep 2026 02:12:46 GMT",1488,87,1.2,12.1,night,126.9,0,126,7.22,0,0,1,1,0.0,0.0,0.0,0.0,0.0,0,0.0,0.0,0,0,0,0,0,181004
2026-09-13 02:13:56,"Sun, 13 Sep 2026 02:13:46 GMT",1484,104,5.1,16.8,night,91.1,184,9431,6.29,1,0,1,1,1.0,1.0,0.0,0.052,0.519,44,0.0,0.117,1,1,0,0,0,150293
2026-09-13 02:14:08,"Sun, 13 Sep 2026 02:14:01 GMT",1484,105,6.5,15.3,night,98.2,791,17338,5.97,36,1,12,8,0.38,0.95,1.0,0.514,0.271,237,0.0,0.069,3,38,0,0,0,150453
2026-09-13 02:14:56,"Sun, 13 Sep 2026 02:14:46 GMT",1485,93,4.7,9.8,night,109.7,742,9386,5.61,18,12,7,3,0.86,0.51,0.6,0.123,0.853,255,0.33,0.06,6,35,0,0,0,201155
2026-09-13 02:15:08,"Sun, 13 Sep 2026 02:15:01 GMT",1489,97,1.1,8.9,night,92.4,1,645,6.1,0,0,1,1,0.0,0.0,0.0,0.0,0.0,0,0.0,0.0,0,0,0,0,0,164570
2026-09-13 02:16:03,"Sun, 13 Sep 2026 02:16:01 GMT",1496,3,2.5,12.5,night,197.8,1022,4501,2.46,39,19,15,4,0.65,0.56,0.57,0.749,0.02,255,0.69,0.116,5,70,0,0,0,124136
2026-09-13 02:16:55,"Sun, 13 Sep 2026 02:16:47 GMT",1491,94,1.3,16.5,night,132.7,4,407,6.81,0,0,1,1,0.0,0.0,0.0,0.0,0.0,0,0.0,0.0,0,0,0,0,0,187083
2026-09-13 02:17:20,"Sun, 13 Sep 2026 02:17:01 GMT",1491,95,0.9,16.6,night,132.6,0,244,7.08,0,0,1,1,0.0,0.0,0.0,0.0,0.0,0,0.0,0.0,0,0,0,0,0,193730
2026-09-13 02:18:00,"Sun, 13 Sep 2026 02:17:46 GMT",1488,88,0.9,12.1,night,125.9,0,74,7.27,0,0,1,1,0.0,0.0,0.0,0.0,0.0,0,0.0,0.0,0,0,0,0,0,180471
2026-09-13 02:18:24,"Sun, 13 Sep 2026 02:18:02 GMT",1483,95,1.0,11.2,night,97.4,17,178,5.09,2,0,2,1,1.0,1.0,0.0,0.13,0.537,105,0.0,0.173,1,2,0,0,0,157911
2026-09-13 02:18:52,"Sun, 13 Sep 2026 02:18:47 GMT",1484,106,2.7,18.9,night,89.5,55,3826,6.62,0,0,1,1,0.0,0.0,0.0,0.0,0.0,0,0.0,0.0,0,0,0,0,0,151635
2026-09-13 02:19:03,"Sun, 13 Sep 2026 02:19:02 GMT",1484,107,2.0,19.1,night,89.1,21,2591,6.63,0,0,1,1,0.0,0.0,0.0,0.0,0.0,0,0.0,0.0,0,0,0,0,0,151485
2026-09-13 02:19:15,"Sun, 13 Sep 2026 02:19:02 GMT",1484,108,1.4,19.1,night,89.1,0,826,6.63,0,0,1,1,0.0,0.0,0.0,0.0,0.0,0,0.0,0.0,0,0,0,0,0,151485
2026-09-13 02:19:51,"Sun, 13 Sep 2026 02:19:46 GMT",1489,98,0.6,10.0,night,93.4,1,714,6.27,0,0,1,1,0.0,0.0,0.0,0.0,0.0,0,0.0,0.0,0,0,0,0,0,167654
2026-09-13 02:20:15,"Sun, 13 Sep 2026 02:20:02 GMT",1489,99,0.5,9.9,night,93.6,4,820,6.29,0,0,1,1,0.0,0.0,0.0,0.0,0.0,0,0.0,0.0,0,0,0,0,0,168304
2026-09-13 02:28:11,"Sun, 13 Sep 2026 02:28:02 GMT",1539,2,5.3,16.0,night,106.9,564,12226,4.72,27,1,8,7,0.48,0.96,1.0,0.48,0.34,183,0.0,0.06,2,28,0,0,0,162523
2026-09-13 02:29:04,"Sun, 13 Sep 2026 02:29:02 GMT",1540,2,10.8,17.8,night,111.8,12730,33443,4.83,448,135,42,42,0.25,0.48,0.49,0.494,0.525,246,0.0,0.06,28,941,0,0,0,180355
2026-09-13 02:32:07,"Sun, 13 Sep 2026 02:32:01 GMT",1538,2,6.9,8.5,night,121.5,2002,26480,6.9,2,2,2,1,1.0,0.1,0.0,0.234,0.0,169,0.0,0.06,15,20,0,0,0,181447
2026-09-13 02:32:52,"Sun, 13 Sep 2026 02:32:47 GMT",1483,96,1.7,11.5,night,94.8,6,203,4.93,0,0,1,1,0.0,0.0,0.0,0.0,0.0,0,0.0,0.0,0,0,0,0,0,152427
2026-09-13 02:33:45,"Sun, 13 Sep 2026 02:33:02 GMT",1484,109,0.8,19.0,night,90.1,13,1540,6.39,0,0,1,1,0.0,0.0,0.0,0.0,0.0,0,0.0,0.0,0,0,0,0,0,147039
2026-09-13 02:33:57,"Sun, 13 Sep 2026 02:33:48 GMT",1485,94,0.8,10.7,night,109.6,21,2115,5.25,0,0,1,1,0.0,0.0,0.0,0.0,0.0,0,0.0,0.0,0,0,0,0,0,191511
2026-09-13 02:34:10,"Sun, 13 Sep 2026 02:34:01 GMT",1485,95,3.0,10.6,night,115.6,193,5394,5.65,4,1,2,2,1.0,0.8,1.0,0.193,0.139,121,0.0,0.06,2,5,0,0,0,204438
2026-09-13 02:34:55,"Sun, 13 Sep 2026 02:34:46 GMT",1529,4,9.4,18.0,night,173.3,8886,30723,6.0,148,134,25,14,0.42,0.25,0.25,0.776,0.885,255,0.64,0.085,30,595,0,0,0,220496
2026-09-13 02:35:11,"Sun, 13 Sep 2026 02:35:02 GMT",1482,95,0.4,12.0,night,174.0,2,333,3.84,0,0,1,1,0.0,0.0,0.0,0.0,0.0,0,0.0,0.0,0,0,0,0,0,161629
2026-09-13 02:36:00,"Sun, 13 Sep 2026 02:35:46 GMT",1545,2,0.0,13.7,night,169.6,0,0,5.03,0,0,1,1,0.0,0.0,0.0,0.0,0.0,0,0.0,0.0,0,0,0,0,0,168706
2026-09-13 02:36:12,"Sun, 13 Sep 2026 02:36:01 GMT",1545,3,4.9,13.4,night,171.6,4133,16737,5.18,71,27,14,11,0.46,0.26,0.3,0.655,0.297,255,0.11,0.06,47,269,0,0,0,169202
2026-09-13 02:36:52,"Sun, 13 Sep 2026 02:36:47 GMT",1488,89,1.5,11.6,night,123.7,0,160,7.17,0,0,1,1,0.0,0.0,0.0,0.0,0.0,0,0.0,0.0,0,0,0,0,0,179681
2026-09-13 02:37:09,"Sun, 13 Sep 2026 02:37:01 GMT",1488,90,1.1,11.5,night,123.5,0,99,7.19,0,0,1,1,0.0,0.0,0.0,0.0,0.0,0,0.0,0.0,0,0,0,0,0,180171
2026-09-13 02:37:49,"Sun, 13 Sep 2026 02:37:47 GMT",1483,97,1.3,11.1,night,98.7,0,140,4.99,0,0,1,1,0.0,0.0,0.0,0.0,0.0,0,0.0,0.0,0,0,0,0,0,158778
2026-09-13 02:38:50,"Sun, 13 Sep 2026 02:38:46 GMT",1485,96,2.2,11.2,night,107.5,29,2242,5.19,0,0,1,1,0.0,0.0,0.0,0.0,0.0,0,0.0,0.0,0,0,0,0,0,190246
2026-09-13 02:45:08,"Sun, 13 Sep 2026 02:45:01 GMT",1482,96,3.0,11.6,night,170.1,0,2161,3.99,0,0,1,1,0.0,0.0,0.0,0.0,0.0,0,0.0,0.0,0,0,0,0,0,174301
2026-09-13 02:45:57,"Sun, 13 Sep 2026 02:45:47 GMT",1514,3,10.7,12.7,night,160.0,12029,38569,4.68,582,78,51,26,0.44,0.65,0.68,0.568,0.174,255,0.02,0.068,51,893,0,0,0,159002
2026-09-13 02:46:10,"Sun, 13 Sep 2026 02:46:02 GMT",1544,2,3.9,9.3,night,138.8,231,9027,6.76,1,0,1,1,1.0,1.0,0.0,0.271,0.87,255,1.0,0.06,1,1,0,0,0,201950
2026-09-13 02:46:55,"Sun, 13 Sep 2026 02:46:46 GMT",1538,3,5.4,16.5,night,139.4,551,13264,6.48,1,1,1,1,1.0,0.5,0.0,0.062,0.019,179,0.0,0.116,2,2,0,0,0,188099
2026-09-13 02:47:07,"Sun, 13 Sep 2026 02:47:01 GMT",1483,98,8.6,12.3,night,106.8,1625,27025,4.72,77,2,17,11,0.41,0.94,1.0,0.514,0.252,161,0.0,0.06,5,82,0,0,0,160232
2026-09-13 02:48:00,"Sun, 13 Sep 2026 02:47:46 GMT",1484,110,1.0,18.6,night,91.0,13,1426,6.48,0,0,1,1,0.0,0.0,0.0,0.0,0.0,0,0.0,0.0,0,0,0,0,0,151710
2026-09-13 02:48:12,"Sun, 13 Sep 2026 02:48:01 GMT",1484,111,0.7,18.6,night,91.4,7,1293,6.47,0,0,1,1,0.0,0.0,0.0,0.0,0.0,0,0.0,0.0,0,0,0,0,0,151599
2026-09-13 02:48:50,"Sun, 13 Sep 2026 02:48:47 GMT",1485,97,1.0,10.5,night,110.0,73,2879,5.52,2,0,2,1,1.0,1.0,0.0,0.005,0.444,255,1.0,0.06,1,2,0,0,0,200777
2026-09-13 02:49:15,"Sun, 13 Sep 2026 02:49:02 GMT",1489,100,1.0,8.9,night,93.4,1,796,6.12,0,0,1,1,0.0,0.0,0.0,0.0,0.0,0,0.0,0.0,0,0,0,0,0,165490
2026-09-13 02:49:59,"Sun, 13 Sep 2026 02:49:47 GMT",1482,97,1.1,11.8,night,175.2,0,364,3.83,0,0,1,1,0.0,0.0,0.0,0.0,0.0,0,0.0,0.0,0,0,0,0,0,161228
2026-09-13 02:50:56,"Sun, 13 Sep 2026 02:50:46 GMT",1491,96,2.3,8.6,night,132.4,2,469,6.84,0,0,1,1,0.0,0.0,0.0,0.0,0.0,0,0.0,0.0,0,0,0,0,0,190418
2026-09-13 02:51:21,"Sun, 13 Sep 2026 02:51:01 GMT",1491,97,2.3,8.2,night,129.6,1,457,6.86,0,0,1,1,0.0,0.0,0.0,0.0,0.0,0,0.0,0.0,0,0,0,0,0,188254
2026-09-13 02:51:49,"Sun, 13 Sep 2026 02:51:46 GMT",1488,91,1.0,12.0,night,124.8,0,91,7.18,0,0,1,1,0.0,0.0,0.0,0.0,0.0,0,0.0,0.0,0,0,0,0,0,179749
2026-09-13 02:52:13,"Sun, 13 Sep 2026 02:52:02 GMT",1483,99,1.3,11.9,night,99.0,4,1193,5.23,0,0,1,1,0.0,0.0,0.0,0.0,0.0,0,0.0,0.0,0,0,0,0,0,163838
2026-09-13 02:52:50,"Sun, 13 Sep 2026 02:52:46 GMT",1484,112,0.7,18.4,night,90.3,20,1277,6.49,0,0,1,1,0.0,0.0,0.0,0.0,0.0,0,0.0,0.0,0,0,0,0,0,151205
2026-09-13 02:53:14,"Sun, 13 Sep 2026 02:53:02 GMT",1484,113,0.8,18.5,night,89.6,10,1368,6.52,0,0,1,1,0.0,0.0,0.0,0.0,0.0,0,0.0,0.0,0,0,0,0,0,151844
2026-09-13 02:54:03,"Sun, 13 Sep 2026 02:54:01 GMT",1489,101,0.6,9.9,night,94.2,3,671,6.26,0,0,1,1,0.0,0.0,0.0,0.0,0.0,0,0.0,0.0,0,0,0,0,0,168105
2026-09-13 02:54:52,"Sun, 13 Sep 2026 02:54:46 GMT",1482,98,0.8,11.9,night,173.8,0,321,3.82,0,0,1,1,0.0,0.0,0.0,0.0,0.0,0,0.0,0.0,0,0,0,0,0,161530
2026-09-13 02:55:04,"Sun, 13 Sep 2026 02:55:02 GMT",1490,82,3.3,17.0,night,162.0,137,2780,4.27,3,1,2,2,0.75,0.5,1.0,0.434,0.105,255,1.0,0.098,4,6,0,0,0,142846
2026-09-13 02:57:43,"Sun, 13 Sep 2026 02:57:02 GMT",1483,100,3.0,11.2,night,95.5,0,543,5.01,0,0,1,1,0.0,0.0,0.0,0.0,0.0,0,0.0,0.0,0,0,0,0,0,156523
2026-09-13 02:58:07,"Sun, 13 Sep 2026 02:58:02 GMT",1485,98,2.1,11.6,night,105.6,27,2352,5.19,2,0,2,1,1.0,1.0,0.0,0.005,0.444,55,0.0,0.116,1,2,0,0,0,188499
2026-09-13 02:58:47,"Sun, 13 Sep 2026 02:58:46 GMT",1489,102,1.5,11.1,night,95.4,2,1007,6.37,0,0,1,1,0.0,0.0,0.0,0.0,0.0,0,0.0,0.0,0,0,0,0,0,169601
2026-09-13 02:59:03,"Sun, 13 Sep 2026 02:59:01 GMT",1489,103,1.0,11.0,night,95.6,3,830,6.35,0,0,1,1,0.0,0.0,0.0,0.0,0.0,0,0.0,0.0,0,0,0,0,0,170090
2026-09-13 03:01:32,"Sun, 13 Sep 2026 03:01:01 GMT",1488,92,2.3,12.2,night,125.4,1,687,7.38,0,0,1,1,0.0,0.0,0.0,0.0,0.0,0,0.0,0.0,0,0,0,0,0,175993
2026-09-13 03:01:56,"Sun, 13 Sep 2026 03:01:46 GMT",1483,101,2.1,11.3,night,95.2,2,262,5.0,0,0,1,1,0.0,0.0,0.0,0.0,0.0,0,0.0,0.0,0,0,0,0,0,156607
2026-09-13 03:02:20,"Sun, 13 Sep 2026 03:02:01 GMT",1483,102,1.6,11.3,night,94.5,23,212,5.01,1,0,1,1,1.0,1.0,0.0,0.667,0.426,227,0.0,0.06,1,1,0,0,0,155726
2026-09-13 03:03:08,"Sun, 13 Sep 2026 03:03:02 GMT",1485,99,2.2,11.9,night,107.9,41,2490,5.25,2,0,2,1,1.0,1.0,0.0,0.005,0.444,58,0.0,0.169,1,2,0,0,0,191311
2026-09-13 03:03:58,"Sun, 13 Sep 2026 03:03:46 GMT",1489,104,0.6,10.1,night,93.8,4,654,6.28,0,0,1,1,0.0,0.0,0.0,0.0,0.0,0,0.0,0.0,0,0,0,0,0,168343
2026-09-13 03:04:10,"Sun, 13 Sep 2026 03:04:02 GMT",1482,99,0.7,11.9,night,174.8,0,259,3.84,0,0,1,1,0.0,0.0,0.0,0.0,0.0,0,0.0,0.0,0,0,0,0,0,161216
2026-09-13 03:06:02,"Sun, 13 Sep 2026 03:05:47 GMT",1491,98,1.7,11.3,night,130.4,0,274,7.1,0,0,1,1,0.0,0.0,0.0,0.0,0.0,0,0.0,0.0,0,0,0,0,0,191610
2026-09-13 03:06:39,"Sun, 13 Sep 2026 03:06:01 GMT",1488,93,1.1,12.3,night,127.0,0,114,7.27,0,0,1,1,0.0,0.0,0.0,0.0,0.0,0,0.0,0.0,0,0,0,0,0,180680
2026-09-13 03:06:51,"Sun, 13 Sep 2026 03:06:47 GMT",1483,103,0.8,11.3,night,96.7,7,204,5.02,0,0,1,1,0.0,0.0,0.0,0.0,0.0,0,0.0,0.0,0,0,0,0,0,157961
2026-09-13 03:07:07,"Sun, 13 Sep 2026 03:07:02 GMT",1484,114,2.4,19.3,night,91.4,30,2945,5.94,0,0,1,1,0.0,0.0,0.0,0.0,0.0,0,0.0,0.0,0,0,0,0,0,140835
2026-09-13 03:07:59,"Sun, 13 Sep 2026 03:07:46 GMT",1485,100,5.6,11.2,night,110.7,1766,10662,5.62,102,17,18,11,0.52,0.85,0.86,0.15,0.808,255,0.04,0.067,3,120,0,0,1,202258
2026-09-13 03:09:00,"Sun, 13 Sep 2026 03:08:46 GMT",1482,100,0.6,11.9,night,173.7,12,383,3.63,0,0,1,1,0.0,0.0,0.0,0.0,0.0,0,0.0,0.0,0,0,0,0,0,157583
2026-09-13 03:09:12,"Sun, 13 Sep 2026 03:09:01 GMT",1482,101,0.5,12.0,night,173.6,0,290,3.83,0,0,1,1,0.0,0.0,0.0,0.0,0.0,0,0.0,0.0,0,0,0,0,0,161137
2026-09-13 03:18:45,"Sun, 13 Sep 2026 03:18:02 GMT",1489,105,0.7,10.0,night,94.5,22,964,6.28,0,0,1,1,0.0,0.0,0.0,0.0,0.0,0,0.0,0.0,0,0,0,0,0,168874
2026-09-13 03:18:57,"Sun, 13 Sep 2026 03:18:47 GMT",1482,102,0.6,12.0,night,174.5,0,301,3.85,0,0,1,1,0.0,0.0,0.0,0.0,0.0,0,0.0,0.0,0,0,0,0,0,161499
2026-09-13 03:20:30,"Sun, 13 Sep 2026 03:20:02 GMT",1491,99,1.7,11.1,night,132.1,27,532,7.08,1,1,1,1,1.0,0.5,0.0,0.177,0.278,190,0.0,0.06,2,2,0,0,0,193199
2026-09-13 03:20:54,"Sun, 13 Sep 2026 03:20:46 GMT",1488,94,1.2,12.4,night,127.8,5,210,7.32,0,0,1,1,0.0,0.0,0.0,0.0,0.0,0,0.0,0.0,0,0,0,0,0,181548
2026-09-13 03:21:06,"Sun, 13 Sep 2026 03:21:01 GMT",1483,104,2.3,12.0,night,99.1,1,399,4.96,0,0,1,1,0.0,0.0,0.0,0.0,0.0,0,0.0,0.0,0,0,0,0,0,159709
2026-09-13 03:21:54,"Sun, 13 Sep 2026 03:21:47 GMT",1484,115,1.7,18.7,night,94.4,42,1739,6.69,2,0,1,2,1.0,1.0,0.0,0.948,0.676,255,0.5,0.06,1,2,0,0,0,158965
2026-09-13 03:22:59,"Sun, 13 Sep 2026 03:22:47 GMT",1489,106,1.9,8.5,night,96.2,6,1083,6.24,0,0,1,1,0.0,0.0,0.0,0.0,0.0,0,0.0,0.0,0,0,0,0,0,170742
2026-09-13 03:23:10,"Sun, 13 Sep 2026 03:23:02 GMT",1489,107,1.5,8.3,night,97.3,33,908,6.28,1,0,1,1,1.0,1.0,0.0,0.99,0.074,255,1.0,0.066,1,1,0,0,0,171514
2026-09-13 03:24:15,"Sun, 13 Sep 2026 03:24:01 GMT",1552,2,0.0,13.5,night,178.6,0,0,5.27,0,0,1,1,0.0,0.0,0.0,0.0,0.0,0,0.0,0.0,0,0,0,0,0,175227
2026-09-13 03:24:52,"Sun, 13 Sep 2026 03:24:47 GMT",1491,100,4.7,7.7,night,135.7,59,5132,7.01,0,0,1,1,0.0,0.0,0.0,0.0,0.0,0,0.0,0.0,0,0,0,0,0,194802
2026-09-13 03:25:04,"Sun, 13 Sep 2026 03:25:01 GMT",1491,101,3.5,7.7,night,136.5,0,2303,7.01,0,0,1,1,0.0,0.0,0.0,0.0,0.0,0,0.0,0.0,0,0,0,0,0,194935
2026-09-13 03:25:53,"Sun, 13 Sep 2026 03:25:47 GMT",1483,105,7.6,13.5,night,111.5,2367,21152,5.51,128,20,37,8,0.43,0.76,0.79,0.34,0.042,114,0.0,0.06,11,168,0,0,0,180132
2026-09-13 03:26:05,"Sun, 13 Sep 2026 03:26:01 GMT",1483,106,5.9,13.1,night,113.1,263,17042,5.56,1,0,1,1,1.0,1.0,0.0,0.24,0.685,255,1.0,0.06,1,1,0,0,0,181437
2026-09-13 03:26:49,"Sun, 13 Sep 2026 03:26:47 GMT",1484,116,7.1,12.5,night,102.8,1750,22416,6.59,26,10,7,5,0.74,0.44,0.54,0.209,0.034,90,0.0,0.06,14,59,0,0,0,169435
2026-09-13 03:27:01,"Sun, 13 Sep 2026 03:26:47 GMT",1484,117,5.0,12.5,night,102.8,45,15828,6.59,0,0,1,1,0.0,0.0,0.0,0.0,0.0,0,0.0,0.0,0,0,0,0,0,169435
2026-09-13 03:35:53,"Sun, 13 Sep 2026 03:35:47 GMT",1473,2,10.7,18.7,night,178.5,17918,44412,7.1,570,264,96,28,0.21,0.44,0.47,0.474,0.113,255,0.13,0.06,99,1302,0,0,0,205122
2026-09-13 03:37:15,"Sun, 13 Sep 2026 03:37:02 GMT",1558,2,0.8,17.4,night,201.7,0,704,5.84,0,0,1,1,0.0,0.0,0.0,0.0,0.0,0,0.0,0.0,0,0,0,0,0,174970
2026-09-13 03:38:03,"Sun, 13 Sep 2026 03:38:02 GMT",1559,2,0.9,18.0,night,196.1,6,785,5.25,0,0,1,1,0.0,0.0,0.0,0.0,0.0,0,0.0,0.0,0,0,0,0,0,185747
2026-09-13 03:38:20,"Sun, 13 Sep 2026 03:38:02 GMT",1559,3,0.6,18.0,night,196.1,5,83,5.25,0,0,1,1,0.0,0.0,0.0,0.0,0.0,0,0.0,0.0,0,0,0,0,0,185747
2026-09-13 03:42:05,"Sun, 13 Sep 2026 03:42:02 GMT",1353,7,6.4,9.1,night,110.7,16433,44513,10.39,156,136,44,22,0.16,0.17,0.2,0.465,0.303,220,0.0,0.072,188,918,0,14,0,252095
2026-09-13 03:42:55,"Sun, 13 Sep 2026 03:42:47 GMT",1383,11,8.5,13.3,night,130.5,23571,48504,11.13,968,307,72,54,0.25,0.5,0.52,0.317,0.571,255,0.27,0.108,89,1917,0,19,0,254692
2026-09-13 03:43:07,"Sun, 13 Sep 2026 03:43:01 GMT",1383,12,5.9,13.5,night,131.0,14160,39936,11.16,137,50,36,10,0.38,0.15,0.18,0.39,0.909,255,0.8,0.163,171,909,0,19,0,254468
2026-09-13 03:44:54,"Sun, 13 Sep 2026 03:44:47 GMT",1562,2,8.9,11.6,night,98.4,4195,30809,10.62,201,19,22,14,0.65,0.75,0.81,0.887,0.869,241,0.0,0.06,22,268,0,0,0,240355
2026-09-13 03:45:07,"Sun, 13 Sep 2026 03:45:02 GMT",1562,3,6.5,11.6,night,99.5,883,20822,10.75,9,7,7,3,0.43,0.21,0.28,0.916,0.928,204,0.0,0.116,12,42,0,0,0,241626
2026-09-13 03:45:57,"Sun, 13 Sep 2026 03:45:46 GMT",1564,2,3.8,10.7,night,141.0,52,2542,10.61,1,1,1,1,1.0,0.33,0.0,0.0,0.037,255,1.0,0.06,3,3,0,0,0,237170
2026-09-13 03:46:09,"Sun, 13 Sep 2026 03:46:01 GMT",1564,3,5.3,9.2,night,142.2,30,9208,10.73,0,0,1,1,0.0,0.0,0.0,0.0,0.0,0,0.0,0.0,0,0,0,0,0,238881
2026-09-13 03:47:07,"Sun, 13 Sep 2026 03:47:01 GMT",1353,8,4.9,8.7,night,106.0,8902,35705,10.29,99,14,47,4,0.53,0.29,0.45,0.764,0.017,181,0.0,0.283,120,340,0,51,0,244866
2026-09-13 03:51:13,"Sun, 13 Sep 2026 03:51:01 GMT",1568,2,1.5,12.6,night,169.3,7,9,11.61,0,0,1,1,0.0,0.0,0.0,0.0,0.0,0,0.0,0.0,0,0,0,0,0,268111
2026-09-13 03:51:49,"Sun, 13 Sep 2026 03:51:47 GMT",1353,9,4.3,9.9,night,130.3,5962,29749,12.7,61,26,31,4,0.49,0.32,0.51,0.837,0.017,203,0.0,0.328,69,190,0,64,0,288119
2026-09-13 03:52:05,"Sun, 13 Sep 2026 03:52:02 GMT",1353,10,3.3,10.2,night,135.4,2531,21058,12.97,38,14,23,3,0.55,0.49,0.69,0.865,0.011,213,0.0,0.365,24,77,0,53,0,292080
2026-09-13 03:54:09,"Sun, 13 Sep 2026 03:54:02 GMT",1565,2,7.8,8.5,night,127.7,1624,32615,13.73,48,32,13,8,0.46,0.41,0.44,0.633,0.937,246,0.0,0.06,13,118,0,0,0,303799
2026-09-13 03:54:58,"Sun, 13 Sep 2026 03:54:47 GMT",1567,2,1.3,11.3,night,148.3,69,145,10.9,1,0,1,1,1.0,1.0,0.0,0.615,0.611,195,0.0,0.06,1,1,0,0,0,263709
2026-09-13 03:55:10,"Sun, 13 Sep 2026 03:55:01 GMT",1567,3,1.3,11.1,night,146.6,36,94,10.81,2,0,2,1,1.0,1.0,0.0,0.651,0.611,194,0.0,0.06,1,2,0,0,0,262275
2026-09-13 03:56:15,"Sun, 13 Sep 2026 03:56:01 GMT",1566,2,6.7,14.6,night,157.1,18,25121,9.44,1,0,1,1,1.0,1.0,0.0,0.219,0.833,150,0.0,0.06,1,1,0,0,0,235580
2026-09-13 03:56:51,"Sun, 13 Sep 2026 03:56:47 GMT",1353,11,2.7,10.4,night,135.3,737,12648,13.02,5,4,4,2,0.62,0.28,0.56,0.944,0.004,193,0.0,0.416,10,18,0,14,0,293553
2026-09-13 03:57:07,"Sun, 13 Sep 2026 03:57:02 GMT",1383,13,8.2,10.5,night,163.6,17854,46226,12.87,359,71,65,9,0.61,0.35,0.41,0.672,0.045,255,1.0,0.063,153,1032,0,53,0,284483
2026-09-13 03:58:11,"Sun, 13 Sep 2026 03:58:01 GMT",1569,2,1.0,12.2,night,102.8,6,478,8.27,0,0,1,1,0.0,0.0,0.0,0.0,0.0,0,0.0,0.0,0,0,0,0,0,189302
2026-09-13 03:58:59,"Sun, 13 Sep 2026 03:58:47 GMT",1565,3,5.4,8.5,night,126.2,321,15907,13.68,2,1,1,2,1.0,0.33,0.0,0.396,0.972,251,1.0,0.116,5,6,0,0,0,303524
2026-09-13 03:59:23,"Sun, 13 Sep 2026 03:59:02 GMT",1078,18,10.0,12.1,night,116.1,25878,51291,14.02,1301,384,71,54,0.34,0.62,0.65,0.635,0.415,255,0.08,0.169,101,2087,0,109,0,294345
2026-09-13 03:59:52,"Sun, 13 Sep 2026 03:59:46 GMT",1567,4,0.8,12.2,night,149.1,42,140,10.95,1,1,1,1,1.0,0.5,0.0,0.062,0.574,222,0.0,0.06,2,2,0,0,0,264675
2026-09-13 04:00:16,"Sun, 13 Sep 2026 04:00:02 GMT",1567,5,0.7,12.1,day,148.1,18,89,10.91,1,0,1,1,1.0,1.0,0.0,0.177,0.852,247,0.0,0.06,1,1,0,0,0,263874
2026-09-13 04:00:52,"Sun, 13 Sep 2026 04:00:46 GMT",1566,3,5.7,15.5,day,159.1,77,22114,9.47,1,1,1,1,1.0,0.25,0.0,0.771,0.037,255,1.0,0.06,4,4,0,0,0,235281
2026-09-13 04:01:05,"Sun, 13 Sep 2026 04:01:01 GMT",1566,4,3.2,15.0,day,157.1,74,426,9.42,3,1,1,3,1.0,0.5,1.0,0.24,0.852,188,0.0,0.079,4,6,0,0,0,234043
2026-09-13 04:02:01,"Sun, 13 Sep 2026 04:01:47 GMT",1570,2,0.0,27.7,day,170.7,0,0,2.76,0,0,1,1,0.0,0.0,0.0,0.0,0.0,0,0.0,0.0,0,0,0,0,0,138208
2026-09-13 04:05:36,"Sun, 13 Sep 2026 04:05:02 GMT",1568,3,1.6,10.2,day,163.1,72,455,11.57,1,1,1,1,1.0,0.33,0.0,0.75,0.759,200,0.0,0.06,3,3,0,0,0,265471
2026-09-13 04:06:13,"Sun, 13 Sep 2026 04:06:01 GMT",1353,12,1.3,9.8,day,131.6,101,4045,12.69,0,0,1,1,0.0,0.0,0.0,0.0,0.0,0,0.0,0.0,0,0,0,0,0,288904
2026-09-13 04:07:08,"Sun, 13 Sep 2026 04:07:02 GMT",1383,14,5.1,10.9,day,160.3,6031,34601,12.93,14,12,5,9,0.31,0.07,0.13,0.323,0.726,244,0.0,0.266,96,197,0,67,0,283560
2026-09-13 04:08:39,"Sun, 13 Sep 2026 04:08:02 GMT",1565,4,3.7,8.2,day,121.1,199,6361,13.25,1,0,1,1,1.0,1.0,0.0,0.802,0.981,200,0.0,0.169,1,1,0,0,0,295161
2026-09-13 04:09:04,"Sun, 13 Sep 2026 04:08:46 GMT",1078,19,7.0,12.0,day,116.9,18694,43021,13.96,314,251,54,22,0.26,0.23,0.25,0.544,0.529,255,0.26,0.24,145,1372,0,198,0,291953
2026-09-13 04:09:57,"Sun, 13 Sep 2026 04:09:46 GMT",1568,4,1.1,10.5,day,164.7,72,867,11.5,2,0,2,1,1.0,1.0,0.0,0.172,0.741,222,0.0,0.06,1,2,0,0,0,264298
2026-09-13 04:10:09,"Sun, 13 Sep 2026 04:10:02 GMT",1568,5,0.7,10.9,day,166.0,22,350,11.5,0,0,1,1,0.0,0.0,0.0,0.0,0.0,0,0.0,0.0,0,0,0,0,0,264407
2026-09-13 04:11:03,"Sun, 13 Sep 2026 04:11:02 GMT",1353,13,1.0,10.1,day,135.6,23,1956,12.95,1,0,1,1,1.0,1.0,0.0,0.792,0.519,250,1.0,0.101,1,1,0,0,0,291471
2026-09-13 04:11:16,"Sun, 13 Sep 2026 04:11:02 GMT",1353,14,0.7,10.1,day,135.6,11,415,12.95,1,0,1,1,1.0,1.0,0.0,0.792,0.519,250,1.0,0.155,1,1,0,0,0,291471
2026-09-13 04:11:58,"Sun, 13 Sep 2026 04:11:47 GMT",1383,15,3.9,10.7,day,161.3,2115,25534,13.03,4,2,2,4,0.5,0.13,1.0,0.305,0.713,237,0.0,0.348,24,30,0,21,0,282736
2026-09-13 04:12:10,"Sun, 13 Sep 2026 04:12:01 GMT",1569,3,1.2,12.4,day,104.2,509,2568,8.15,4,1,2,3,0.67,0.57,1.0,0.047,0.315,248,0.0,0.06,4,7,0,0,0,172325
2026-09-13 04:13:00,"Sun, 13 Sep 2026 04:12:47 GMT",1565,5,2.5,8.2,day,125.4,157,3701,12.75,1,0,1,1,1.0,1.0,0.0,0.26,0.648,251,1.0,0.06,1,1,0,0,0,278106
2026-09-13 04:13:25,"Sun, 13 Sep 2026 04:13:02 GMT",1565,6,2.2,8.0,day,126.1,107,2056,12.77,1,1,1,1,1.0,0.5,0.0,0.229,0.648,251,1.0,0.06,2,2,0,0,0,278230
2026-09-13 04:14:11,"Sun, 13 Sep 2026 04:14:02 GMT",1567,6,2.4,10.4,day,149.4,237,4030,10.69,1,1,1,1,1.0,0.33,0.0,0.0,0.093,254,1.0,0.06,3,3,0,0,0,257641
2026-09-13 04:15:00,"Sun, 13 Sep 2026 04:14:47 GMT",1568,6,1.7,11.2,day,166.7,59,3019,11.39,0,0,1,1,0.0,0.0,0.0,0.0,0.0,0,0.0,0.0,0,0,0,0,0,261784
2026-09-13 04:15:17,"Sun, 13 Sep 2026 04:15:01 GMT",1566,5,2.8,14.3,day,158.4,370,4597,9.24,2,1,2,1,1.0,0.5,0.0,0.693,0.278,250,0.5,0.06,3,4,0,0,0,229762
2026-09-13 04:15:55,"Sun, 13 Sep 2026 04:15:47 GMT",1353,15,0.9,10.1,day,135.3,9,448,12.92,1,0,1,1,1.0,1.0,0.0,0.792,0.519,251,1.0,0.206,1,1,0,0,0,291081
2026-09-13 04:16:12,"Sun, 13 Sep 2026 04:16:02 GMT",1353,16,0.7,10.2,day,137.0,5,119,13.0,0,0,1,1,0.0,0.0,0.0,0.0,0.0,0,0.0,0.0,0,0,0,0,0,292067
2026-09-13 04:16:50,"Sun, 13 Sep 2026 04:16:46 GMT",1569,4,2.1,11.9,day,106.5,1217,3743,7.74,4,2,3,2,0.67,0.15,1.0,0.591,0.616,242,0.0,0.06,19,27,0,0,0,148734
2026-09-13 04:17:06,"Sun, 13 Sep 2026 04:17:02 GMT",1569,5,1.0,12.0,day,106.3,343,1976,8.69,6,2,3,3,0.67,0.55,1.0,0.045,0.309,252,0.67,0.105,5,11,0,0,0,194439
2026-09-13 04:24:53,"Sun, 13 Sep 2026 04:24:46 GMT",1566,6,6.2,17.3,day,167.9,1835,27579,9.35,50,25,30,4,0.42,0.45,0.49,0.809,0.278,255,0.2,0.063,11,111,0,0,0,232433
2026-09-13 04:25:10,"Sun, 13 Sep 2026 04:25:02 GMT",1353,17,1.0,9.4,day,131.1,7,747,12.49,0,0,1,1,0.0,0.0,0.0,0.0,0.0,0,0.0,0.0,0,0,0,0,0,285048
2026-09-13 04:25:52,"Sun, 13 Sep 2026 04:25:46 GMT",1383,16,2.7,12.3,day,160.8,914,12339,12.92,1,1,1,1,1.0,0.17,0.0,0.031,0.093,248,0.0,0.215,6,6,0,4,0,280136
2026-09-13 04:26:04,"Sun, 13 Sep 2026 04:26:01 GMT",1383,17,2.0,12.1,day,162.0,178,6211,12.97,0,0,1,1,0.0,0.0,0.0,0.0,0.0,0,0.0,0.0,0,0,0,0,0,280617
2026-09-13 04:26:59,"Sun, 13 Sep 2026 04:26:46 GMT",1569,6,1.6,12.4,day,106.4,655,3013,8.66,7,4,3,4,0.58,0.32,0.47,0.045,0.304,250,0.43,0.144,7,22,0,0,0,194317
2026-09-13 04:27:11,"Sun, 13 Sep 2026 04:27:01 GMT",1565,7,3.0,8.0,day,133.9,1213,7149,13.0,34,29,13,4,0.65,0.4,0.41,0.053,0.034,255,0.21,0.06,5,84,0,0,0,279373
2026-09-13 04:28:17,"Sun, 13 Sep 2026 04:28:01 GMT",1567,7,5.0,9.3,day,151.4,3960,12382,10.61,224,17,74,14,0.22,0.89,0.9,0.335,0.17,255,0.29,0.061,7,252,0,0,0,254472
2026-09-13 04:29:09,"Sun, 13 Sep 2026 04:29:02 GMT",1568,7,5.5,7.0,day,162.0,4402,13440,11.15,195,55,51,10,0.38,0.63,0.64,0.748,0.211,254,0.11,0.06,8,310,0,0,1,256574
2026-09-13 04:30:03,"Sun, 13 Sep 2026 04:29:46 GMT",1353,18,2.3,9.4,day,132.3,55,4023,12.55,1,0,1,1,1.0,1.0,0.0,0.802,0.37,201,0.0,0.06,1,1,0,0,0,285262
2026-09-13 04:30:20,"Sun, 13 Sep 2026 04:30:01 GMT",1353,19,1.4,9.6,day,134.8,9,1070,12.7,0,0,1,1,0.0,0.0,0.0,0.0,0.0,0,0.0,0.0,0,0,0,0,0,287315
2026-09-13 04:30:54,"Sun, 13 Sep 2026 04:30:46 GMT",1383,18,1.2,12.7,day,159.5,87,2974,12.69,0,0,1,1,0.0,0.0,0.0,0.0,0.0,0,0.0,0.0,0,0,0,0,0,276775
2026-09-13 04:31:06,"Sun, 13 Sep 2026 04:31:02 GMT",1569,7,1.7,12.4,day,106.6,738,3188,8.63,7,3,3,4,0.58,0.26,0.54,0.045,0.304,252,0.86,0.196,13,27,0,0,0,194312
2026-09-13 04:31:56,"Sun, 13 Sep 2026 04:31:46 GMT",1565,8,2.5,8.3,day,130.0,995,5257,12.81,33,24,13,5,0.51,0.49,0.49,0.05,0.035,254,0.21,0.115,4,68,0,0,0,275878
2026-09-13 04:32:13,"Sun, 13 Sep 2026 04:32:01 GMT",1565,9,1.8,8.2,day,130.7,361,2478,12.87,13,5,12,2,0.54,0.45,0.5,0.307,0.038,251,0.31,0.169,6,29,0,0,0,276191
2026-09-13 04:32:55,"Sun, 13 Sep 2026 04:32:47 GMT",1567,8,4.4,9.6,day,151.1,3962,12061,10.51,229,14,74,9,0.34,0.9,0.92,0.343,0.182,255,0.19,0.111,6,254,0,0,1,250954
2026-09-13 04:33:07,"Sun, 13 Sep 2026 04:33:02 GMT",1567,9,2.8,10.0,day,152.2,1915,7469,10.55,80,30,38,4,0.53,0.61,0.65,0.353,0.178,254,0.28,0.169,12,132,0,0,1,252393
2026-09-13 04:34:09,"Sun, 13 Sep 2026 04:34:02 GMT",1566,7,6.1,18.3,day,171.3,2254,31467,9.49,31,22,21,4,0.37,0.26,0.3,0.865,0.274,255,0.16,0.111,20,120,0,0,0,233858
2026-09-13 04:34:51,"Sun, 13 Sep 2026 04:34:47 GMT",1353,20,0.9,9.6,day,135.8,74,1122,12.7,0,0,1,1,0.0,0.0,0.0,0.0,0.0,0,0.0,0.0,0,0,0,0,0,287413
2026-09-13 04:36:09,"Sun, 13 Sep 2026 04:36:02 GMT",1569,8,4.9,12.9,day,114.7,647,6247,9.39,5,2,3,3,0.56,0.42,1.0,0.044,0.311,251,0.6,0.264,6,12,0,0,0,207404
2026-09-13 04:42:48,"Sun, 13 Sep 2026 04:42:02 GMT",1078,20,5.7,12.0,day,115.0,12162,36360,13.75,105,67,28,12,0.31,0.14,0.17,0.473,0.556,255,0.56,0.318,147,746,0,299,1,285962
2026-09-13 04:43:01,"Sun, 13 Sep 2026 04:42:46 GMT",1567,10,2.4,10.4,day,149.2,940,6951,10.68,5,5,4,5,0.25,0.21,0.31,0.102,0.111,254,1.0,0.207,12,24,0,0,0,253946
2026-09-13 04:43:26,"Sun, 13 Sep 2026 04:43:01 GMT",1568,8,2.0,10.5,day,166.1,3044,14359,11.23,40,14,20,3,0.67,0.43,0.6,0.095,0.246,254,0.17,0.104,29,94,0,0,0,255245
2026-09-13 04:43:55,"Sun, 13 Sep 2026 04:43:46 GMT",1566,8,3.8,17.2,day,167.1,4613,13612,9.15,121,42,47,7,0.37,0.46,0.5,0.724,0.297,255,0.13,0.121,25,265,0,0,1,225726
2026-09-13 04:44:08,"Sun, 13 Sep 2026 04:44:02 GMT",1353,21,1.1,9.0,day,131.1,1845,7911,12.25,6,5,4,2,0.75,0.09,0.25,0.681,0.954,225,0.0,0.108,38,67,0,0,0,278235
2026-09-13 04:44:54,"Sun, 13 Sep 2026 04:44:46 GMT",1383,19,2.7,13.2,day,158.6,933,10218,12.18,2,2,2,1,1.0,0.17,0.0,0.349,0.111,250,0.5,0.159,10,12,0,4,0,269640
2026-09-13 04:45:07,"Sun, 13 Sep 2026 04:45:02 GMT",1383,20,2.2,12.8,day,157.7,108,3442,12.2,0,0,1,1,0.0,0.0,0.0,0.0,0.0,0,0.0,0.0,0,0,0,0,0,269331
2026-09-13 04:46:01,"Sun, 13 Sep 2026 04:45:47 GMT",1573,2,0.0,24.8,day,142.8,0,0,8.98,0,0,1,1,0.0,0.0,0.0,0.0,0.0,0,0.0,0.0,0,0,0,0,0,182240
2026-09-13 04:46:14,"Sun, 13 Sep 2026 04:46:02 GMT",1565,10,2.4,7.7,day,136.2,864,7127,12.92,3,3,3,2,0.5,0.12,0.25,0.312,0.043,252,0.67,0.219,17,26,0,0,0,275515
2026-09-13 04:46:52,"Sun, 13 Sep 2026 04:46:47 GMT",1078,21,3.9,11.9,day,121.8,5512,26465,14.02,17,16,12,5,0.28,0.08,0.16,0.42,0.533,255,0.88,0.377,98,205,0,150,0,288405
2026-09-13 04:47:09,"Sun, 13 Sep 2026 04:47:01 GMT",1567,11,1.9,10.2,day,151.0,401,2816,10.67,4,4,3,3,0.44,0.27,0.5,0.083,0.014,254,1.0,0.211,8,15,0,3,0,253846
2026-09-13 04:47:58,"Sun, 13 Sep 2026 04:47:47 GMT",1568,9,2.8,8.4,day,163.8,2411,10952,11.23,65,20,23,7,0.4,0.49,0.53,0.102,0.255,253,0.15,0.131,17,134,0,0,1,256278
2026-09-13 04:48:51,"Sun, 13 Sep 2026 04:48:47 GMT",1353,22,6.0,8.4,day,134.9,2932,19428,12.34,10,9,5,5,0.4,0.09,0.17,0.271,0.954,243,0.0,0.118,55,115,0,0,0,282237
2026-09-13 04:49:20,"Sun, 13 Sep 2026 04:49:02 GMT",1353,23,5.0,8.7,day,136.9,891,13047,12.44,4,3,2,3,0.67,0.24,0.57,0.247,0.745,243,0.0,0.2,11,17,0,0,0,283401
2026-09-13 04:50:02,"Sun, 13 Sep 2026 04:49:46 GMT",1383,21,5.9,10.7,day,161.1,1352,14415,12.42,45,11,13,7,0.49,0.55,0.62,0.926,0.174,251,0.04,0.113,10,82,0,0,0,273358
2026-09-13 04:50:19,"Sun, 13 Sep 2026 04:50:01 GMT",1569,9,2.0,12.2,day,107.7,1217,4752,8.79,11,10,6,3,0.61,0.2,0.28,0.094,0.069,253,0.27,0.074,17,54,0,8,0,194682
2026-09-13 04:50:53,"Sun, 13 Sep 2026 04:50:46 GMT",1565,11,2.4,8.5,day,134.9,1736,10955,13.66,22,5,8,5,0.55,0.42,0.51,0.035,0.04,254,0.18,0.171,14,53,0,0,0,297557
2026-09-13 04:51:10,"Sun, 13 Sep 2026 04:51:01 GMT",1565,12,1.8,8.4,day,134.5,435,3733,13.52,7,6,5,2,0.7,0.32,0.44,0.043,0.032,254,0.14,0.243,8,22,0,0,0,295498
2026-09-13 04:51:52,"Sun, 13 Sep 2026 04:51:46 GMT",1567,12,5.5,9.2,day,151.6,3699,12288,9.92,235,5,74,10,0.32,0.95,0.98,0.307,0.186,255,0.22,0.164,9,247,0,6,1,233981
2026-09-13 04:52:08,"Sun, 13 Sep 2026 04:52:02 GMT",1567,13,3.3,9.2,day,151.4,1161,5651,10.27,72,4,32,4,0.56,0.92,0.95,0.143,0.19,255,0.24,0.237,4,78,0,0,1,247704
2026-09-13 04:52:59,"Sun, 13 Sep 2026 04:52:46 GMT",1356,5,5.6,8.3,day,162.6,13358,33707,10.57,303,64,56,32,0.17,0.37,0.43,0.317,0.215,255,0.51,0.126,130,815,0,0,0,246770
2026-09-13 04:54:58,"Sun, 13 Sep 2026 04:54:47 GMT",1569,10,3.9,11.5,day,116.0,1892,5548,9.69,28,10,11,5,0.51,0.26,0.32,0.951,0.024,254,0.21,0.06,27,109,0,8,0,208291
2026-09-13 04:55:11,"Sun, 13 Sep 2026 04:55:01 GMT",1569,11,2.4,11.4,day,115.1,978,3787,9.61,9,4,8,2,0.56,0.26,0.53,0.777,0.547,251,0.11,0.116,16,35,0,6,0,206973
2026-09-13 04:55:48,"Sun, 13 Sep 2026 04:55:46 GMT",1565,13,1.7,7.8,day,130.8,136,2108,12.77,1,0,1,1,1.0,1.0,0.0,0.771,0.593,212,0.0,0.06,1,1,0,0,0,272944
2026-09-13 04:56:05,"Sun, 13 Sep 2026 04:56:01 GMT",1078,22,2.5,12.9,day,119.3,2291,16836,13.62,7,4,4,3,0.58,0.17,0.41,0.836,0.024,249,0.0,0.529,24,41,0,39,0,283985
2026-09-13 04:57:58,"Sun, 13 Sep 2026 04:57:46 GMT",1566,9,8.8,13.0,day,164.7,8327,22199,8.81,255,241,45,9,0.63,0.49,0.51,0.214,0.359,255,0.12,0.097,14,516,0,0,0,220471
2026-09-13 04:58:11,"Sun, 13 Sep 2026 04:58:02 GMT",1566,10,5.5,13.9,day,166.2,5959,11525,8.81,206,192,47,8,0.55,0.51,0.52,0.723,0.315,255,0.08,0.179,6,402,0,3,1,221099
2026-09-13 04:58:57,"Sun, 13 Sep 2026 04:58:46 GMT",1383,22,2.9,11.3,day,149.4,414,6971,12.02,2,1,2,1,1.0,0.33,0.0,0.703,0.148,254,1.0,0.111,5,6,0,0,0,268464
2026-09-13 04:59:14,"Sun, 13 Sep 2026 04:59:02 GMT",1383,23,1.8,10.7,day,154.8,66,2511,12.13,0,0,1,1,0.0,0.0,0.0,0.0,0.0,0,0.0,0.0,0,0,0,0,0,270540
2026-09-13 04:59:51,"Sun, 13 Sep 2026 04:59:46 GMT",1569,12,2.5,10.9,day,109.0,990,4455,8.83,16,6,11,2,0.73,0.35,0.64,0.558,0.381,253,0.38,0.063,20,46,0,4,0,196362
2026-09-13 05:00:04,"Sun, 13 Sep 2026 05:00:02 GMT",1565,14,5.2,8.0,day,136.1,3506,9533,12.59,120,110,34,7,0.5,0.51,0.52,0.415,0.051,255,0.04,0.075,6,236,0,0,1,270119
2026-09-13 05:00:17,"Sun, 13 Sep 2026 05:00:02 GMT",1565,15,3.6,8.0,day,136.1,1896,6385,12.59,81,23,21,6,0.64,0.62,0.63,0.091,0.065,254,0.14,0.172,7,131,0,6,1,270119
2026-09-13 05:00:50,"Sun, 13 Sep 2026 05:00:47 GMT",1078,23,2.8,13.4,day,122.2,965,11532,13.63,3,2,2,2,0.75,0.18,1.0,0.476,0.599,253,0.33,0.307,14,17,0,11,0,284353
2026-09-13 05:01:07,"Sun, 13 Sep 2026 05:01:01 GMT",1078,24,2.0,13.3,day,124.8,438,7249,13.8,2,2,2,1,1.0,0.25,0.0,0.474,0.593,246,0.0,0.376,6,8,0,3,0,285888
2026-09-13 05:02:06,"Sun, 13 Sep 2026 05:02:02 GMT",1568,10,4.0,7.0,day,166.5,5375,11444,10.95,159,112,51,9,0.35,0.44,0.45,0.705,0.213,254,0.16,0.11,17,362,0,0,1,251171
2026-09-13 05:02:52,"Sun, 13 Sep 2026 05:02:47 GMT",1566,11,3.2,16.8,day,168.1,2914,8156,9.06,78,40,26,5,0.6,0.41,0.42,0.121,0.342,254,0.14,0.229,11,190,0,75,1,224699
2026-09-13 05:03:04,"Sun, 13 Sep 2026 05:03:02 GMT",1353,24,3.8,9.9,day,139.7,4043,10512,12.34,159,74,60,4,0.66,0.65,0.68,0.653,0.019,246,0.0,0.156,13,245,0,1,1,282166
2026-09-13 05:03:57,"Sun, 13 Sep 2026 05:03:47 GMT",1383,24,2.5,11.9,day,162.6,51,1869,12.52,0,0,1,1,0.0,0.0,0.0,0.0,0.0,0,0.0,0.0,0,0,0,0,0,274872
2026-09-13 05:04:13,"Sun, 13 Sep 2026 05:04:01 GMT",1383,25,10.8,13.8,day,165.2,32492,50439,6.59,2538,23,96,54,0.49,0.96,0.98,0.473,0.501,255,0.17,0.105,41,2632,0,4,0,134876
2026-09-13 05:04:51,"Sun, 13 Sep 2026 05:04:46 GMT",1565,16,2.7,8.4,day,132.6,969,3695,12.72,38,12,12,8,0.4,0.56,0.62,0.396,0.917,255,0.63,0.073,9,68,0,0,0,271181
2026-09-13 05:05:08,"Sun, 13 Sep 2026 05:05:02 GMT",1565,17,2.1,8.4,day,133.2,190,1420,12.74,1,1,1,1,1.0,0.25,0.0,0.229,0.648,251,1.0,0.129,4,4,0,0,0,271365
2026-09-13 05:06:02,"Sun, 13 Sep 2026 05:05:47 GMT",1078,25,3.3,12.8,day,112.9,590,6751,13.27,2,1,1,2,1.0,0.29,0.0,0.01,0.713,246,0.0,0.13,6,7,0,2,0,279867
2026-09-13 05:06:15,"Sun, 13 Sep 2026 05:06:02 GMT",1567,14,1.9,10.2,day,153.7,1025,4651,10.28,43,16,19,5,0.45,0.61,0.68,0.281,0.182,254,0.33,0.264,9,70,0,9,0,246918
2026-09-13 05:12:46,"Sun, 13 Sep 2026 05:12:02 GMT",1566,12,6.7,18.8,day,172.5,1783,17609,9.11,30,20,14,4,0.54,0.37,0.47,0.201,0.352,245,0.0,0.267,22,81,0,13,0,224925
2026-09-13 05:12:58,"Sun, 13 Sep 2026 05:12:47 GMT",1353,25,4.5,8.3,day,141.5,1553,15491,12.23,6,3,3,3,0.67,0.19,0.67,0.241,0.741,247,0.0,0.214,23,32,0,3,0,277014
2026-09-13 05:13:10,"Sun, 13 Sep 2026 05:13:01 GMT",1383,26,7.0,8.3,day,148.8,4065,24789,11.5,32,30,6,10,0.53,0.15,0.19,0.013,0.084,255,0.53,0.166,53,210,0,3,0,258689
2026-09-13 05:14:04,"Sun, 13 Sep 2026 05:14:01 GMT",1569,13,3.1,12.9,day,110.4,2396,7110,8.92,21,12,10,4,0.53,0.16,0.22,0.949,0.019,251,0.05,0.113,41,129,0,4,0,197440
2026-09-13 05:15:23,"Sun, 13 Sep 2026 05:15:02 GMT",1078,26,2.1,12.7,day,122.5,291,5697,13.78,0,0,1,1,0.0,0.0,0.0,0.0,0.0,0,0.0,0.0,0,0,0,0,0,285252
2026-09-13 05:16:00,"Sun, 13 Sep 2026 05:15:46 GMT",1567,15,2.0,9.7,day,153.6,1060,5248,10.29,38,9,16,8,0.3,0.69,0.72,0.071,0.187,255,0.39,0.314,6,55,0,32,0,246597
2026-09-13 05:16:13,"Sun, 13 Sep 2026 05:16:01 GMT",1356,6,4.6,5.0,day,164.0,5995,24540,11.2,17,12,7,6,0.4,0.08,0.12,0.283,0.028,255,1.0,0.146,88,217,0,0,0,254952
2026-09-13 05:16:50,"Sun, 13 Sep 2026 05:16:46 GMT",1566,13,2.4,16.9,day,168.6,262,4273,8.99,1,1,1,1,1.0,0.5,0.0,0.948,0.278,231,0.0,0.201,2,2,0,0,0,224341
2026-09-13 05:17:15,"Sun, 13 Sep 2026 05:17:02 GMT",1566,14,2.0,16.8,day,168.9,141,2506,8.98,1,0,1,1,1.0,1.0,0.0,0.625,0.722,200,0.0,0.06,1,1,0,0,0,224215
2026-09-13 05:18:00,"Sun, 13 Sep 2026 05:17:47 GMT",1383,27,3.5,7.6,day,152.9,887,10246,11.63,30,4,4,10,0.75,0.73,0.88,0.011,0.081,255,0.6,0.211,9,41,0,0,0,263933
2026-09-13 05:18:12,"Sun, 13 Sep 2026 05:18:01 GMT",1383,28,2.0,8.1,day,154.3,392,4687,11.72,22,0,3,9,0.81,1.0,1.0,0.011,0.062,255,0.82,0.256,1,22,0,2,0,264855
2026-09-13 05:19:16,"Sun, 13 Sep 2026 05:19:02 GMT",1565,18,3.2,7.5,day,128.0,1007,4381,12.69,51,3,17,5,0.6,0.8,0.94,0.069,0.057,249,0.0,0.218,9,64,0,6,0,269029
2026-09-13 05:19:53,"Sun, 13 Sep 2026 05:19:47 GMT",1078,27,3.2,13.9,day,121.0,1215,8216,13.78,36,9,6,13,0.46,0.51,0.64,0.59,0.858,241,0.0,0.198,15,71,0,7,0,284199
2026-09-13 05:20:05,"Sun, 13 Sep 2026 05:20:02 GMT",1078,28,3.0,14.2,day,121.2,417,5477,13.75,5,4,5,2,0.5,0.38,0.56,0.927,0.596,197,0.0,0.171,6,13,0,0,0,283716
2026-09-13 05:20:55,"Sun, 13 Sep 2026 05:20:47 GMT",1568,11,2.3,6.0,day,167.5,1356,10581,11.1,11,5,7,3,0.52,0.28,0.44,0.891,0.157,254,0.27,0.163,16,39,0,0,0,254311
2026-09-13 05:21:07,"Sun, 13 Sep 2026 05:21:01 GMT",1568,12,1.6,7.0,day,169.3,518,5841,11.18,2,1,2,1,1.0,0.67,0.0,0.141,0.0,253,1.0,0.266,2,3,0,0,0,255141
2026-09-13 05:21:57,"Sun, 13 Sep 2026 05:21:46 GMT",1566,15,6.2,18.7,day,171.7,329,11714,9.36,1,1,1,1,1.0,0.12,0.0,0.75,0.019,254,1.0,0.11,8,8,0,0,0,229945
2026-09-13 05:22:10,"Sun, 13 Sep 2026 05:22:01 GMT",1353,26,7.1,9.4,day,138.2,3174,19886,12.97,27,8,12,5,0.45,0.23,0.31,0.815,0.097,215,0.0,0.073,42,120,0,5,0,287733
2026-09-13 05:24:00,"Sun, 13 Sep 2026 05:23:47 GMT",1565,19,5.0,10.2,day,141.9,1001,12665,13.37,18,10,10,3,0.6,0.35,0.38,0.279,0.05,251,0.22,0.199,9,51,0,3,0,277809
2026-09-13 05:24:12,"Sun, 13 Sep 2026 05:24:01 GMT",1565,20,3.6,10.3,day,140.5,479,7083,13.22,8,4,5,2,0.8,0.35,0.53,0.188,0.044,249,0.0,0.262,10,23,0,3,0,276302
2026-09-13 05:30:14,"Sun, 13 Sep 2026 05:30:02 GMT",1567,16,5.3,11.4,day,155.3,2033,11577,10.81,35,28,11,5,0.64,0.25,0.27,0.838,0.122,254,0.11,0.097,16,138,0,35,0,254363
2026-09-13 05:30:51,"Sun, 13 Sep 2026 05:30:46 GMT",1568,13,6.2,7.2,day,163.5,3892,23200,10.95,91,24,32,10,0.28,0.43,0.48,0.543,0.887,253,0.03,0.06,37,214,0,1,0,251072
2026-09-13 05:31:03,"Sun, 13 Sep 2026 05:31:01 GMT",1566,16,4.5,17.4,day,169.3,3599,16140,9.4,52,43,22,4,0.59,0.23,0.23,0.869,0.283,255,0.08,0.229,9,226,0,13,0,230302
2026-09-13 05:32:16,"Sun, 13 Sep 2026 05:32:01 GMT",1383,29,3.5,11.4,day,161.7,589,9518,12.74,14,2,7,4,0.5,0.67,1.0,0.808,0.14,244,0.0,0.176,7,21,0,0,0,276880
2026-09-13 05:33:13,"Sun, 13 Sep 2026 05:33:01 GMT",1569,14,4.9,14.8,day,113.5,2799,10783,9.45,25,23,8,7,0.45,0.16,0.19,0.79,0.066,249,0.0,0.089,38,161,0,6,0,206942
2026-09-13 05:33:51,"Sun, 13 Sep 2026 05:33:47 GMT",1078,29,10.6,12.5,day,123.5,23036,46047,13.62,399,302,39,29,0.35,0.22,0.23,0.826,0.164,253,0.05,0.159,102,1803,0,57,0,258725
2026-09-13 05:34:16,"Sun, 13 Sep 2026 05:34:02 GMT",1078,30,6.7,12.1,day,119.7,5229,26113,14.26,91,68,23,7,0.57,0.36,0.41,0.881,0.037,250,0.03,0.275,37,255,0,40,1,290464
2026-09-13 05:35:16,"Sun, 13 Sep 2026 05:35:01 GMT",1568,14,6.6,11.8,day,165.8,5600,18041,11.81,128,113,39,7,0.47,0.37,0.38,0.638,0.222,255,0.05,0.143,15,348,0,7,1,262648
2026-09-13 05:36:57,"Sun, 13 Sep 2026 05:36:47 GMT",1383,30,8.5,11.6,day,159.0,4586,24840,13.06,265,26,49,11,0.49,0.84,0.85,0.764,0.176,255,0.1,0.132,8,316,0,1,0,280222
2026-09-13 05:37:10,"Sun, 13 Sep 2026 05:37:02 GMT",1383,31,5.0,12.4,day,157.1,842,10429,12.94,38,3,19,4,0.5,0.79,0.93,0.799,0.143,253,0.18,0.234,8,48,0,1,0,278751
2026-09-13 05:37:59,"Sun, 13 Sep 2026 05:37:46 GMT",1569,15,1.8,13.0,day,112.8,1190,4600,9.46,7,6,7,2,0.5,0.14,0.19,0.781,0.545,250,0.14,0.237,16,50,0,2,0,205059
2026-09-13 05:38:11,"Sun, 13 Sep 2026 05:38:02 GMT",1565,21,4.1,10.9,day,134.1,3144,14541,13.05,80,43,21,7,0.54,0.45,0.52,0.099,0.048,254,0.11,0.222,25,176,0,23,1,274051
2026-09-13 05:39:12,"Sun, 13 Sep 2026 05:39:01 GMT",1078,31,4.3,12.9,day,110.7,1522,15241,13.59,9,9,6,3,0.5,0.22,0.35,0.843,0.01,250,0.11,0.415,15,41,0,24,0,282411
2026-09-13 05:39:53,"Sun, 13 Sep 2026 05:39:46 GMT",1568,15,3.5,9.5,day,165.2,684,7870,10.99,3,3,2,3,0.5,0.19,0.5,0.003,0.056,254,1.0,0.087,10,16,0,4,0,209571
2026-09-13 05:40:05,"Sun, 13 Sep 2026 05:40:01 GMT",1568,16,2.6,7.7,day,162.5,142,3414,11.29,0,0,1,1,0.0,0.0,0.0,0.0,0.0,0,0.0,0.0,0,0,0,0,0,255971
2026-09-13 05:40:58,"Sun, 13 Sep 2026 05:40:47 GMT",1566,17,2.4,14.0,day,169.9,2608,6560,9.32,35,34,16,3,0.73,0.2,0.22,0.567,0.314,253,0.11,0.296,18,173,0,94,0,229816
2026-09-13 05:44:19,"Sun, 13 Sep 2026 05:44:01 GMT",1567,17,6.9,13.3,day,151.7,5412,12634,10.82,342,17,87,10,0.39,0.94,0.95,0.415,0.178,255,0.12,0.191,6,364,0,62,1,254697
2026-09-13 05:45:05,"Sun, 13 Sep 2026 05:45:01 GMT",1568,17,5.0,11.2,day,167.5,1074,13224,11.68,26,4,14,5,0.37,0.67,0.79,0.635,0.832,254,0.27,0.094,7,39,0,0,0,262350
2026-09-13 05:45:50,"Sun, 13 Sep 2026 05:45:47 GMT",1353,27,8.6,10.8,day,135.1,10403,28177,13.12,284,99,60,7,0.68,0.43,0.47,0.658,0.037,245,0.0,0.149,67,666,0,9,0,288718
2026-09-13 05:46:43,"Sun, 13 Sep 2026 05:46:01 GMT",1353,28,5.7,10.5,day,134.5,3121,17490,13.03,26,23,12,3,0.72,0.19,0.25,0.438,0.013,246,0.0,0.182,36,137,0,11,0,287670
2026-09-13 05:47:08,"Sun, 13 Sep 2026 05:47:02 GMT",1569,16,1.9,11.9,day,112.0,616,3825,9.27,5,3,5,1,1.0,0.21,0.36,0.219,0.407,250,0.2,0.221,13,24,0,1,0,203526
2026-09-13 05:47:57,"Sun, 13 Sep 2026 05:47:46 GMT",1565,22,1.8,8.8,day,136.2,742,4153,13.12,18,11,12,3,0.5,0.47,0.55,0.304,0.046,252,0.11,0.289,7,38,0,21,0,275105
2026-09-13 05:48:58,"Sun, 13 Sep 2026 05:48:47 GMT",1567,18,6.8,14.0,day,150.5,5232,13537,10.63,303,22,75,9,0.45,0.89,0.92,0.345,0.189,255,0.11,0.242,11,340,0,87,1,252701
2026-09-13 05:49:11,"Sun, 13 Sep 2026 05:49:01 GMT",1567,19,5.9,13.9,day,150.9,4351,11080,10.69,263,18,75,8,0.44,0.9,0.94,0.35,0.185,255,0.12,0.303,9,292,0,116,1,253406
2026-09-13 05:49:52,"Sun, 13 Sep 2026 05:49:46 GMT",1568,18,10.7,14.2,day,175.3,12821,32500,12.01,256,237,51,10,0.5,0.33,0.35,0.731,0.206,255,0.14,0.139,66,785,0,9,0,265711
2026-09-13 05:50:05,"Sun, 13 Sep 2026 05:50:02 GMT",1577,2,4.5,13.3,day,179.4,1766,12205,9.83,74,9,17,8,0.54,0.64,0.7,0.514,0.504,204,0.0,0.06,14,116,0,0,0,238623
2026-09-13 05:50:50,"Sun, 13 Sep 2026 05:50:47 GMT",1334,33,8.1,11.2,day,134.3,22200,46041,13.23,568,134,66,33,0.26,0.38,0.42,0.298,0.328,254,0.0,0.229,143,1481,34,359,0,290716
2026-09-13 05:51:53,"Sun, 13 Sep 2026 05:51:46 GMT",1569,17,6.7,14.4,day,119.5,3201,16222,9.99,68,20,10,13,0.52,0.33,0.37,0.035,0.349,252,0.09,0.119,28,203,0,6,1,217040
2026-09-13 05:52:05,"Sun, 13 Sep 2026 05:52:01 GMT",1569,18,4.6,14.4,day,118.8,1274,8968,9.9,18,16,6,5,0.6,0.23,0.26,0.021,0.303,251,0.17,0.201,15,80,0,8,0,215862
2026-09-13 05:52:59,"Sun, 13 Sep 2026 05:52:47 GMT",1579,2,7.2,14.0,day,123.4,8472,34769,14.92,170,69,27,16,0.39,0.39,0.45,0.113,0.114,255,0.62,0.06,73,440,0,0,0,284268
2026-09-13 05:53:49,"Sun, 13 Sep 2026 05:53:46 GMT",1567,20,3.5,12.4,day,147.3,2669,11430,10.72,84,35,35,8,0.3,0.57,0.63,0.161,0.181,255,0.23,0.429,15,147,0,90,1,253044
2026-09-13 05:54:14,"Sun, 13 Sep 2026 05:54:01 GMT",1568,19,4.7,12.7,day,166.5,4333,12032,11.88,90,80,23,5,0.78,0.29,0.29,0.111,0.263,254,0.04,0.262,6,309,0,22,1,264657
2026-09-13 05:54:51,"Sun, 13 Sep 2026 05:54:47 GMT",1577,3,5.1,11.9,day,174.4,1092,12920,9.61,23,3,7,6,0.55,0.59,0.88,0.653,0.485,172,0.0,0.06,14,39,0,0,0,234880
2026-09-13 05:55:03,"Sun, 13 Sep 2026 05:55:01 GMT",1577,4,3.2,12.5,day,174.8,122,4225,9.64,1,0,1,1,1.0,1.0,0.0,0.938,0.0,251,1.0,0.169,1,1,0,0,0,235294
2026-09-13 05:55:16,"Sun, 13 Sep 2026 05:55:01 GMT",1577,5,2.2,12.5,day,174.8,28,1540,9.64,0,0,1,1,0.0,0.0,0.0,0.0,0.0,0,0.0,0.0,0,0,0,0,0,235294
2026-09-13 05:55:57,"Sun, 13 Sep 2026 05:55:47 GMT",1580,2,4.2,9.1,day,159.7,991,9504,12.86,16,7,11,3,0.48,0.38,0.5,0.807,0.115,255,0.56,0.06,12,42,0,0,0,277585
2026-09-13 05:56:10,"Sun, 13 Sep 2026 05:56:01 GMT",1580,3,3.6,8.6,day,157.8,721,8350,12.75,9,4,6,3,0.5,0.53,0.69,0.826,0.113,255,0.56,0.116,5,17,0,0,0,276639
2026-09-13 05:57:41,"Sun, 13 Sep 2026 05:57:02 GMT",1565,23,5.1,8.4,day,131.6,1704,12630,12.89,16,10,12,3,0.44,0.21,0.31,0.184,0.675,254,1.0,0.083,26,75,0,5,0,271209
2026-09-13 05:57:54,"Sun, 13 Sep 2026 05:57:46 GMT",1078,32,4.2,11.8,day,120.7,1730,13826,13.97,8,4,4,3,0.67,0.21,0.44,0.945,0.012,231,0.0,0.354,23,39,0,17,0,286503
2026-09-13 05:58:11,"Sun, 13 Sep 2026 05:58:02 GMT",1078,33,2.7,11.3,day,124.0,512,7270,14.23,2,1,2,2,0.5,0.5,0.0,0.057,0.787,255,1.0,0.246,3,4,0,2,0,289576
2026-09-13 05:58:48,"Sun, 13 Sep 2026 05:58:46 GMT",1568,20,4.9,8.2,day,160.7,304,6823,11.28,1,1,1,1,1.0,0.5,0.0,0.417,0.0,253,1.0,0.222,2,2,0,0,0,254416
2026-09-13 05:59:14,"Sun, 13 Sep 2026 05:59:01 GMT",1568,21,3.5,9.3,day,163.8,160,2934,11.25,1,1,1,1,1.0,0.5,0.0,0.135,0.0,253,1.0,0.379,2,2,0,1,0,254266
2026-09-13 06:00:04,"Sun, 13 Sep 2026 05:59:46 GMT",1566,18,4.4,13.4,day,163.9,508,7735,8.9,7,5,3,3,0.78,0.41,0.58,0.676,0.013,255,1.0,0.065,7,17,0,1,0,220588
2026-09-13 06:00:21,"Sun, 13 Sep 2026 06:00:02 GMT",1353,29,2.0,7.2,day,136.0,1526,7692,12.62,5,5,3,3,0.56,0.12,0.28,0.156,0.722,214,0.0,0.153,21,42,0,3,0,279600
2026-09-13 06:01:52,"Sun, 13 Sep 2026 06:01:47 GMT",1565,24,3.9,9.5,day,130.0,2382,10064,12.91,88,15,21,7,0.6,0.65,0.73,0.094,0.059,255,0.07,0.238,15,136,0,27,1,271334
2026-09-13 06:02:16,"Sun, 13 Sep 2026 06:02:01 GMT",1565,25,2.3,9.4,day,132.7,1098,5192,13.08,32,11,11,6,0.48,0.46,0.53,0.044,0.049,250,0.06,0.34,12,69,0,41,0,274047
2026-09-13 06:03:39,"Sun, 13 Sep 2026 06:03:01 GMT",1567,21,3.8,14.0,day,150.3,2694,6740,10.86,158,9,72,5,0.44,0.85,0.92,0.333,0.171,255,0.18,0.384,11,185,0,136,1,254945
2026-09-13 06:03:52,"Sun, 13 Sep 2026 06:03:47 GMT",1568,22,2.7,11.5,day,166.4,64,2674,11.65,0,0,1,1,0.0,0.0,0.0,0.0,0.0,0,0.0,0.0,0,0,0,0,0,260716
2026-09-13 06:04:05,"Sun, 13 Sep 2026 06:04:02 GMT",1568,23,6.5,12.4,day,166.0,25416,41792,8.8,1646,64,96,54,0.32,0.79,0.8,0.446,0.589,255,0.12,0.083,58,2095,0,10,0,193604
2026-09-13 06:05:08,"Sun, 13 Sep 2026 06:05:01 GMT",1353,30,1.6,7.4,day,134.6,629,4419,12.56,1,1,1,1,1.0,0.2,0.0,0.635,0.722,214,0.0,0.06,5,5,0,0,0,281956
2026-09-13 06:06:15,"Sun, 13 Sep 2026 06:06:02 GMT",1569,19,4.2,12.3,day,110.5,956,5568,9.21,19,6,6,7,0.45,0.37,0.51,0.969,0.042,251,0.16,0.156,17,52,0,1,0,201693
2026-09-13 06:07:09,"Sun, 13 Sep 2026 06:06:46 GMT",1565,26,3.4,10.8,day,138.4,332,5554,13.18,3,2,3,1,1.0,0.33,1.0,0.354,0.037,247,0.0,0.283,6,9,0,4,0,275142
2026-09-13 06:08:00,"Sun, 13 Sep 2026 06:07:46 GMT",1567,22,8.0,13.2,day,152.5,6783,24091,10.96,337,36,75,12,0.37,0.76,0.79,0.368,0.186,255,0.11,0.303,25,442,0,177,0,256851
2026-09-13 06:08:54,"Sun, 13 Sep 2026 06:08:46 GMT",1577,6,3.4,12.3,day,178.6,546,5058,8.8,11,4,11,1,1.0,0.52,0.73,0.938,0.389,252,0.64,0.06,8,21,0,0,0,208429
2026-09-13 06:09:07,"Sun, 13 Sep 2026 06:09:01 GMT",1577,7,1.8,12.7,day,177.2,104,1486,9.72,0,0,1,1,0.0,0.0,0.0,0.0,0.0,0,0.0,0.0,0,0,0,0,0,236761
2026-09-13 06:29:10,"Sun, 13 Sep 2026 06:29:01 GMT",1383,32,9.0,12.8,day,153.9,15476,37527,12.51,143,123,34,7,0.6,0.15,0.17,0.272,0.843,255,0.18,0.135,122,938,0,4,0,272124
2026-09-13 06:33:11,"Sun, 13 Sep 2026 06:33:01 GMT",1593,2,3.4,13.3,day,150.5,3514,9478,8.97,97,44,30,4,0.81,0.4,0.43,0.86,0.422,254,0.1,0.06,26,241,0,0,0,217446
2026-09-13 06:34:10,"Sun, 13 Sep 2026 06:34:02 GMT",1594,2,1.1,14.7,day,149.1,288,3472,9.58,2,1,1,2,1.0,0.5,0.0,0.156,0.565,173,0.0,0.06,3,4,0,0,0,238362
2026-09-13 06:35:00,"Sun, 13 Sep 2026 06:34:46 GMT",1569,20,4.3,13.3,day,109.4,1646,10657,9.54,23,13,10,3,0.77,0.27,0.35,0.873,0.463,176,0.0,0.073,26,86,0,1,0,207962
2026-09-13 06:35:13,"Sun, 13 Sep 2026 06:35:02 GMT",1565,27,8.4,16.9,day,130.2,11228,35673,13.58,208,159,46,16,0.28,0.27,0.31,0.386,0.692,254,0.04,0.064,97,763,0,18,0,275305
2026-09-13 06:36:50,"Sun, 13 Sep 2026 06:36:47 GMT",1585,2,10.8,13.7,day,172.3,16374,48157,13.81,438,219,54,16,0.51,0.36,0.37,0.781,0.882,255,0.92,0.06,65,1223,0,0,0,273304
2026-09-13 06:37:53,"Sun, 13 Sep 2026 06:37:47 GMT",1593,3,6.9,10.5,day,155.9,6579,16725,9.29,278,41,50,14,0.4,0.61,0.64,0.761,0.376,255,0.14,0.079,31,457,0,0,0,224444
2026-09-13 06:39:00,"Sun, 13 Sep 2026 06:38:46 GMT",1383,33,8.9,10.8,day,153.9,13968,38346,9.28,394,82,35,27,0.42,0.4,0.42,0.6,0.556,254,0.09,0.091,69,976,0,16,0,233319
2026-09-13 06:49:09,"Sun, 13 Sep 2026 06:49:02 GMT",1598,2,6.6,20.1,day,144.7,7611,20190,13.6,291,61,58,8,0.63,0.53,0.57,0.325,0.515,255,0.06,0.06,42,547,0,0,0,268582
2026-09-13 06:51:55,"Sun, 13 Sep 2026 06:51:46 GMT",1566,19,7.1,7.3,day,162.4,4055,22143,9.34,90,17,13,9,0.77,0.46,0.61,0.334,0.533,253,0.01,0.063,48,196,0,21,1,227118
2026-09-13 06:52:08,"Sun, 13 Sep 2026 06:52:01 GMT",1566,20,5.4,6.7,day,161.3,2198,14266,9.3,81,21,12,9,0.75,0.65,0.68,0.333,0.532,246,0.0,0.12,9,125,0,4,1,226334
2026-09-13 06:53:00,"Sun, 13 Sep 2026 06:52:46 GMT",1594,3,2.9,12.0,day,161.5,933,9467,9.99,3,1,3,1,1.0,0.33,1.0,0.25,0.259,253,0.67,0.06,7,9,0,0,0,244871
2026-09-13 06:53:25,"Sun, 13 Sep 2026 06:53:02 GMT",1594,4,6.0,8.1,day,160.5,1640,19025,10.23,14,3,9,2,0.78,0.38,0.7,0.039,0.398,253,0.07,0.06,17,37,0,0,0,247370
2026-09-13 06:53:58,"Sun, 13 Sep 2026 06:53:46 GMT",1569,21,8.1,14.8,day,121.8,6462,25828,10.95,240,42,48,13,0.38,0.56,0.61,0.456,0.529,254,0.03,0.061,47,426,0,1,0,230168
2026-09-13 06:54:11,"Sun, 13 Sep 2026 06:54:02 GMT",1565,28,9.6,18.5,day,142.8,16521,36250,14.55,380,232,72,30,0.18,0.32,0.34,0.416,0.701,254,0.17,0.099,81,1186,0,46,0,288504
2026-09-13 06:56:04,"Sun, 13 Sep 2026 06:55:46 GMT",1592,2,10.0,11.2,day,164.7,15814,34684,14.51,298,147,52,12,0.48,0.26,0.28,0.751,0.245,254,0.34,0.06,77,1138,0,0,0,282692
2026-09-13 06:56:20,"Sun, 13 Sep 2026 06:56:03 GMT",1592,3,4.9,12.7,day,167.7,6634,20560,14.48,67,61,30,9,0.25,0.16,0.19,0.748,0.825,254,0.54,0.116,73,415,0,0,0,280760
2026-09-13 06:57:15,"Sun, 13 Sep 2026 06:57:02 GMT",1463,3,10.6,14.3,day,146.3,29363,51267,14.07,1152,502,96,30,0.4,0.49,0.5,0.46,0.171,255,0.14,0.06,75,2370,0,0,0,294051
2026-09-13 06:57:53,"Sun, 13 Sep 2026 06:57:47 GMT",1594,5,6.2,14.6,day,156.4,4403,16232,11.38,262,29,50,18,0.29,0.83,0.86,0.493,0.266,255,0.3,0.06,12,314,0,0,0,259793
2026-09-13 06:58:59,"Sun, 13 Sep 2026 06:58:47 GMT",1589,2,10.9,25.1,day,151.4,14804,35724,15.25,670,55,96,19,0.37,0.67,0.72,0.468,0.116,254,0.03,0.06,82,993,0,0,0,296348
2026-09-13 07:00:14,"Sun, 13 Sep 2026 07:00:02 GMT",1567,23,10.6,11.9,day,140.8,17355,36990,11.66,602,233,70,20,0.43,0.49,0.51,0.284,0.367,255,0.12,0.116,65,1227,2,132,0,259970
2026-09-13 07:03:05,"Sun, 13 Sep 2026 07:03:02 GMT",1569,22,9.8,15.4,day,120.4,9493,31392,11.21,121,96,31,8,0.49,0.19,0.21,0.119,0.035,250,0.01,0.091,67,633,0,2,0,235153
2026-09-13 07:05:16,"Sun, 13 Sep 2026 07:05:01 GMT",1611,2,8.4,15.7,day,144.2,6114,22442,12.46,190,114,40,8,0.59,0.42,0.44,0.171,0.824,252,0.12,0.06,26,455,0,0,0,270581
2026-09-13 07:05:53,"Sun, 13 Sep 2026 07:05:46 GMT",1593,4,8.7,17.4,day,153.9,7219,21949,9.29,317,66,44,17,0.42,0.6,0.62,0.21,0.369,255,0.44,0.084,22,528,0,0,0,220523
2026-09-13 07:06:06,"Sun, 13 Sep 2026 07:06:03 GMT",1593,5,5.8,12.1,day,155.2,5012,15964,9.8,192,94,45,10,0.43,0.52,0.54,0.198,0.416,255,0.4,0.14,23,369,0,0,0,227905
2026-09-13 07:07:13,"Sun, 13 Sep 2026 07:07:01 GMT",1594,6,4.0,15.3,day,163.1,1707,12149,9.99,34,15,11,5,0.62,0.42,0.49,0.043,0.117,255,0.29,0.101,14,80,0,0,0,245549
2026-09-13 07:08:32,"Sun, 13 Sep 2026 07:08:02 GMT",1598,3,9.1,18.3,day,141.5,17548,36780,14.0,309,213,50,14,0.44,0.26,0.28,0.757,0.416,253,0.08,0.072,74,1186,0,0,0,276346
2026-09-13 07:09:02,"Sun, 13 Sep 2026 07:08:46 GMT",1590,2,9.0,12.2,day,117.4,18798,38324,18.56,493,144,53,45,0.21,0.37,0.4,0.416,0.629,254,0.1,0.06,93,1320,0,0,0,329487
2026-09-13 07:09:15,"Sun, 13 Sep 2026 07:09:02 GMT",1590,3,6.4,12.2,day,117.3,13559,30408,18.62,452,103,49,43,0.21,0.46,0.49,0.493,0.68,255,0.08,0.11,80,983,0,0,0,330171
2026-09-13 07:09:52,"Sun, 13 Sep 2026 07:09:46 GMT",1611,3,8.6,12.2,day,151.7,10006,19670,13.23,527,83,95,15,0.37,0.72,0.75,0.548,0.201,254,0.02,0.074,44,734,0,0,0,279343
2026-09-13 07:10:05,"Sun, 13 Sep 2026 07:10:02 GMT",1592,4,4.8,11.7,day,167.4,8263,24645,15.25,274,43,55,12,0.42,0.5,0.56,0.733,0.864,255,0.79,0.133,60,548,0,0,0,289739
2026-09-13 07:11:33,"Sun, 13 Sep 2026 07:11:02 GMT",1587,2,6.5,12.4,day,130.4,12585,31741,15.58,315,232,63,11,0.45,0.37,0.41,0.656,0.48,255,0.14,0.06,88,845,0,0,0,309511
2026-09-13 07:11:58,"Sun, 13 Sep 2026 07:11:46 GMT",1383,34,5.8,12.6,day,153.9,8530,27154,12.55,140,90,21,12,0.56,0.3,0.36,0.104,0.224,245,0.0,0.177,83,469,0,12,1,272573
2026-09-13 07:12:11,"Sun, 13 Sep 2026 07:12:01 GMT",1594,7,7.6,18.6,day,147.0,4297,16602,9.57,240,32,30,13,0.62,0.85,0.87,0.867,0.243,254,0.03,0.069,10,283,0,0,1,239089
2026-09-13 07:13:56,"Sun, 13 Sep 2026 07:13:46 GMT",1590,4,6.0,13.1,day,116.8,13773,29818,18.54,475,95,69,29,0.24,0.5,0.52,0.622,0.7,254,0.07,0.14,70,959,0,0,0,328292
2026-09-13 07:20:52,"Sun, 13 Sep 2026 07:20:47 GMT",1587,3,8.9,10.7,day,148.3,17374,37587,16.87,535,382,60,13,0.69,0.45,0.48,0.726,0.098,254,0.02,0.083,74,1185,0,0,0,327646
2026-09-13 07:21:05,"Sun, 13 Sep 2026 07:21:02 GMT",1587,4,6.5,11.2,day,148.5,11415,27616,16.91,178,171,42,9,0.47,0.24,0.25,0.569,0.065,254,0.02,0.146,66,757,0,0,0,328538
2026-09-13 07:23:15,"Sun, 13 Sep 2026 07:23:01 GMT",1596,2,7.7,16.5,day,113.2,11620,25996,15.84,361,243,27,23,0.58,0.43,0.45,0.412,0.193,255,0.54,0.06,35,836,0,0,0,300277
2026-09-13 07:24:52,"Sun, 13 Sep 2026 07:24:46 GMT",1593,6,10.2,11.1,day,157.8,11437,26782,10.44,691,41,96,27,0.27,0.87,0.9,0.421,0.501,255,0.25,0.109,27,790,0,0,0,238464
2026-09-13 07:25:09,"Sun, 13 Sep 2026 07:25:01 GMT",1593,7,9.9,18.8,day,149.4,6476,26437,9.61,283,68,46,14,0.44,0.65,0.68,0.158,0.507,255,0.35,0.138,19,434,0,23,0,226225
2026-09-13 07:25:59,"Sun, 13 Sep 2026 07:25:46 GMT",1587,5,4.7,11.3,day,148.3,7412,22061,16.93,236,49,66,10,0.36,0.51,0.57,0.638,0.469,255,0.21,0.189,58,460,0,0,0,329246
2026-09-13 07:26:12,"Sun, 13 Sep 2026 07:26:01 GMT",1594,8,7.8,13.7,day,142.4,7200,36236,11.0,122,47,23,15,0.35,0.31,0.34,0.659,0.485,255,0.34,0.062,39,389,0,0,1,254622
2026-09-13 07:26:50,"Sun, 13 Sep 2026 07:26:47 GMT",1617,2,8.8,14.5,day,108.4,10356,24244,9.69,261,125,53,11,0.45,0.36,0.37,0.378,0.446,254,0.11,0.06,35,732,0,0,0,212456
2026-09-13 07:27:15,"Sun, 13 Sep 2026 07:27:01 GMT",1617,3,9.1,15.9,day,114.3,10268,20532,10.51,214,114,44,8,0.61,0.3,0.3,0.333,0.46,254,0.02,0.112,29,721,0,0,0,226319
2026-09-13 07:28:01,"Sun, 13 Sep 2026 07:27:47 GMT",1078,34,7.4,12.5,day,119.8,17261,39855,16.15,121,119,17,16,0.44,0.11,0.13,0.385,0.854,247,0.0,0.111,146,1079,0,54,1,309807
2026-09-13 07:28:14,"Sun, 13 Sep 2026 07:28:02 GMT",1078,35,5.0,10.3,day,120.4,9997,31323,16.1,83,72,15,14,0.4,0.15,0.18,0.37,0.857,248,0.0,0.169,95,557,0,91,1,310716
2026-09-13 07:29:55,"Sun, 13 Sep 2026 07:29:46 GMT",1614,2,10.9,23.5,day,181.8,10972,28424,11.41,356,164,50,17,0.42,0.5,0.53,0.794,0.352,255,0.02,0.06,45,708,0,0,0,252565
2026-09-13 07:30:12,"Sun, 13 Sep 2026 07:30:02 GMT",1587,6,3.3,12.2,day,133.3,6100,20592,16.77,59,34,28,5,0.42,0.17,0.2,0.842,0.517,255,0.41,0.226,77,357,0,0,0,328456
2026-09-13 07:30:49,"Sun, 13 Sep 2026 07:30:47 GMT",1383,35,9.1,16.5,day,152.6,15110,41060,14.18,288,155,37,19,0.41,0.28,0.31,0.497,0.547,253,0.1,0.127,108,1025,0,35,0,289410
2026-09-13 07:31:14,"Sun, 13 Sep 2026 07:31:01 GMT",1383,36,8.0,15.3,day,158.3,9161,35214,14.04,199,51,44,12,0.38,0.36,0.4,0.177,0.821,255,0.55,0.19,70,552,0,48,1,287923
2026-09-13 07:32:05,"Sun, 13 Sep 2026 07:32:02 GMT",1589,3,10.3,21.6,day,150.2,15486,35130,15.49,422,162,40,37,0.29,0.42,0.47,0.841,0.533,253,0.07,0.077,115,993,0,0,0,302514
2026-09-13 07:37:53,"Sun, 13 Sep 2026 07:37:47 GMT",1611,4,7.8,13.8,day,145.7,11118,26934,12.92,244,202,63,10,0.39,0.31,0.32,0.335,0.236,252,0.01,0.113,39,798,0,0,0,277645
2026-09-13 07:38:04,"Sun, 13 Sep 2026 07:38:02 GMT",1611,5,4.7,15.0,day,147.3,8210,19286,12.92,157,134,42,9,0.42,0.26,0.27,0.204,0.243,243,0.0,0.156,47,615,0,0,0,277978
2026-09-13 07:39:11,"Sun, 13 Sep 2026 07:39:01 GMT",1614,3,5.3,15.2,day,182.4,4822,13722,11.98,78,76,16,9,0.54,0.23,0.24,0.056,0.79,254,0.1,0.108,30,344,0,0,0,261573
2026-09-13 07:39:54,"Sun, 13 Sep 2026 07:39:47 GMT",1587,7,4.0,12.7,day,136.5,6448,20406,17.0,248,11,65,9,0.42,0.63,0.7,0.605,0.471,255,0.16,0.221,52,392,0,80,1,330954
2026-09-13 07:40:10,"Sun, 13 Sep 2026 07:40:02 GMT",1587,8,2.9,12.4,day,136.2,3100,13733,16.92,44,34,20,8,0.28,0.26,0.32,0.455,0.444,253,0.11,0.288,33,167,0,71,0,329996
2026-09-13 07:41:00,"Sun, 13 Sep 2026 07:40:46 GMT",1624,2,0.0,15.5,day,127.0,0,0,9.48,0,0,1,1,0.0,0.0,0.0,0.0,0.0,0,0.0,0.0,0,0,0,0,0,169993
2026-09-13 07:41:13,"Sun, 13 Sep 2026 07:41:02 GMT",1624,3,0.5,15.6,day,126.7,1122,6721,13.03,4,3,2,3,0.67,0.15,0.4,0.328,0.944,250,0.5,0.06,16,27,0,0,0,268453
2026-09-13 07:41:51,"Sun, 13 Sep 2026 07:41:47 GMT",1589,4,9.3,17.3,day,143.3,14069,32438,15.4,366,305,75,8,0.61,0.41,0.45,0.299,0.047,254,0.05,0.116,74,894,0,0,0,301027
2026-09-13 07:42:07,"Sun, 13 Sep 2026 07:42:02 GMT",1590,5,7.0,12.7,day,113.3,17339,37324,18.73,702,64,76,38,0.24,0.57,0.61,0.406,0.724,255,0.13,0.159,102,1242,0,0,0,331256
2026-09-13 07:43:13,"Sun, 13 Sep 2026 07:43:02 GMT",1611,6,7.0,15.3,day,143.5,8972,24236,12.86,326,126,86,11,0.34,0.49,0.51,0.463,0.204,252,0.01,0.179,30,666,0,0,1,277794
2026-09-13 07:43:50,"Sun, 13 Sep 2026 07:43:46 GMT",1614,4,3.9,14.3,day,178.7,2966,12139,12.12,61,44,16,8,0.48,0.33,0.35,0.051,0.795,255,0.1,0.159,24,186,0,0,0,263246
2026-09-13 07:44:40,"Sun, 13 Sep 2026 07:44:02 GMT",1614,5,2.6,14.7,day,178.4,1524,6091,12.12,46,10,15,6,0.51,0.53,0.64,0.047,0.8,254,0.07,0.212,16,87,0,0,0,262816
2026-09-13 07:44:52,"Sun, 13 Sep 2026 07:44:47 GMT",1587,9,2.6,12.5,day,137.1,3851,14919,16.98,67,35,34,8,0.25,0.32,0.37,0.504,0.43,254,0.09,0.302,37,211,0,72,0,330241
2026-09-13 07:45:05,"Sun, 13 Sep 2026 07:45:02 GMT",1383,37,5.5,12.4,day,158.7,6651,29021,15.25,121,40,32,11,0.34,0.34,0.41,0.594,0.644,255,0.5,0.175,61,357,0,66,1,300196
2026-09-13 07:45:55,"Sun, 13 Sep 2026 07:45:46 GMT",1624,4,1.9,16.1,day,131.1,2846,10013,13.22,58,43,18,8,0.4,0.36,0.46,0.693,0.914,251,0.05,0.061,30,159,0,0,0,272154
2026-09-13 07:46:12,"Sun, 13 Sep 2026 07:46:02 GMT",1624,5,1.4,16.1,day,131.0,1660,6872,13.21,24,24,8,6,0.5,0.25,0.31,0.732,0.883,250,0.04,0.116,23,97,0,0,0,272182
2026-09-13 07:46:50,"Sun, 13 Sep 2026 07:46:46 GMT",1590,6,5.5,13.2,day,116.7,18041,39249,19.18,884,34,71,38,0.33,0.67,0.72,0.411,0.752,255,0.13,0.175,116,1328,0,0,1,333800
2026-09-13 07:47:56,"Sun, 13 Sep 2026 07:47:46 GMT",1611,7,5.6,15.9,day,144.6,6656,18571,12.91,211,127,86,11,0.22,0.41,0.43,0.466,0.213,251,0.0,0.239,28,514,0,57,0,278380
2026-09-13 07:48:13,"Sun, 13 Sep 2026 07:48:02 GMT",1592,5,8.6,12.3,day,169.2,14951,34973,15.9,416,115,61,16,0.43,0.41,0.44,0.74,0.852,255,0.65,0.144,87,1022,0,0,0,296554
2026-09-13 07:49:03,"Sun, 13 Sep 2026 07:48:46 GMT",1614,6,2.5,14.1,day,179.5,1992,9689,12.12,28,26,7,7,0.57,0.27,0.38,0.023,0.802,250,0.04,0.252,28,105,0,0,0,263071
2026-09-13 07:49:16,"Sun, 13 Sep 2026 07:49:02 GMT",1587,10,2.3,13.0,day,136.5,4173,17968,16.91,47,40,34,6,0.23,0.24,0.31,0.476,0.425,254,0.11,0.335,41,193,0,76,0,330493
2026-09-13 07:51:53,"Sun, 13 Sep 2026 07:51:46 GMT",1590,7,4.2,12.5,day,111.2,11526,29746,18.66,275,110,43,19,0.34,0.38,0.41,0.491,0.795,252,0.04,0.244,82,731,0,247,1,329614
2026-09-13 07:52:59,"Sun, 13 Sep 2026 07:52:47 GMT",1592,6,6.6,11.9,day,165.1,11385,30236,16.0,379,51,55,16,0.43,0.5,0.55,0.746,0.845,255,0.6,0.197,82,765,0,0,1,299111
2026-09-13 07:53:11,"Sun, 13 Sep 2026 07:53:01 GMT",1592,7,4.7,11.9,day,165.1,7972,22369,16.0,334,28,55,16,0.38,0.63,0.72,0.739,0.845,255,0.56,0.244,74,528,0,152,1,299381
2026-09-13 07:53:52,"Sun, 13 Sep 2026 07:53:46 GMT",1587,11,2.5,12.6,day,137.9,7754,27215,9.41,65,56,20,8,0.41,0.2,0.26,0.448,0.458,221,0.0,0.283,80,328,0,104,1,168441
2026-09-13 07:54:04,"Sun, 13 Sep 2026 07:54:02 GMT",1587,12,1.4,12.7,day,137.3,3713,15136,17.19,22,13,19,3,0.39,0.13,0.19,0.788,0.497,254,0.27,0.326,56,168,0,74,0,332400
2026-09-13 07:55:58,"Sun, 13 Sep 2026 07:55:47 GMT",1589,5,8.7,17.2,day,145.7,13968,32701,15.41,348,298,44,18,0.44,0.38,0.42,0.777,0.643,253,0.06,0.146,79,912,0,0,0,301608
2026-09-13 07:56:10,"Sun, 13 Sep 2026 07:56:01 GMT",1589,6,6.1,17.1,day,146.0,9537,24936,15.34,310,62,36,20,0.43,0.48,0.52,0.766,0.659,255,0.14,0.186,59,647,0,0,1,300647
2026-09-13 07:57:24,"Sun, 13 Sep 2026 07:57:02 GMT",1611,8,4.5,16.2,day,145.1,5804,19156,12.85,155,124,57,8,0.34,0.38,0.41,0.334,0.474,251,0.02,0.189,29,407,0,111,1,278075
2026-09-13 07:58:00,"Sun, 13 Sep 2026 07:57:47 GMT",1592,8,3.5,12.1,day,166.7,8667,20923,16.02,316,95,55,16,0.36,0.52,0.57,0.734,0.842,255,0.58,0.267,69,613,0,170,1,299162
2026-09-13 07:58:13,"Sun, 13 Sep 2026 07:58:02 GMT",1614,7,2.0,15.2,day,180.8,1428,7497,12.18,24,17,18,3,0.44,0.37,0.52,0.128,0.432,242,0.0,0.208,18,65,0,20,0,264263
2026-09-13 07:58:54,"Sun, 13 Sep 2026 07:58:46 GMT",1587,13,1.6,12.4,day,133.8,3146,11653,16.97,17,13,11,4,0.39,0.12,0.16,0.752,0.497,254,0.41,0.301,41,143,0,66,0,331320
2026-09-13 07:59:06,"Sun, 13 Sep 2026 07:59:02 GMT",1587,14,1.3,12.6,day,133.4,2163,9821,16.84,11,8,10,3,0.37,0.13,0.22,0.747,0.5,254,0.64,0.354,39,82,0,39,0,330202
2026-09-13 08:00:07,"Sun, 13 Sep 2026 08:00:02 GMT",1624,6,4.2,12.9,day,126.5,4224,10845,12.83,142,28,33,8,0.54,0.54,0.59,0.817,0.926,250,0.03,0.11,29,263,0,0,1,268837
2026-09-13 08:00:52,"Sun, 13 Sep 2026 08:00:47 GMT",1589,7,4.5,17.2,day,141.4,6580,20781,15.25,268,21,34,21,0.38,0.6,0.65,0.776,0.667,255,0.13,0.217,44,444,0,66,1,299325
2026-09-13 08:01:04,"Sun, 13 Sep 2026 08:01:02 GMT",1590,8,4.1,13.4,day,113.3,11772,29704,18.78,197,158,30,17,0.39,0.25,0.28,0.564,0.825,250,0.03,0.254,88,773,0,251,1,330110
2026-09-13 08:01:49,"Sun, 13 Sep 2026 08:01:46 GMT",1611,9,3.8,16.0,day,141.6,3561,13866,12.67,78,36,25,7,0.45,0.3,0.31,0.117,0.682,252,0.03,0.251,29,264,0,99,1,276184
2026-09-13 08:02:14,"Sun, 13 Sep 2026 08:02:02 GMT",1611,10,2.7,15.9,day,141.8,2049,7943,12.69,25,24,10,4,0.62,0.18,0.21,0.175,0.652,253,0.04,0.318,26,138,0,65,0,276070
2026-09-13 08:02:55,"Sun, 13 Sep 2026 08:02:46 GMT",1614,8,1.9,15.6,day,182.3,938,6505,12.1,7,4,5,2,0.7,0.25,0.64,0.749,0.585,254,0.43,0.224,15,28,0,4,0,263473
2026-09-13 08:03:07,"Sun, 13 Sep 2026 08:03:01 GMT",1614,9,1.5,15.6,day,182.2,678,4027,12.13,5,4,3,2,0.83,0.22,0.56,0.95,0.007,251,0.6,0.133,14,23,0,4,0,264169
2026-09-13 08:08:59,"Sun, 13 Sep 2026 08:08:46 GMT",1383,38,7.1,10.9,day,160.7,14802,38912,15.95,156,110,34,16,0.29,0.18,0.2,0.309,0.78,255,0.34,0.239,140,880,0,114,1,307003
2026-09-13 08:09:11,"Sun, 13 Sep 2026 08:09:01 GMT",1383,39,5.1,10.8,day,160.9,6365,28499,15.94,95,32,17,9,0.62,0.37,0.45,0.103,0.222,253,0.13,0.299,54,259,0,116,1,306986
2026-09-13 08:09:53,"Sun, 13 Sep 2026 08:09:46 GMT",1624,7,4.8,14.0,day,131.8,6137,15438,13.2,166,34,37,8,0.56,0.45,0.5,0.796,0.933,251,0.05,0.144,47,369,0,0,1,272699
2026-09-13 08:10:06,"Sun, 13 Sep 2026 08:10:02 GMT",1589,8,5.4,18.0,day,145.0,8919,27717,15.21,341,18,38,20,0.45,0.66,0.73,0.768,0.656,255,0.07,0.231,59,517,0,154,1,300076
2026-09-13 08:11:01,"Sun, 13 Sep 2026 08:10:46 GMT",1590,9,4.1,13.4,day,111.0,12249,32125,18.39,266,53,52,20,0.26,0.37,0.42,0.477,0.822,253,0.03,0.267,110,723,0,246,0,326573
2026-09-13 08:11:17,"Sun, 13 Sep 2026 08:11:01 GMT",1590,10,2.9,13.3,day,110.7,7078,23782,18.39,46,32,19,6,0.4,0.14,0.18,0.425,0.751,251,0.11,0.352,96,339,0,209,0,326465
2026-09-13 08:11:55,"Sun, 13 Sep 2026 08:11:47 GMT",1592,9,3.9,12.8,day,168.4,7949,18566,15.98,353,22,56,17,0.37,0.66,0.71,0.742,0.828,255,0.58,0.275,52,535,0,208,1,298824
2026-09-13 08:12:08,"Sun, 13 Sep 2026 08:12:02 GMT",1592,10,2.8,12.8,day,168.5,5646,13882,15.99,287,15,56,17,0.3,0.74,0.81,0.744,0.827,255,0.54,0.32,41,387,0,241,1,299033
2026-09-13 08:13:14,"Sun, 13 Sep 2026 08:13:02 GMT",1587,15,2.3,12.4,day,132.9,7140,18487,16.9,82,60,31,6,0.44,0.19,0.21,0.489,0.475,253,0.06,0.261,66,439,0,74,1,331316
2026-09-13 08:15:01,"Sun, 13 Sep 2026 08:14:47 GMT",1589,9,4.6,18.0,day,148.4,5711,17150,15.18,298,15,38,17,0.46,0.76,0.82,0.757,0.661,254,0.06,0.266,32,390,0,151,1,299452
2026-09-13 08:15:38,"Sun, 13 Sep 2026 08:15:02 GMT",1589,10,3.1,18.0,day,148.4,3664,12553,15.21,165,28,32,18,0.29,0.68,0.76,0.77,0.651,252,0.01,0.328,27,241,0,137,1,299697
2026-09-13 08:16:07,"Sun, 13 Sep 2026 08:16:02 GMT",1611,11,3.8,15.5,day,142.7,3607,12732,12.61,86,77,20,8,0.54,0.35,0.36,0.086,0.682,252,0.02,0.281,14,248,0,68,1,275790
2026-09-13 08:16:49,"Sun, 13 Sep 2026 08:16:46 GMT",1592,11,2.5,12.6,day,165.5,9130,22767,15.97,319,29,56,17,0.34,0.56,0.63,0.749,0.817,255,0.54,0.328,73,568,0,259,1,300117
2026-09-13 08:17:52,"Sun, 13 Sep 2026 08:17:47 GMT",1587,16,2.1,12.0,day,134.3,5453,14752,17.02,74,60,30,8,0.31,0.23,0.3,0.462,0.475,254,0.09,0.312,71,316,0,100,1,331697
2026-09-13 08:18:09,"Sun, 13 Sep 2026 08:18:01 GMT",1587,17,1.6,11.9,day,134.5,3811,11535,17.05,27,24,16,4,0.42,0.15,0.21,0.714,0.493,253,0.22,0.341,51,179,1,85,0,331749
2026-09-13 08:19:04,"Sun, 13 Sep 2026 08:19:02 GMT",1624,8,4.7,14.7,day,129.2,5854,14552,13.18,168,16,39,8,0.54,0.48,0.52,0.771,0.936,250,0.07,0.183,48,351,0,0,1,271869
2026-09-13 08:19:17,"Sun, 13 Sep 2026 08:19:02 GMT",1624,9,3.3,14.7,day,129.2,3888,9955,13.18,138,9,38,8,0.45,0.6,0.65,0.771,0.939,250,0.07,0.23,29,230,0,29,1,271869
2026-09-13 08:19:55,"Sun, 13 Sep 2026 08:19:47 GMT",1589,11,2.6,18.2,day,144.3,4317,12080,15.18,156,50,26,18,0.33,0.54,0.61,0.668,0.645,254,0.07,0.285,32,290,0,132,1,298308
2026-09-13 08:20:07,"Sun, 13 Sep 2026 08:20:01 GMT",1590,11,3.6,13.7,day,113.0,10558,26237,18.25,280,78,43,16,0.41,0.38,0.43,0.587,0.831,251,0.04,0.283,96,729,0,301,1,280523
2026-09-13 08:30:08,"Sun, 13 Sep 2026 08:30:02 GMT",1590,12,3.4,12.6,day,110.0,12475,31666,18.59,175,138,26,19,0.35,0.22,0.24,0.628,0.847,250,0.02,0.309,108,796,0,321,1,326362
2026-09-13 08:31:31,"Sun, 13 Sep 2026 08:31:02 GMT",1592,12,3.0,13.5,day,168.0,8321,16819,15.89,340,26,57,17,0.35,0.6,0.65,0.754,0.808,255,0.51,0.34,57,569,0,293,1,297288
2026-09-13 08:34:01,"Sun, 13 Sep 2026 08:33:47 GMT",1589,12,4.5,19.1,day,147.5,7900,22888,14.95,402,21,47,21,0.41,0.76,0.81,0.737,0.693,254,0.13,0.257,41,532,0,184,1,295917
2026-09-13 08:34:25,"Sun, 13 Sep 2026 08:34:02 GMT",1589,13,3.6,19.2,day,147.7,5338,16588,14.92,128,92,30,10,0.43,0.36,0.4,0.839,0.746,254,0.13,0.286,44,355,0,155,1,295246
2026-09-13 08:34:51,"Sun, 13 Sep 2026 08:34:47 GMT",1590,13,3.0,13.1,day,114.9,10343,27558,18.84,213,71,29,13,0.56,0.33,0.36,0.612,0.878,250,0.01,0.31,100,654,0,317,1,330204
2026-09-13 08:36:13,"Sun, 13 Sep 2026 08:36:01 GMT",1592,13,3.1,14.0,day,168.5,8684,19003,15.8,346,61,61,17,0.33,0.57,0.6,0.737,0.811,255,0.53,0.363,56,611,0,342,1,297270
2026-09-13 08:36:51,"Sun, 13 Sep 2026 08:36:47 GMT",1587,18,3.0,11.2,day,134.9,9275,26488,17.11,289,20,75,9,0.43,0.59,0.69,0.637,0.446,254,0.11,0.262,78,494,2,130,1,332171
2026-09-13 08:37:08,"Sun, 13 Sep 2026 08:37:02 GMT",1587,19,2.2,11.2,day,135.2,6155,18258,17.12,93,52,48,5,0.39,0.25,0.29,0.748,0.478,253,0.1,0.318,58,371,3,128,1,333013
2026-09-13 08:38:06,"Sun, 13 Sep 2026 08:38:02 GMT",1624,10,4.5,15.7,day,125.2,5266,14562,12.85,148,28,42,7,0.5,0.48,0.53,0.703,0.951,250,0.01,0.23,43,310,0,29,1,268328
2026-09-13 08:38:52,"Sun, 13 Sep 2026 08:38:46 GMT",1589,14,2.8,18.6,day,141.2,4278,12042,15.08,101,57,17,18,0.33,0.34,0.37,0.63,0.666,253,0.05,0.293,31,298,0,157,1,296862
2026-09-13 08:40:00,"Sun, 13 Sep 2026 08:39:46 GMT",1611,12,4.8,15.0,day,141.7,4358,13048,12.53,155,84,52,11,0.27,0.54,0.58,0.281,0.477,252,0.01,0.214,20,285,0,99,0,275102
2026-09-13 08:40:17,"Sun, 13 Sep 2026 08:40:02 GMT",1611,13,3.5,15.0,day,141.6,3115,8580,12.51,87,72,26,6,0.56,0.39,0.41,0.398,0.465,252,0.01,0.287,14,221,0,109,1,274954
2026-09-13 08:47:43,"Sun, 13 Sep 2026 08:47:01 GMT",1383,40,7.1,9.0,day,159.0,11414,34741,16.23,80,61,19,12,0.35,0.13,0.16,0.115,0.24,255,0.5,0.319,130,619,0,168,1,307892
2026-09-13 08:47:55,"Sun, 13 Sep 2026 08:47:47 GMT",1624,11,3.9,15.7,day,126.1,4869,13844,12.93,115,42,33,6,0.58,0.38,0.43,0.647,0.954,249,0.0,0.251,39,302,0,52,1,269332
2026-09-13 08:48:11,"Sun, 13 Sep 2026 08:48:01 GMT",1589,15,3.6,18.9,day,140.8,6787,17741,14.83,353,12,52,20,0.34,0.76,0.82,0.7,0.702,254,0.17,0.294,44,467,0,205,1,286401
2026-09-13 08:49:13,"Sun, 13 Sep 2026 08:49:02 GMT",1590,14,5.5,13.3,day,107.1,12120,31437,18.17,171,107,38,32,0.14,0.23,0.27,0.409,0.359,255,0.26,0.25,111,734,0,304,0,325088
2026-09-13 08:49:50,"Sun, 13 Sep 2026 08:49:46 GMT",1592,14,7.9,17.7,day,174.7,13680,26941,12.77,362,264,58,17,0.37,0.37,0.39,0.733,0.805,255,0.5,0.372,69,969,0,365,1,220459
2026-09-13 08:50:15,"Sun, 13 Sep 2026 08:50:02 GMT",1592,15,6.1,18.9,day,171.5,11006,22754,15.42,286,258,58,17,0.29,0.38,0.39,0.736,0.808,255,0.69,0.425,50,760,0,313,0,289894
2026-09-13 08:51:00,"Sun, 13 Sep 2026 08:50:47 GMT",1614,10,5.1,17.5,day,180.4,4829,14978,11.97,130,33,15,12,0.72,0.48,0.56,0.501,0.522,253,0.02,0.06,43,273,0,2,1,262848
2026-09-13 08:51:52,"Sun, 13 Sep 2026 08:51:46 GMT",1383,41,6.0,8.2,day,161.2,8691,30119,16.45,75,49,19,11,0.36,0.15,0.18,0.117,0.238,255,0.57,0.353,90,501,0,206,1,310219
2026-09-13 08:52:08,"Sun, 13 Sep 2026 08:52:01 GMT",1383,42,7.9,10.0,day,166.6,34701,51446,12.45,2923,5,96,54,0.56,0.98,0.99,0.467,0.508,255,0.22,0.164,31,2979,0,317,0,218579
2026-09-13 08:53:09,"Sun, 13 Sep 2026 08:53:02 GMT",1589,16,3.1,19.3,day,144.6,5077,12620,15.14,174,78,34,18,0.28,0.5,0.54,0.618,0.672,254,0.03,0.315,29,348,0,195,1,298200
2026-09-13 08:53:51,"Sun, 13 Sep 2026 08:53:47 GMT",1590,15,3.4,13.1,day,113.9,13016,31785,19.11,246,124,31,15,0.53,0.28,0.31,0.652,0.871,251,0.02,0.322,100,870,0,367,1,331084
2026-09-13 08:54:15,"Sun, 13 Sep 2026 08:54:02 GMT",1611,14,3.8,15.2,day,143.5,6864,21512,12.59,104,69,27,7,0.55,0.29,0.34,0.369,0.467,247,0.0,0.286,50,360,0,119,1,275454
2026-09-13 08:54:52,"Sun, 13 Sep 2026 08:54:47 GMT",1592,16,4.9,15.2,day,168.4,14500,29677,15.72,288,184,57,16,0.32,0.28,0.3,0.749,0.792,255,0.52,0.395,76,1024,31,368,1,295314
2026-09-13 08:55:04,"Sun, 13 Sep 2026 08:55:01 GMT",1592,17,3.4,15.0,day,168.2,6942,17039,15.67,213,38,57,17,0.22,0.49,0.57,0.754,0.79,255,0.52,0.436,69,431,29,299,0,295192
2026-09-13 08:56:57,"Sun, 13 Sep 2026 08:56:46 GMT",1383,43,3.9,8.2,day,160.4,10764,31015,16.49,50,33,8,12,0.52,0.08,0.09,0.144,0.229,255,0.84,0.44,127,653,0,254,0,311311
2026-09-13 08:57:09,"Sun, 13 Sep 2026 08:57:01 GMT",1624,12,4.0,16.4,day,122.5,4169,13289,12.63,76,23,26,4,0.73,0.31,0.36,0.632,0.961,249,0.0,0.283,42,245,0,46,1,266820
2026-09-13 08:58:02,"Sun, 13 Sep 2026 08:57:47 GMT",1589,17,2.7,19.2,day,140.7,5715,14302,15.05,178,66,35,14,0.36,0.45,0.49,0.611,0.721,255,0.14,0.291,41,394,2,195,1,296898
2026-09-13 08:58:15,"Sun, 13 Sep 2026 08:58:01 GMT",1589,18,1.8,19.2,day,140.9,3699,12096,15.16,48,39,20,8,0.3,0.22,0.25,0.584,0.66,247,0.0,0.312,38,223,2,141,0,296373
2026-09-13 08:58:56,"Sun, 13 Sep 2026 08:58:47 GMT",1611,15,2.8,15.6,day,141.0,3049,11039,12.51,90,32,29,6,0.52,0.47,0.5,0.353,0.468,248,0.0,0.308,22,192,0,88,1,274887
2026-09-13 09:21:50,"Sun, 13 Sep 2026 09:21:47 GMT",1624,13,5.0,17.4,day,128.9,7059,23301,12.8,60,59,28,4,0.54,0.17,0.2,0.603,0.965,250,0.05,0.307,65,355,0,50,1,264505
2026-09-13 09:22:15,"Sun, 13 Sep 2026 09:22:01 GMT",1624,14,3.4,17.2,day,129.2,4841,18990,12.78,30,22,8,5,0.75,0.15,0.19,0.614,0.053,255,0.33,0.114,54,206,0,40,0,264156
2026-09-13 09:22:56,"Sun, 13 Sep 2026 09:22:47 GMT",1624,15,2.9,17.4,day,129.5,4712,17471,12.93,31,30,10,13,0.24,0.14,0.19,0.527,0.782,253,0.03,0.106,62,220,0,48,0,264931
2026-09-13 09:23:08,"Sun, 13 Sep 2026 09:23:02 GMT",1624,16,2.2,17.4,day,129.0,3125,12797,12.92,30,26,10,6,0.5,0.2,0.25,0.591,0.067,251,0.07,0.18,37,149,0,29,0,264877
2026-09-13 09:24:00,"Sun, 13 Sep 2026 09:23:46 GMT",1624,17,2.2,17.5,day,131.1,3638,12376,13.21,32,21,11,5,0.58,0.18,0.24,0.589,0.073,250,0.09,0.188,53,175,0,20,0,267339
2026-09-13 09:24:49,"Sun, 13 Sep 2026 09:24:47 GMT",1624,18,1.2,16.9,day,130.0,2132,8457,13.04,31,6,10,6,0.52,0.35,0.52,0.57,0.088,248,0.0,0.196,31,89,1,19,0,264970
2026-09-13 09:25:06,"Sun, 13 Sep 2026 09:25:02 GMT",1589,19,4.5,20.2,day,139.7,7735,20140,15.39,332,30,46,20,0.36,0.64,0.71,0.587,0.71,254,0.12,0.26,55,518,9,202,1,298954
2026-09-13 09:25:59,"Sun, 13 Sep 2026 09:25:47 GMT",1590,16,6.0,13.8,day,110.2,17477,35993,18.99,773,164,67,38,0.3,0.6,0.64,0.47,0.756,255,0.16,0.292,85,1285,27,486,1,326947
2026-09-13 09:26:35,"Sun, 13 Sep 2026 09:26:02 GMT",1590,17,4.1,13.8,day,110.4,13598,31128,18.96,415,97,48,20,0.43,0.44,0.49,0.548,0.847,253,0.08,0.354,102,936,31,520,1,326945
2026-09-13 09:27:03,"Sun, 13 Sep 2026 09:26:46 GMT",1592,18,6.3,15.8,day,172.0,12958,24016,15.57,332,214,64,17,0.31,0.35,0.36,0.725,0.787,255,0.59,0.366,39,946,52,444,1,292426
2026-09-13 09:27:16,"Sun, 13 Sep 2026 09:27:02 GMT",1592,19,4.5,15.8,day,171.9,9500,19189,15.63,177,58,34,11,0.47,0.29,0.31,0.832,0.744,254,0.6,0.398,57,617,77,407,1,292130
2026-09-13 09:27:57,"Sun, 13 Sep 2026 09:27:47 GMT",1614,11,5.9,17.0,day,180.6,7314,19120,11.9,207,54,29,15,0.48,0.5,0.57,0.522,0.516,254,0.07,0.099,49,417,0,5,1,261112
2026-09-13 09:28:13,"Sun, 13 Sep 2026 09:28:02 GMT",1587,20,7.3,9.5,day,139.4,15431,35087,17.34,399,309,81,10,0.49,0.35,0.36,0.619,0.428,254,0.06,0.241,52,1147,2,185,1,323586
2026-09-13 09:28:58,"Sun, 13 Sep 2026 09:28:47 GMT",1383,44,5.4,7.0,day,161.9,12508,33963,16.72,73,73,20,10,0.36,0.09,0.1,0.255,0.076,255,0.08,0.284,110,843,0,332,1,309831
2026-09-13 09:30:10,"Sun, 13 Sep 2026 09:30:02 GMT",1589,20,4.3,21.1,day,147.1,6942,20330,15.56,313,32,45,19,0.37,0.69,0.75,0.576,0.717,255,0.12,0.281,42,452,12,227,1,303140
2026-09-13 09:31:11,"Sun, 13 Sep 2026 09:31:01 GMT",1611,16,4.4,15.2,day,141.1,5113,19038,12.47,117,50,32,7,0.52,0.47,0.55,0.293,0.476,252,0.01,0.303,40,250,0,96,1,274425
2026-09-13 09:32:00,"Sun, 13 Sep 2026 09:31:47 GMT",1592,20,3.8,16.2,day,170.2,10128,19213,15.63,169,153,35,8,0.6,0.23,0.25,0.828,0.74,254,0.62,0.414,58,732,79,442,1,294100
2026-09-13 09:32:12,"Sun, 13 Sep 2026 09:32:01 GMT",1614,12,5.3,16.8,day,184.2,7032,20904,7.08,178,48,24,11,0.67,0.43,0.49,0.516,0.519,253,0.02,0.157,54,410,0,5,1,149624
2026-09-13 09:32:52,"Sun, 13 Sep 2026 09:32:47 GMT",1587,21,4.1,9.5,day,134.8,10503,27045,16.88,276,43,57,9,0.54,0.44,0.49,0.721,0.428,253,0.06,0.288,88,625,3,178,1,327380
2026-09-13 09:33:08,"Sun, 13 Sep 2026 09:33:02 GMT",1587,22,2.9,9.3,day,135.4,8736,22936,16.96,179,49,54,9,0.37,0.34,0.4,0.772,0.435,254,0.07,0.325,78,525,6,162,1,327617
2026-09-13 10:03:54,"Sun, 13 Sep 2026 10:03:47 GMT",1589,21,7.5,23.0,day,141.1,14930,35257,16.15,639,67,61,30,0.35,0.67,0.73,0.57,0.736,255,0.19,0.232,100,955,18,291,1,313224
2026-09-13 10:04:07,"Sun, 13 Sep 2026 10:04:02 GMT",1590,18,5.9,13.2,day,114.7,24213,45743,19.76,1442,61,96,44,0.34,0.78,0.82,0.569,0.693,255,0.27,0.256,113,1841,49,612,0,343805
2026-09-13 10:05:02,"Sun, 13 Sep 2026 10:04:47 GMT",1611,17,4.7,14.9,day,143.2,9296,26900,12.99,134,38,34,7,0.56,0.29,0.38,0.237,0.482,251,0.01,0.297,105,456,0,93,1,283736
2026-09-13 10:06:19,"Sun, 13 Sep 2026 10:06:02 GMT",1614,13,6.2,15.9,day,180.6,11834,26556,12.0,318,95,41,14,0.55,0.45,0.5,0.489,0.52,254,0.03,0.169,79,707,0,11,1,266348
2026-09-13 10:06:57,"Sun, 13 Sep 2026 10:06:46 GMT",1383,45,7.0,7.6,day,165.8,21526,43141,17.41,875,392,50,47,0.37,0.52,0.54,0.238,0.441,255,0.34,0.257,81,1686,1,453,1,313833
2026-09-13 10:07:09,"Sun, 13 Sep 2026 10:07:02 GMT",1383,46,4.7,7.3,day,161.8,14580,36031,17.27,303,91,29,24,0.44,0.31,0.33,0.855,0.578,255,0.35,0.248,106,993,3,440,1,319812
2026-09-13 10:07:59,"Sun, 13 Sep 2026 10:07:46 GMT",1624,19,5.7,19.3,day,129.8,6453,21327,13.33,45,20,15,8,0.38,0.14,0.17,0.696,0.664,254,0.04,0.088,77,320,1,28,0,275216
2026-09-13 10:08:53,"Sun, 13 Sep 2026 10:08:49 GMT",1590,19,5.1,12.4,day,109.7,24475,45708,19.27,1465,34,96,45,0.34,0.77,0.81,0.553,0.674,255,0.26,0.275,115,1899,74,735,0,337373
2026-09-13 10:09:17,"Sun, 13 Sep 2026 10:09:02 GMT",1590,20,3.7,12.7,day,110.4,17993,38964,19.32,353,293,44,32,0.25,0.28,0.31,0.319,0.707,255,0.41,0.334,114,1249,93,741,0,338233
2026-09-13 10:10:03,"Sun, 13 Sep 2026 10:09:47 GMT",1611,18,3.9,15.1,day,143.6,6683,23084,13.12,121,20,32,6,0.63,0.43,0.54,0.226,0.481,251,0.01,0.328,69,284,0,87,1,284643
2026-09-13 10:10:15,"Sun, 13 Sep 2026 10:10:02 GMT",1592,21,7.1,17.1,day,172.0,18529,33654,15.8,971,94,76,53,0.24,0.74,0.79,0.583,0.626,255,0.36,0.246,74,1304,98,534,0,299313
2026-09-13 10:10:57,"Sun, 13 Sep 2026 10:10:46 GMT",1614,14,4.7,15.1,day,177.9,9767,23823,12.16,283,83,38,11,0.68,0.5,0.55,0.498,0.52,254,0.03,0.22,59,570,0,17,1,268826
2026-09-13 10:11:09,"Sun, 13 Sep 2026 10:11:01 GMT",1587,23,5.2,8.0,day,141.9,12546,33372,9.03,300,66,64,10,0.47,0.42,0.48,0.681,0.421,221,0.0,0.304,102,722,5,198,1,201646
2026-09-13 10:11:59,"Sun, 13 Sep 2026 10:11:47 GMT",1383,47,3.5,7.3,day,158.9,11498,32095,17.32,129,39,18,23,0.31,0.2,0.24,0.901,0.58,255,0.38,0.283,125,653,8,373,1,321158
2026-09-13 10:12:12,"Sun, 13 Sep 2026 10:12:01 GMT",1383,48,2.5,7.3,day,158.7,5190,21271,17.38,35,24,10,11,0.32,0.17,0.23,0.885,0.554,254,0.26,0.3,59,205,6,121,0,320994
2026-09-13 10:12:49,"Sun, 13 Sep 2026 10:12:47 GMT",1624,20,4.3,19.2,day,130.5,5662,18489,13.48,41,16,14,7,0.42,0.15,0.21,0.693,0.668,253,0.07,0.124,85,270,0,33,0,275645
2026-09-13 10:13:02,"Sun, 13 Sep 2026 10:12:47 GMT",1624,21,3.0,19.2,day,130.5,2855,12093,13.48,22,11,14,4,0.39,0.19,0.27,0.691,0.674,237,0.0,0.176,37,115,0,19,0,275645
2026-09-13 10:13:14,"Sun, 13 Sep 2026 10:13:02 GMT",1589,22,6.4,22.7,day,140.9,13561,34094,16.35,576,41,62,25,0.37,0.71,0.79,0.539,0.735,255,0.15,0.254,79,813,22,294,1,314361
2026-09-13 10:13:51,"Sun, 13 Sep 2026 10:13:46 GMT",1590,21,2.7,13.2,day,114.2,11982,31150,19.78,90,57,10,23,0.39,0.13,0.15,0.332,0.809,255,0.36,0.426,123,698,92,594,1,344487
2026-09-13 10:14:58,"Sun, 13 Sep 2026 10:14:47 GMT",1592,22,5.6,17.6,day,172.0,15842,30469,15.82,584,232,73,53,0.15,0.54,0.56,0.508,0.573,254,0.26,0.262,52,1085,111,556,0,300123
2026-09-13 10:15:11,"Sun, 13 Sep 2026 10:15:01 GMT",1592,23,4.0,17.7,day,171.9,11169,24546,15.82,107,67,14,23,0.33,0.16,0.17,0.357,0.627,252,0.07,0.308,69,681,107,506,1,299779
2026-09-13 10:26:23,"Sun, 13 Sep 2026 10:26:02 GMT",1383,49,3.1,7.6,day,159.6,6262,23146,17.36,25,22,11,7,0.32,0.09,0.11,0.9,0.563,253,0.16,0.365,75,283,4,196,0,321686
2026-09-13 10:27:00,"Sun, 13 Sep 2026 10:26:47 GMT",1624,22,3.5,19.8,day,132.2,3553,13521,13.54,43,25,17,5,0.51,0.23,0.3,0.693,0.675,254,0.12,0.186,50,184,0,34,0,275334
2026-09-13 10:27:13,"Sun, 13 Sep 2026 10:27:02 GMT",1624,23,2.6,20.0,day,132.0,2021,8961,13.5,27,9,17,4,0.4,0.29,0.37,0.686,0.676,255,0.07,0.233,24,94,0,24,0,275587
2026-09-13 10:28:19,"Sun, 13 Sep 2026 10:28:02 GMT",1590,22,4.2,12.9,day,107.8,11882,29684,19.41,143,66,21,23,0.3,0.21,0.24,0.309,0.756,255,0.31,0.418,119,694,90,546,1,340283
2026-09-13 10:29:09,"Sun, 13 Sep 2026 10:29:02 GMT",1592,24,4.9,18.7,day,172.8,11925,23197,15.83,319,145,33,53,0.18,0.38,0.4,0.433,0.49,254,0.39,0.311,50,840,92,538,0,300166
2026-09-13 10:29:59,"Sun, 13 Sep 2026 10:29:46 GMT",1614,15,4.9,15.1,day,179.5,9887,23570,12.04,332,75,58,15,0.38,0.58,0.64,0.644,0.55,254,0.05,0.238,60,576,0,194,1,267823
2026-09-13 10:30:15,"Sun, 13 Sep 2026 10:30:02 GMT",1614,16,3.5,15.2,day,179.5,6181,15740,12.03,231,52,42,13,0.42,0.62,0.66,0.595,0.531,252,0.04,0.287,21,370,0,234,1,267895
2026-09-13 10:31:07,"Sun, 13 Sep 2026 10:31:02 GMT",1383,50,2.1,7.8,day,160.4,7354,25783,17.52,41,10,13,11,0.29,0.14,0.22,0.198,0.614,253,0.05,0.299,111,288,9,166,0,322834
2026-09-13 10:31:48,"Sun, 13 Sep 2026 10:31:46 GMT",1624,24,2.3,20.2,day,127.5,2659,10010,13.27,27,26,12,5,0.45,0.2,0.27,0.666,0.683,254,0.19,0.228,36,135,0,33,0,272548
2026-09-13 10:32:01,"Sun, 13 Sep 2026 10:31:46 GMT",1624,25,1.6,20.2,day,127.5,1264,6138,13.27,8,8,4,3,0.67,0.17,0.26,0.694,0.692,254,0.38,0.307,19,47,0,17,0,272548
2026-09-13 10:32:13,"Sun, 13 Sep 2026 10:32:02 GMT",1589,23,7.6,21.8,day,139.0,14772,34332,16.59,535,106,50,27,0.4,0.57,0.64,0.441,0.777,255,0.17,0.22,103,936,29,314,1,316326
2026-09-13 10:32:54,"Sun, 13 Sep 2026 10:32:47 GMT",1590,23,3.0,12.7,day,116.4,14823,35857,20.05,183,117,39,27,0.17,0.2,0.22,0.368,0.732,255,0.45,0.384,131,917,99,678,0,347972
2026-09-13 10:33:10,"Sun, 13 Sep 2026 10:33:02 GMT",1590,24,2.0,12.8,day,116.4,7906,25012,20.11,25,19,5,13,0.38,0.08,0.11,0.309,0.699,255,0.52,0.452,120,328,91,368,0,347824
2026-09-13 10:33:52,"Sun, 13 Sep 2026 10:33:47 GMT",1592,25,4.3,18.8,day,169.0,9831,21100,15.78,123,80,38,7,0.46,0.19,0.2,0.81,0.514,253,0.11,0.336,60,647,78,452,1,301393
2026-09-13 10:34:04,"Sun, 13 Sep 2026 10:34:02 GMT",1592,26,3.0,18.8,day,169.1,6580,16580,15.77,59,46,19,20,0.16,0.16,0.18,0.197,0.509,255,0.41,0.388,62,376,71,363,0,301611
2026-09-13 10:34:54,"Sun, 13 Sep 2026 10:34:47 GMT",1614,17,3.0,15.3,day,180.3,4833,11490,12.1,230,45,50,13,0.35,0.68,0.71,0.658,0.548,253,0.02,0.322,20,336,0,222,1,268931
2026-09-13 10:35:46,"Sun, 13 Sep 2026 10:35:02 GMT",1587,24,4.8,7.3,day,141.9,13803,34006,17.27,374,117,79,12,0.39,0.42,0.46,0.609,0.414,254,0.05,0.297,99,895,9,254,1,335369
2026-09-13 10:36:59,"Sun, 13 Sep 2026 10:36:47 GMT",1589,24,5.6,21.6,day,138.6,11369,27015,16.78,678,22,69,27,0.36,0.84,0.89,0.511,0.766,255,0.21,0.286,44,803,32,365,1,317722
2026-09-13 10:37:35,"Sun, 13 Sep 2026 10:37:01 GMT",1589,25,3.8,21.4,day,138.5,8146,22734,16.65,317,50,62,14,0.37,0.62,0.69,0.417,0.839,255,0.28,0.259,54,513,28,239,1,316891
2026-09-13 10:37:52,"Sun, 13 Sep 2026 10:37:47 GMT",1590,25,2.4,12.1,day,108.5,8171,22623,19.53,37,20,11,17,0.2,0.1,0.13,0.702,0.844,248,0.0,0.473,119,377,96,383,0,341984
2026-09-13 10:38:08,"Sun, 13 Sep 2026 10:38:02 GMT",1611,19,4.9,15.7,day,144.5,9752,28757,13.19,149,18,37,7,0.58,0.33,0.48,0.175,0.484,250,0.01,0.336,133,446,0,114,1,286805
2026-09-13 10:43:36,"Sun, 13 Sep 2026 10:43:01 GMT",1611,20,3.7,15.5,day,145.5,4598,19551,13.23,126,12,36,6,0.58,0.65,0.81,0.182,0.48,251,0.01,0.37,39,195,0,108,1,286685
2026-09-13 10:44:13,"Sun, 13 Sep 2026 10:44:02 GMT",1614,18,3.0,15.2,day,181.1,5352,12286,12.06,183,44,32,13,0.44,0.49,0.51,0.624,0.533,251,0.03,0.336,20,372,0,271,1,268268
2026-09-13 10:46:30,"Sun, 13 Sep 2026 10:46:02 GMT",1624,26,3.3,20.7,day,129.6,3772,11587,13.4,48,36,12,11,0.36,0.21,0.26,0.787,0.08,238,0.0,0.177,47,230,0,39,0,273734
2026-09-13 10:47:07,"Sun, 13 Sep 2026 10:47:02 GMT",1590,26,2.5,12.6,day,109.9,26511,47591,19.7,1527,123,96,44,0.36,0.71,0.74,0.564,0.666,255,0.29,0.275,99,2151,119,857,0,339649
2026-09-13 10:48:12,"Sun, 13 Sep 2026 10:48:02 GMT",1592,27,4.0,20.0,day,173.3,15789,31197,15.87,901,78,96,52,0.18,0.81,0.86,0.464,0.57,255,0.37,0.296,75,1117,93,592,0,302737
2026-09-13 10:48:49,"Sun, 13 Sep 2026 10:48:46 GMT",1614,19,2.3,15.1,day,177.2,4243,11284,11.22,143,41,28,12,0.43,0.49,0.52,0.633,0.527,248,0.0,0.364,23,290,0,221,1,248924
2026-09-13 10:49:13,"Sun, 13 Sep 2026 10:49:01 GMT",1614,20,1.6,15.1,day,177.0,1812,7702,11.21,41,21,11,7,0.53,0.35,0.42,0.621,0.494,247,0.0,0.425,22,117,0,104,0,248914
2026-09-13 10:49:50,"Sun, 13 Sep 2026 10:49:47 GMT",1383,51,3.4,8.2,day,160.4,7237,24860,16.36,32,25,7,10,0.46,0.1,0.16,0.132,0.214,253,0.19,0.415,116,309,8,192,0,298267
2026-09-13 10:50:15,"Sun, 13 Sep 2026 10:50:01 GMT",1383,52,2.1,8.0,day,160.7,2496,13320,16.3,8,5,6,3,0.44,0.11,0.21,0.488,0.815,255,0.75,0.416,40,76,7,61,0,298301
2026-09-13 10:51:00,"Sun, 13 Sep 2026 10:50:46 GMT",1624,27,2.8,21.2,day,124.6,1972,8854,13.02,21,10,10,6,0.35,0.26,0.4,0.606,0.67,245,0.0,0.151,28,81,0,27,0,269138
2026-09-13 10:51:12,"Sun, 13 Sep 2026 10:51:01 GMT",1589,26,5.6,21.3,day,136.5,11857,28903,16.76,696,6,74,22,0.43,0.9,0.96,0.459,0.781,255,0.17,0.292,47,776,33,404,1,318515
2026-09-13 10:51:53,"Sun, 13 Sep 2026 10:51:47 GMT",1590,27,3.6,13.5,day,115.4,15509,35572,19.92,313,211,47,21,0.32,0.32,0.36,0.645,0.822,253,0.07,0.387,133,984,138,792,1,343095
2026-09-13 10:52:18,"Sun, 13 Sep 2026 10:52:02 GMT",1590,28,2.6,13.5,day,115.7,12962,31961,20.05,136,113,24,24,0.24,0.18,0.21,0.266,0.744,255,0.26,0.422,114,751,160,710,0,342747
2026-09-13 10:52:54,"Sun, 13 Sep 2026 10:52:46 GMT",1592,28,3.4,19.0,day,171.1,8803,18679,15.03,83,63,17,15,0.33,0.15,0.17,0.341,0.554,255,0.17,0.34,73,552,94,439,1,283047
2026-09-13 10:53:07,"Sun, 13 Sep 2026 10:53:01 GMT",1592,29,2.5,18.8,day,171.0,6123,16345,14.99,37,20,14,4,0.66,0.12,0.16,0.065,0.599,253,0.11,0.403,92,307,77,309,0,282028
2026-09-13 10:54:00,"Sun, 13 Sep 2026 10:53:47 GMT",1614,21,2.3,15.3,day,178.3,2145,9646,12.09,69,25,31,4,0.56,0.53,0.61,0.835,0.626,252,0.07,0.372,20,130,0,104,1,269369
2026-09-13 10:55:01,"Sun, 13 Sep 2026 10:54:47 GMT",1580,4,9.6,10.4,day,157.6,23911,44947,13.24,615,606,51,36,0.33,0.34,0.36,0.277,0.555,254,0.03,0.061,94,1806,0,0,0,272589
2026-09-13 10:55:13,"Sun, 13 Sep 2026 10:55:01 GMT",1575,2,5.1,12.1,day,90.9,3512,15360,2.93,106,51,33,9,0.36,0.45,0.5,0.889,0.043,236,0.0,0.06,23,234,0,0,0,72369
2026-09-13 10:58:05,"Sun, 13 Sep 2026 10:58:02 GMT",1592,30,2.4,18.9,day,171.8,7834,18717,15.93,63,45,12,17,0.31,0.14,0.16,0.315,0.606,253,0.11,0.342,102,458,93,412,1,303705
2026-09-13 10:58:49,"Sun, 13 Sep 2026 10:58:47 GMT",1587,25,5.3,5.3,day,141.6,13474,33757,17.41,386,64,79,23,0.21,0.45,0.49,0.528,0.388,254,0.05,0.264,94,853,7,260,0,335976
2026-09-13 10:59:01,"Sun, 13 Sep 2026 10:58:47 GMT",1587,26,3.7,5.3,day,141.6,8229,24328,17.41,311,12,78,22,0.18,0.69,0.82,0.54,0.383,254,0.06,0.301,75,454,8,218,0,335976
2026-09-13 10:59:13,"Sun, 13 Sep 2026 10:59:01 GMT",1587,27,2.5,5.3,day,141.3,6751,18840,17.16,166,37,51,21,0.15,0.42,0.49,0.628,0.371,253,0.04,0.329,72,398,7,200,0,334856
2026-09-13 10:59:49,"Sun, 13 Sep 2026 10:59:47 GMT",1383,53,2.6,8.9,day,161.6,4998,20087,16.48,22,22,10,4,0.55,0.12,0.18,0.071,0.691,252,0.05,0.371,53,176,7,128,0,299864
2026-09-13 11:00:06,"Sun, 13 Sep 2026 11:00:01 GMT",1624,28,3.8,21.1,day,123.3,2342,10719,12.92,35,12,15,7,0.33,0.33,0.5,0.59,0.688,243,0.0,0.195,34,105,0,25,0,267637
2026-09-13 11:01:18,"Sun, 13 Sep 2026 11:01:01 GMT",1589,27,5.8,20.7,day,132.6,13142,32005,16.89,678,18,76,22,0.41,0.83,0.92,0.425,0.793,254,0.18,0.299,74,814,34,423,1,318907
2026-09-13 11:01:50,"Sun, 13 Sep 2026 11:01:47 GMT",1611,21,3.9,15.9,day,145.7,3517,16457,12.45,93,10,27,6,0.57,0.63,0.81,0.164,0.482,248,0.0,0.395,32,147,3,100,1,259634
2026-09-13 11:02:07,"Sun, 13 Sep 2026 11:02:01 GMT",1611,22,2.8,15.9,day,145.6,1913,11519,12.44,47,7,18,5,0.52,0.63,0.75,0.144,0.481,248,0.0,0.423,15,75,2,61,0,259707
2026-09-13 11:02:55,"Sun, 13 Sep 2026 11:02:46 GMT",1592,31,2.4,19.0,day,173.2,5990,14902,15.02,28,28,9,9,0.35,0.09,0.11,0.284,0.573,254,0.29,0.322,79,314,81,320,0,282352
2026-09-13 11:03:11,"Sun, 13 Sep 2026 11:03:02 GMT",1614,22,2.0,15.5,day,177.2,2890,8576,12.07,66,60,26,5,0.51,0.32,0.36,0.786,0.627,252,0.11,0.335,25,205,1,153,1,268903
2026-09-13 11:03:52,"Sun, 13 Sep 2026 11:03:47 GMT",1587,28,3.5,5.6,day,136.8,8209,19765,16.85,150,96,28,15,0.36,0.25,0.27,0.614,0.891,252,0.11,0.227,56,603,9,240,1,332799
2026-09-13 11:04:09,"Sun, 13 Sep 2026 11:04:02 GMT",1383,54,2.3,9.3,day,161.7,4359,17660,17.56,64,19,17,8,0.47,0.33,0.39,0.203,0.054,254,0.12,0.272,40,196,4,121,1,324563
2026-09-13 11:05:01,"Sun, 13 Sep 2026 11:04:46 GMT",1624,29,3.4,21.0,day,123.3,2278,9718,13.05,18,11,9,4,0.5,0.2,0.29,0.595,0.67,224,0.0,0.174,28,91,0,20,0,268516
2026-09-13 11:05:13,"Sun, 13 Sep 2026 11:05:02 GMT",1624,30,2.5,21.1,day,124.2,4199,12308,13.26,73,16,18,10,0.41,0.31,0.38,0.556,0.734,250,0.04,0.201,58,238,0,41,1,270342
2026-09-13 11:05:57,"Sun, 13 Sep 2026 11:05:47 GMT",1589,28,5.0,20.3,day,131.8,9960,23688,16.94,486,98,59,19,0.43,0.74,0.76,0.344,0.821,254,0.16,0.294,29,660,35,423,1,317771
2026-09-13 11:06:50,"Sun, 13 Sep 2026 11:06:46 GMT",1611,23,2.4,15.9,day,144.6,963,6694,12.48,45,3,20,11,0.2,0.85,0.94,0.087,0.458,250,0.02,0.352,6,53,2,33,0,259557
2026-09-13 11:07:14,"Sun, 13 Sep 2026 11:07:02 GMT",1611,24,7.2,18.0,day,144.7,28818,46556,9.69,1989,70,96,54,0.38,0.86,0.88,0.532,0.511,254,0.09,0.102,77,2320,1,102,0,211091
2026-09-13 11:07:54,"Sun, 13 Sep 2026 11:07:47 GMT",1614,23,2.0,15.2,day,177.0,2284,7569,12.1,62,30,25,5,0.5,0.4,0.48,0.782,0.628,250,0.05,0.33,23,154,2,116,1,269381
2026-09-13 11:08:06,"Sun, 13 Sep 2026 11:08:01 GMT",1614,24,1.5,15.3,day,177.1,1150,5439,12.11,36,13,17,4,0.53,0.54,0.65,0.807,0.625,248,0.0,0.41,13,67,3,53,0,269295
2026-09-13 11:16:37,"Sun, 13 Sep 2026 11:16:02 GMT",1611,25,3.0,15.8,day,144.1,5634,19527,13.52,85,34,17,15,0.33,0.25,0.32,0.045,0.409,254,0.08,0.281,84,336,1,55,1,289138
2026-09-13 11:16:50,"Sun, 13 Sep 2026 11:16:47 GMT",1592,32,4.0,18.5,day,168.1,9457,20403,16.1,116,56,20,16,0.36,0.19,0.22,0.319,0.554,255,0.2,0.34,77,596,90,437,1,305386
2026-09-13 11:17:14,"Sun, 13 Sep 2026 11:17:02 GMT",1592,33,2.9,18.5,day,168.1,5905,14869,16.12,36,28,14,6,0.43,0.12,0.16,0.761,0.534,252,0.03,0.397,74,290,74,280,0,305871
2026-09-13 11:17:53,"Sun, 13 Sep 2026 11:17:47 GMT",1587,29,3.1,4.2,day,137.6,8356,21210,17.15,231,98,70,15,0.22,0.39,0.44,0.463,0.385,252,0.01,0.297,63,586,6,256,0,333046
2026-09-13 11:18:05,"Sun, 13 Sep 2026 11:18:02 GMT",1587,30,2.4,4.4,day,137.1,5679,16238,16.97,56,47,31,11,0.16,0.16,0.2,0.335,0.352,253,0.02,0.283,63,340,7,202,0,333045
2026-09-13 11:20:23,"Sun, 13 Sep 2026 11:20:02 GMT",1589,29,6.1,20.6,day,132.4,12426,25971,17.07,663,63,70,20,0.47,0.75,0.78,0.374,0.816,255,0.2,0.314,42,879,45,515,1,317164
2026-09-13 11:21:05,"Sun, 13 Sep 2026 11:21:02 GMT",1611,26,2.6,16.7,day,148.1,3714,15537,13.63,75,27,17,15,0.29,0.34,0.41,0.045,0.405,254,0.12,0.323,44,218,2,71,1,290604
2026-09-13 11:21:59,"Sun, 13 Sep 2026 11:21:46 GMT",1592,34,2.9,19.0,day,172.6,7834,17655,16.06,81,34,15,18,0.3,0.18,0.21,0.346,0.618,253,0.12,0.381,78,461,99,412,1,304008
2026-09-13 11:22:16,"Sun, 13 Sep 2026 11:22:02 GMT",1614,25,3.0,15.6,day,178.7,3560,11276,11.43,147,29,28,13,0.4,0.6,0.62,0.685,0.566,253,0.05,0.336,12,243,3,158,1,250539
2026-09-13 11:22:54,"Sun, 13 Sep 2026 11:22:47 GMT",1587,31,2.5,3.9,day,140.3,7986,25171,17.21,91,60,40,15,0.15,0.2,0.25,0.3,0.353,251,0.01,0.27,85,445,9,244,0,333718
2026-09-13 11:23:06,"Sun, 13 Sep 2026 11:23:02 GMT",1383,55,3.2,10.2,day,161.8,12216,31813,17.65,123,100,28,14,0.31,0.18,0.2,0.375,0.734,255,0.46,0.278,123,701,8,259,1,325208
2026-09-13 11:23:49,"Sun, 13 Sep 2026 11:23:46 GMT",1624,31,4.6,19.4,day,121.8,3473,13205,12.92,53,19,20,7,0.38,0.3,0.38,0.573,0.696,251,0.04,0.222,43,176,0,39,0,266746
2026-09-13 11:24:01,"Sun, 13 Sep 2026 11:23:46 GMT",1624,32,3.2,19.4,day,121.8,1680,7592,12.92,22,15,9,4,0.61,0.3,0.46,0.571,0.676,218,0.0,0.208,23,74,0,20,0,266746
2026-09-13 11:24:14,"Sun, 13 Sep 2026 11:24:01 GMT",1624,33,2.2,19.5,day,122.0,1588,6300,12.99,16,14,9,5,0.36,0.21,0.24,0.46,0.769,247,0.0,0.24,20,78,0,25,0,266898
2026-09-13 11:24:51,"Sun, 13 Sep 2026 11:24:47 GMT",1589,30,5.2,19.8,day,131.4,10665,25395,17.12,535,20,70,20,0.38,0.78,0.81,0.347,0.819,255,0.19,0.336,41,686,49,470,1,318879
2026-09-13 11:25:29,"Sun, 13 Sep 2026 11:25:02 GMT",1590,29,4.7,14.3,day,113.9,14442,32764,19.57,181,158,42,26,0.17,0.21,0.24,0.301,0.674,255,0.33,0.419,131,862,169,714,0,339288
2026-09-13 11:28:24,"Sun, 13 Sep 2026 11:28:02 GMT",1383,56,2.2,10.1,day,161.4,4735,16761,16.61,38,25,11,8,0.43,0.17,0.21,0.203,0.586,249,0.0,0.313,55,229,12,146,0,301450
2026-09-13 11:32:38,"Sun, 13 Sep 2026 11:32:01 GMT",1587,32,3.0,3.9,day,142.7,6258,17478,17.13,58,57,19,6,0.51,0.16,0.18,0.647,0.378,245,0.0,0.35,64,371,13,237,0,332291
2026-09-13 11:32:50,"Sun, 13 Sep 2026 11:32:46 GMT",1383,57,2.5,10.6,day,163.4,5788,18072,17.6,82,29,24,12,0.28,0.25,0.3,0.181,0.639,252,0.11,0.31,64,334,11,161,1,324049
2026-09-13 11:33:07,"Sun, 13 Sep 2026 11:33:01 GMT",1383,58,1.7,10.6,day,163.1,2737,13213,17.56,27,6,13,8,0.26,0.33,0.68,0.157,0.604,253,0.15,0.409,40,81,7,67,0,323270
2026-09-13 11:35:42,"Sun, 13 Sep 2026 11:35:01 GMT",1611,27,2.6,16.7,day,146.3,2535,12348,13.46,47,27,14,15,0.22,0.34,0.43,0.044,0.412,255,0.36,0.372,31,140,2,67,0,285832
2026-09-13 11:35:55,"Sun, 13 Sep 2026 11:35:46 GMT",1592,35,4.1,19.2,day,167.2,8845,18033,16.1,43,41,7,18,0.34,0.08,0.09,0.383,0.579,254,0.12,0.315,90,534,106,396,0,304732
2026-09-13 11:36:08,"Sun, 13 Sep 2026 11:36:02 GMT",1592,36,2.9,19.3,day,167.0,6932,16076,16.09,37,21,13,5,0.57,0.1,0.13,0.135,0.8,253,0.19,0.154,93,359,94,312,0,305039
2026-09-13 11:36:58,"Sun, 13 Sep 2026 11:36:46 GMT",1587,33,2.1,3.5,day,142.0,7003,17308,17.16,177,22,66,20,0.13,0.4,0.45,0.435,0.358,254,0.03,0.333,58,442,9,267,0,331918
2026-09-13 11:37:10,"Sun, 13 Sep 2026 11:37:02 GMT",1587,34,1.5,3.5,day,141.8,3796,12038,17.1,34,25,21,4,0.4,0.19,0.26,0.209,0.374,228,0.0,0.269,55,180,9,143,0,332223
2026-09-13 11:37:52,"Sun, 13 Sep 2026 11:37:46 GMT",1383,59,1.5,10.7,day,162.9,2235,10833,17.55,8,6,4,4,0.5,0.15,0.38,0.22,0.076,250,0.12,0.342,27,52,5,42,0,324784
2026-09-13 11:38:05,"Sun, 13 Sep 2026 11:38:01 GMT",1624,34,4.1,18.0,day,119.8,2558,11555,12.67,40,17,18,7,0.32,0.34,0.46,0.576,0.695,247,0.0,0.217,31,117,1,29,0,263287
2026-09-13 11:38:56,"Sun, 13 Sep 2026 11:38:46 GMT",1589,31,5.2,19.8,day,131.1,11795,28252,17.03,577,31,65,20,0.44,0.77,0.81,0.346,0.81,255,0.18,0.353,46,752,53,538,1,319249
2026-09-13 11:39:12,"Sun, 13 Sep 2026 11:39:02 GMT",1589,32,3.7,19.7,day,130.9,7449,19995,17.03,157,71,41,10,0.38,0.34,0.36,0.159,0.815,254,0.15,0.326,40,464,45,397,1,319004
2026-09-13 11:40:06,"Sun, 13 Sep 2026 11:40:01 GMT",1611,28,2.3,16.8,day,148.4,1917,11063,13.76,40,25,12,13,0.26,0.4,0.49,0.039,0.413,255,0.4,0.394,18,99,3,59,0,290975
2026-09-13 11:41:01,"Sun, 13 Sep 2026 11:40:47 GMT",1592,37,2.9,19.7,day,173.3,12250,27938,15.24,182,50,28,45,0.14,0.25,0.27,0.271,0.444,255,0.38,0.331,103,742,110,473,0,281507
2026-09-13 11:41:14,"Sun, 13 Sep 2026 11:41:01 GMT",1614,26,4.9,16.9,day,179.3,7055,18054,12.36,258,66,45,19,0.3,0.58,0.62,0.692,0.562,254,0.06,0.355,39,445,6,230,1,268365
2026-09-13 11:42:04,"Sun, 13 Sep 2026 11:41:47 GMT",1587,35,2.6,4.1,day,143.8,8858,25541,17.46,52,50,26,6,0.33,0.09,0.1,0.187,0.38,231,0.0,0.251,66,559,14,254,0,334463
2026-09-13 11:42:16,"Sun, 13 Sep 2026 11:42:01 GMT",1383,60,3.2,12.1,day,166.2,12849,32373,12.14,192,141,32,33,0.18,0.24,0.27,0.199,0.563,255,0.1,0.272,110,805,10,228,0,202600
2026-09-13 11:42:58,"Sun, 13 Sep 2026 11:42:46 GMT",1624,35,3.2,17.9,day,122.4,2928,11077,12.98,42,13,15,8,0.35,0.29,0.4,0.556,0.702,247,0.0,0.245,41,146,1,43,0,265216
2026-09-13 11:43:11,"Sun, 13 Sep 2026 11:43:02 GMT",1624,36,2.1,18.1,day,122.4,1631,7208,12.99,21,8,12,5,0.35,0.3,0.41,0.55,0.692,240,0.0,0.271,21,70,1,28,0,265607
2026-09-13 11:43:49,"Sun, 13 Sep 2026 11:43:46 GMT",1589,33,2.9,19.4,day,129.8,8967,22001,17.04,443,34,62,18,0.4,0.75,0.8,0.334,0.829,255,0.21,0.383,46,594,52,486,1,317868
2026-09-13 11:46:17,"Sun, 13 Sep 2026 11:46:02 GMT",1614,27,4.6,17.3,day,179.7,6155,14663,12.41,250,71,46,17,0.32,0.56,0.59,0.682,0.563,255,0.09,0.381,30,450,20,248,1,267609
2026-09-13 11:46:53,"Sun, 13 Sep 2026 11:46:46 GMT",1383,61,1.7,11.8,day,165.2,1949,11135,13.48,10,5,9,3,0.37,0.2,0.43,0.502,0.791,254,0.1,0.31,26,49,6,45,0,257347
2026-09-13 11:47:05,"Sun, 13 Sep 2026 11:47:02 GMT",1383,62,1.1,11.3,day,164.0,3055,16050,17.6,6,3,3,3,0.67,0.12,0.67,0.168,0.574,246,0.0,0.511,41,52,4,38,0,323975
2026-09-13 11:48:59,"Sun, 13 Sep 2026 11:48:47 GMT",1590,30,6.2,15.6,day,115.3,19233,40585,19.38,524,101,82,33,0.19,0.43,0.48,0.577,0.779,255,0.17,0.37,141,1206,202,850,0,338433
2026-09-13 11:49:11,"Sun, 13 Sep 2026 11:49:02 GMT",1590,31,4.3,15.5,day,115.3,11240,29314,19.44,67,34,23,5,0.58,0.12,0.15,0.879,0.96,253,0.07,0.3,139,561,183,560,1,337746
2026-09-13 11:50:04,"Sun, 13 Sep 2026 11:50:01 GMT",1592,38,3.8,19.1,day,171.2,9333,19559,16.44,150,104,20,30,0.25,0.26,0.28,0.377,0.653,255,0.19,0.379,69,584,131,475,0,304585
2026-09-13 11:50:16,"Sun, 13 Sep 2026 11:50:01 GMT",1592,39,2.7,19.1,day,171.2,6206,14857,16.44,57,42,17,7,0.48,0.2,0.25,0.105,0.812,254,0.32,0.208,75,291,116,317,0,304585
2026-09-13 11:50:52,"Sun, 13 Sep 2026 11:50:47 GMT",1614,28,4.3,16.6,day,178.9,5761,15226,12.57,217,71,35,14,0.44,0.58,0.61,0.649,0.564,253,0.07,0.4,28,376,24,249,1,269057
2026-09-13 11:51:04,"Sun, 13 Sep 2026 11:51:02 GMT",1587,36,2.6,3.9,day,144.3,6058,15489,17.48,73,69,23,6,0.53,0.21,0.25,0.606,0.371,251,0.01,0.36,73,353,12,221,1,335551
2026-09-13 11:51:57,"Sun, 13 Sep 2026 11:51:46 GMT",1383,63,1.1,11.3,day,163.5,1906,11385,17.74,5,4,4,2,0.62,0.18,0.56,0.525,0.789,254,0.4,0.305,19,28,3,23,0,326178
2026-09-13 11:52:09,"Sun, 13 Sep 2026 11:52:01 GMT",1383,64,0.7,11.3,day,163.4,923,6881,17.7,2,1,2,1,1.0,0.15,0.0,0.474,0.796,242,0.0,0.459,12,13,1,12,0,325801
2026-09-13 11:52:49,"Sun, 13 Sep 2026 11:52:46 GMT",1589,34,3.3,20.0,day,131.2,10672,22290,17.32,624,42,80,18,0.43,0.8,0.84,0.398,0.837,255,0.32,0.36,40,777,63,588,1,318977
2026-09-13 11:53:05,"Sun, 13 Sep 2026 11:53:02 GMT",1589,35,2.5,20.1,day,131.3,7683,18997,17.15,191,128,39,12,0.41,0.38,0.41,0.467,0.898,254,0.57,0.411,40,501,68,463,1,319006
2026-09-13 11:53:50,"Sun, 13 Sep 2026 11:53:46 GMT",1590,32,3.2,15.3,day,113.2,9356,25217,19.13,55,31,21,4,0.65,0.13,0.16,0.885,0.965,251,0.05,0.305,110,430,186,494,0,337407
2026-09-13 11:54:14,"Sun, 13 Sep 2026 11:54:02 GMT",1611,29,3.0,16.2,day,149.1,1288,7251,13.01,42,5,12,16,0.22,0.59,0.79,0.032,0.411,254,0.38,0.397,17,71,4,56,0,264495
2026-09-13 11:54:50,"Sun, 13 Sep 2026 11:54:46 GMT",1592,40,3.0,18.7,day,166.5,6121,14091,16.45,81,29,20,9,0.45,0.27,0.34,0.109,0.799,253,0.26,0.207,64,295,107,300,1,306674
2026-09-13 11:55:06,"Sun, 13 Sep 2026 11:55:01 GMT",1592,41,2.1,18.6,day,166.4,4031,11422,16.46,64,13,20,9,0.36,0.38,0.5,0.1,0.801,253,0.25,0.246,41,167,80,189,1,307035
2026-09-13 11:55:51,"Sun, 13 Sep 2026 11:55:47 GMT",1587,37,2.2,4.0,day,143.8,12039,32676,17.36,102,86,20,14,0.36,0.15,0.17,0.107,0.803,255,0.41,0.271,90,702,18,318,1,334302
2026-09-13 11:56:07,"Sun, 13 Sep 2026 11:56:02 GMT",1587,38,1.8,4.2,day,144.4,5758,17860,17.47,44,32,24,6,0.31,0.15,0.2,0.18,0.368,249,0.0,0.276,84,294,25,208,0,334987
2026-09-13 11:57:07,"Sun, 13 Sep 2026 11:57:02 GMT",1624,37,4.3,17.3,day,119.6,2921,12274,12.92,42,8,15,7,0.4,0.36,0.53,0.54,0.68,216,0.0,0.227,39,117,1,35,0,262939
2026-09-13 11:58:00,"Sun, 13 Sep 2026 11:57:47 GMT",1589,36,2.7,19.8,day,128.9,8820,22481,17.33,183,142,40,12,0.38,0.34,0.35,0.425,0.896,255,0.4,0.452,41,546,76,522,1,319728
2026-09-13 11:59:22,"Sun, 13 Sep 2026 11:59:01 GMT",1611,30,2.4,16.0,day,147.4,1190,6324,13.85,41,6,11,16,0.23,0.6,0.72,0.025,0.403,255,0.44,0.406,12,68,4,54,0,289768
2026-09-13 11:59:58,"Sun, 13 Sep 2026 11:59:47 GMT",1592,42,2.4,19.1,day,169.4,6811,16990,16.42,93,43,20,10,0.47,0.3,0.36,0.101,0.799,253,0.34,0.243,71,314,119,324,1,303861
2026-09-13 12:00:10,"Sun, 13 Sep 2026 12:00:02 GMT",1614,29,4.0,17.1,day,181.4,6133,14352,12.54,227,100,36,13,0.49,0.53,0.55,0.636,0.565,253,0.12,0.392,23,428,47,296,1,266673
2026-09-13 12:00:59,"Sun, 13 Sep 2026 12:00:47 GMT",1587,39,1.7,4.2,day,144.9,5610,18077,17.26,60,35,9,14,0.48,0.2,0.25,0.952,0.864,253,0.27,0.318,63,293,30,214,1,332900
2026-09-13 12:01:11,"Sun, 13 Sep 2026 12:01:01 GMT",1383,65,1.2,11.2,day,160.5,4111,16713,17.7,26,12,7,8,0.46,0.23,0.49,0.155,0.623,253,0.04,0.354,53,111,3,47,0,325812
2026-09-13 12:02:07,"Sun, 13 Sep 2026 12:02:02 GMT",1624,38,3.5,17.0,day,123.3,2905,11088,13.31,79,12,19,10,0.42,0.5,0.59,0.549,0.719,248,0.0,0.229,32,159,1,43,1,266796
2026-09-13 12:02:56,"Sun, 13 Sep 2026 12:02:46 GMT",1589,37,2.5,19.4,day,127.3,7694,17194,17.24,312,26,59,16,0.33,0.64,0.68,0.288,0.846,254,0.23,0.435,41,486,86,490,1,318504
2026-09-13 12:03:12,"Sun, 13 Sep 2026 12:03:02 GMT",1590,33,3.8,15.4,day,114.7,16031,35464,19.31,155,60,32,19,0.25,0.18,0.21,0.58,0.805,252,0.08,0.419,146,869,237,801,0,333879
2026-09-13 12:03:53,"Sun, 13 Sep 2026 12:03:47 GMT",1611,31,2.6,15.3,day,146.2,1606,9837,13.83,30,13,7,14,0.31,0.48,0.61,0.019,0.378,254,0.63,0.449,17,63,5,44,0,288780
2026-09-13 12:04:58,"Sun, 13 Sep 2026 12:04:47 GMT",1614,30,3.4,17.4,day,180.0,6311,15639,12.53,258,108,47,17,0.32,0.62,0.66,0.651,0.561,255,0.1,0.42,28,419,42,292,1,267626
2026-09-13 12:05:10,"Sun, 13 Sep 2026 12:05:01 GMT",1614,31,2.6,17.4,day,179.9,4520,10907,12.53,141,95,25,12,0.47,0.47,0.51,0.584,0.56,253,0.15,0.432,25,297,52,256,1,267492
2026-09-13 12:05:51,"Sun, 13 Sep 2026 12:05:47 GMT",1383,66,1.2,11.7,day,163.6,2970,13502,17.76,12,8,4,6,0.5,0.16,0.28,0.234,0.577,249,0.0,0.286,36,73,3,29,0,326058
2026-09-13 12:06:07,"Sun, 13 Sep 2026 12:06:02 GMT",1383,67,0.8,11.6,day,163.3,3923,16220,17.79,64,13,12,12,0.44,0.49,0.66,0.756,0.603,255,0.2,0.177,36,131,3,36,1,325893
2026-09-13 12:06:48,"Sun, 13 Sep 2026 12:06:46 GMT",1624,39,3.5,17.0,day,118.0,2073,9352,12.79,28,14,9,7,0.44,0.3,0.39,0.505,0.681,250,0.04,0.243,26,93,1,38,0,261103
2026-09-13 12:07:04,"Sun, 13 Sep 2026 12:07:02 GMT",1589,38,2.1,19.7,day,130.2,7314,17105,17.42,131,120,30,18,0.24,0.3,0.33,0.387,0.848,254,0.23,0.453,43,432,97,474,0,320077
2026-09-13 12:07:53,"Sun, 13 Sep 2026 12:07:46 GMT",1590,34,4.0,13.7,day,105.6,10517,26213,18.36,63,51,11,14,0.41,0.12,0.15,0.35,0.875,251,0.05,0.428,101,508,199,575,1,328782
2026-09-13 12:08:45,"Sun, 13 Sep 2026 12:08:02 GMT",1590,35,2.9,13.5,day,105.4,6386,18495,18.27,39,35,22,2,0.89,0.17,0.24,0.878,0.973,234,0.0,0.394,68,235,152,351,0,327675
2026-09-13 12:08:57,"Sun, 13 Sep 2026 12:08:46 GMT",1592,43,3.7,17.5,day,172.7,8614,18194,14.1,116,114,21,10,0.55,0.24,0.28,0.101,0.795,253,0.22,0.245,75,475,137,429,1,245503
2026-09-13 12:09:09,"Sun, 13 Sep 2026 12:09:01 GMT",1592,44,2.3,17.4,day,170.5,6613,14763,16.48,98,35,20,10,0.49,0.3,0.38,0.097,0.796,254,0.38,0.281,78,326,124,345,1,305154
2026-09-13 12:09:53,"Sun, 13 Sep 2026 12:09:46 GMT",1614,32,2.6,17.7,day,178.4,6262,15798,12.57,174,115,25,13,0.54,0.45,0.49,0.596,0.557,253,0.19,0.441,36,384,58,290,1,268071
2026-09-13 12:10:06,"Sun, 13 Sep 2026 12:10:02 GMT",1587,40,2.2,4.4,day,144.2,5761,15196,17.27,90,30,39,24,0.1,0.3,0.33,0.278,0.305,253,0.16,0.313,60,304,31,207,0,334071
2026-09-13 12:10:58,"Sun, 13 Sep 2026 12:10:46 GMT",1383,68,1.4,11.9,day,160.6,3343,14907,17.79,10,8,7,4,0.36,0.13,0.26,0.441,0.789,254,0.6,0.286,42,79,3,35,0,327039
2026-09-13 12:23:47,"Sun, 13 Sep 2026 12:23:02 GMT",1592,45,4.6,17.9,day,163.4,8655,16752,16.35,144,74,20,11,0.65,0.3,0.33,0.096,0.793,253,0.26,0.271,60,479,150,448,1,305158
2026-09-13 12:24:03,"Sun, 13 Sep 2026 12:24:01 GMT",1614,33,4.6,18.4,day,179.6,7111,14149,12.56,187,185,28,14,0.48,0.41,0.43,0.578,0.557,253,0.18,0.405,28,457,83,327,1,267174
2026-09-13 12:24:52,"Sun, 13 Sep 2026 12:24:46 GMT",1383,69,1.6,12.5,day,161.5,4133,14891,17.72,38,11,17,4,0.56,0.25,0.4,0.485,0.796,255,0.47,0.336,56,151,3,57,0,326502
2026-09-13 12:25:48,"Sun, 13 Sep 2026 12:25:47 GMT",1624,40,6.0,16.9,day,117.4,3257,19031,12.6,73,14,21,10,0.35,0.46,0.67,0.497,0.702,248,0.0,0.223,47,158,3,46,1,257336
2026-09-13 12:26:05,"Sun, 13 Sep 2026 12:26:01 GMT",1589,39,4.4,19.4,day,126.6,10028,23778,17.19,160,107,35,11,0.42,0.27,0.29,0.151,0.785,254,0.03,0.399,57,589,116,533,1,315828
2026-09-13 12:26:53,"Sun, 13 Sep 2026 12:26:47 GMT",1590,36,6.1,13.4,day,105.8,12653,31822,17.6,112,102,20,16,0.35,0.18,0.22,0.853,0.534,254,0.1,0.328,115,611,162,535,1,321077
2026-09-13 12:27:05,"Sun, 13 Sep 2026 12:27:01 GMT",1590,37,4.3,13.4,day,106.7,9528,26208,17.61,70,57,11,16,0.4,0.18,0.24,0.313,0.86,249,0.0,0.456,96,388,193,468,1,320329
2026-09-13 12:27:54,"Sun, 13 Sep 2026 12:27:46 GMT",1592,46,3.7,18.6,day,166.6,7897,16218,16.41,151,69,20,11,0.69,0.34,0.38,0.094,0.792,254,0.29,0.305,59,442,145,434,1,304864
2026-09-13 12:28:55,"Sun, 13 Sep 2026 12:28:46 GMT",1614,34,4.0,18.9,day,179.7,6980,12967,12.62,198,162,33,11,0.55,0.45,0.49,0.849,0.824,253,0.01,0.221,38,441,108,350,1,266883
2026-09-13 12:29:11,"Sun, 13 Sep 2026 12:29:02 GMT",1587,41,3.4,5.4,day,145.5,12195,31308,17.19,235,101,44,16,0.33,0.32,0.34,0.666,0.858,252,0.1,0.234,60,745,42,332,1,333169
2026-09-13 12:30:51,"Sun, 13 Sep 2026 12:30:46 GMT",1589,40,4.1,19.4,day,125.8,9100,20870,17.12,110,64,30,10,0.37,0.21,0.23,0.126,0.797,253,0.03,0.439,64,519,137,511,1,313307
2026-09-13 12:31:15,"Sun, 13 Sep 2026 12:31:02 GMT",1589,41,2.9,19.4,day,125.3,6422,17914,17.13,53,47,13,10,0.41,0.18,0.24,0.938,0.802,254,0.13,0.302,68,288,117,334,0,313424
2026-09-13 12:31:51,"Sun, 13 Sep 2026 12:31:48 GMT",1590,38,4.4,14.6,day,111.9,12917,31350,18.22,211,60,32,17,0.39,0.34,0.4,0.414,0.845,253,0.04,0.405,108,621,228,662,1,324219
2026-09-13 12:32:15,"Sun, 13 Sep 2026 12:32:02 GMT",1611,32,4.5,15.2,day,148.9,3882,14599,14.23,132,31,25,8,0.66,0.59,0.68,0.879,0.933,227,0.0,0.086,33,224,4,44,1,293217
2026-09-13 12:32:56,"Sun, 13 Sep 2026 12:32:47 GMT",1592,47,3.5,18.5,day,165.3,8771,17109,16.43,153,111,19,11,0.73,0.29,0.32,0.087,0.79,254,0.24,0.326,67,522,158,499,1,304598
2026-09-13 12:33:12,"Sun, 13 Sep 2026 12:33:01 GMT",1614,35,4.1,18.5,day,179.0,6804,13468,11.54,213,145,34,11,0.57,0.49,0.51,0.836,0.826,254,0.02,0.245,26,431,108,352,1,226131
2026-09-13 12:34:05,"Sun, 13 Sep 2026 12:34:01 GMT",1587,42,2.9,6.0,day,144.6,7948,18931,17.23,77,47,36,7,0.31,0.16,0.18,0.186,0.361,252,0.01,0.244,70,482,46,294,1,332954
2026-09-13 12:35:13,"Sun, 13 Sep 2026 12:35:01 GMT",1624,41,5.9,17.1,day,115.6,2708,17911,12.48,40,10,14,5,0.57,0.37,0.59,0.442,0.716,231,0.0,0.177,38,109,2,35,0,255755
2026-09-13 12:43:51,"Sun, 13 Sep 2026 12:43:47 GMT",1383,70,2.1,12.7,day,161.0,6777,22042,17.72,64,45,15,16,0.27,0.2,0.27,0.175,0.133,252,0.11,0.21,85,313,2,71,1,326770
2026-09-13 12:44:04,"Sun, 13 Sep 2026 12:44:01 GMT",1383,71,1.5,12.8,day,161.0,3993,14414,17.74,12,10,7,7,0.24,0.09,0.16,0.168,0.221,249,0.0,0.291,59,137,1,41,0,326852
2026-09-13 12:44:20,"Sun, 13 Sep 2026 12:44:01 GMT",1383,72,1.1,12.8,day,161.0,1815,9210,17.74,6,4,5,2,0.6,0.13,0.38,0.552,0.787,254,0.5,0.261,26,46,0,20,0,326852
2026-09-13 12:45:02,"Sun, 13 Sep 2026 12:44:46 GMT",1624,42,6.0,16.1,day,113.2,2892,19009,12.2,62,8,16,10,0.39,0.44,0.61,0.46,0.715,210,0.0,0.241,36,140,1,35,1,250171
2026-09-13 12:45:19,"Sun, 13 Sep 2026 12:45:02 GMT",1589,42,4.3,19.7,day,126.3,9521,21571,17.11,186,82,35,17,0.31,0.33,0.36,0.651,0.814,253,0.19,0.36,49,562,151,537,1,313824
2026-09-13 12:45:56,"Sun, 13 Sep 2026 12:45:47 GMT",1590,39,5.4,13.6,day,109.7,9541,25929,17.1,76,55,20,11,0.35,0.16,0.18,0.458,0.815,252,0.09,0.369,87,480,153,457,1,315167
2026-09-13 12:46:13,"Sun, 13 Sep 2026 12:46:01 GMT",1611,33,5.0,15.5,day,150.5,4417,13653,14.17,195,25,43,9,0.5,0.73,0.82,0.811,0.928,211,0.0,0.109,31,268,4,37,1,289375
2026-09-13 12:46:50,"Sun, 13 Sep 2026 12:46:47 GMT",1592,48,5.2,18.4,day,164.3,9731,18528,16.41,216,88,32,16,0.42,0.41,0.45,0.133,0.819,254,0.21,0.283,64,527,170,492,1,304691
2026-09-13 12:47:15,"Sun, 13 Sep 2026 12:47:02 GMT",1592,49,3.7,18.4,day,164.2,7152,14847,16.42,120,44,16,11,0.68,0.33,0.37,0.073,0.796,253,0.27,0.359,48,360,166,394,1,304792
2026-09-13 12:47:53,"Sun, 13 Sep 2026 12:47:47 GMT",1587,43,3.7,7.3,day,146.9,8013,18943,17.19,117,111,28,15,0.28,0.25,0.29,0.508,0.346,254,0.06,0.373,72,465,45,288,1,332647
2026-09-13 12:48:06,"Sun, 13 Sep 2026 12:48:02 GMT",1587,44,2.7,7.4,day,146.8,5387,14279,17.12,93,71,37,9,0.28,0.35,0.4,0.189,0.34,253,0.02,0.232,45,269,33,193,0,332372
2026-09-13 12:48:57,"Sun, 13 Sep 2026 12:48:47 GMT",1383,73,1.3,13.2,day,161.2,3185,13786,17.79,15,12,11,4,0.34,0.14,0.24,0.522,0.79,255,0.47,0.379,43,104,2,51,0,327067
2026-09-13 12:49:10,"Sun, 13 Sep 2026 12:49:02 GMT",1624,43,4.7,16.2,day,118.6,2096,13819,12.72,44,7,14,7,0.45,0.47,0.59,0.433,0.732,202,0.0,0.234,24,94,3,24,0,255564
2026-09-13 12:50:00,"Sun, 13 Sep 2026 12:49:46 GMT",1589,43,4.5,19.2,day,124.8,8340,22817,17.07,65,51,20,11,0.3,0.15,0.17,0.559,0.772,252,0.05,0.422,64,438,144,410,1,312462
2026-09-13 12:50:25,"Sun, 13 Sep 2026 12:50:02 GMT",1589,44,2.8,19.3,day,124.4,5050,14788,17.13,41,25,11,8,0.47,0.18,0.24,0.924,0.822,254,0.12,0.326,57,224,119,299,0,312522
2026-09-13 12:50:49,"Sun, 13 Sep 2026 12:50:46 GMT",1611,34,4.1,15.1,day,148.2,4325,16888,14.04,57,50,21,6,0.45,0.26,0.29,0.645,0.953,239,0.0,0.115,27,218,5,30,0,287806
2026-09-13 12:51:15,"Sun, 13 Sep 2026 12:51:02 GMT",1611,35,2.9,15.1,day,148.2,1934,9689,14.08,42,18,17,5,0.49,0.38,0.46,0.924,0.857,189,0.0,0.21,20,110,4,20,0,289067
2026-09-13 12:51:57,"Sun, 13 Sep 2026 12:51:47 GMT",1592,50,3.8,18.1,day,162.3,7744,16269,16.44,158,45,23,11,0.62,0.38,0.43,0.091,0.798,254,0.17,0.353,48,411,169,439,1,303953
2026-09-13 12:52:09,"Sun, 13 Sep 2026 12:52:02 GMT",1614,36,8.2,19.5,day,181.5,10643,22138,12.55,315,200,43,13,0.56,0.47,0.49,0.802,0.826,254,0.1,0.22,36,671,129,426,0,263576
2026-09-13 12:52:55,"Sun, 13 Sep 2026 12:52:46 GMT",1587,45,2.7,8.0,day,150.1,6053,14588,17.2,108,70,38,11,0.26,0.32,0.38,0.198,0.33,253,0.03,0.234,54,340,37,243,0,333074
2026-09-13 12:53:50,"Sun, 13 Sep 2026 12:53:47 GMT",1624,44,4.5,15.3,day,114.0,1122,9821,12.29,34,5,14,8,0.3,0.69,0.74,0.428,0.729,216,0.0,0.227,7,49,0,11,0,250409
2026-09-13 12:54:19,"Sun, 13 Sep 2026 12:54:02 GMT",1624,45,2.9,15.3,day,114.2,1369,6990,12.39,10,5,7,4,0.36,0.24,0.48,0.484,0.748,221,0.0,0.375,22,41,3,19,0,251205
2026-09-13 12:55:06,"Sun, 13 Sep 2026 12:55:02 GMT",1590,40,5.7,13.5,day,109.9,11523,30164,16.8,142,65,30,19,0.25,0.25,0.28,0.512,0.785,254,0.12,0.377,99,577,155,498,0,311053
2026-09-13 12:58:09,"Sun, 13 Sep 2026 12:58:01 GMT",1383,74,1.6,13.4,day,161.1,4537,17229,17.84,24,17,12,4,0.5,0.13,0.21,0.529,0.785,254,0.54,0.325,65,179,1,65,0,327490
2026-09-13 12:59:03,"Sun, 13 Sep 2026 12:59:01 GMT",1589,45,4.3,20.2,day,126.1,9855,22974,17.07,275,49,56,16,0.31,0.47,0.51,0.69,0.852,254,0.3,0.314,61,586,153,500,1,310941
2026-09-13 12:59:16,"Sun, 13 Sep 2026 12:59:01 GMT",1589,46,3.0,20.2,day,126.1,6344,16510,17.07,56,36,19,7,0.42,0.16,0.19,0.899,0.845,253,0.21,0.273,65,340,123,364,0,310941
2026-09-13 12:59:54,"Sun, 13 Sep 2026 12:59:46 GMT",1590,41,6.4,14.3,day,117.2,12773,33351,17.0,203,61,32,23,0.28,0.33,0.39,0.474,0.727,255,0.31,0.351,115,617,178,558,1,313324
2026-09-13 13:00:11,"Sun, 13 Sep 2026 13:00:01 GMT",1590,42,3.8,14.2,day,115.0,6467,20717,17.03,43,23,10,12,0.36,0.16,0.21,0.528,0.747,253,0.16,0.382,71,265,127,318,0,313552
2026-09-13 13:00:53,"Sun, 13 Sep 2026 13:00:47 GMT",1592,51,4.5,18.4,day,161.7,8922,17749,16.78,184,63,31,15,0.4,0.4,0.45,0.117,0.819,253,0.19,0.351,61,457,180,465,1,299320
2026-09-13 13:01:05,"Sun, 13 Sep 2026 13:01:02 GMT",1592,52,3.6,18.1,day,159.6,5988,13182,16.4,91,49,21,11,0.39,0.33,0.39,0.06,0.822,253,0.1,0.378,45,273,147,327,1,303998
2026-09-13 13:02:00,"Sun, 13 Sep 2026 13:01:47 GMT",1614,37,9.7,20.2,day,180.5,11378,24743,12.62,350,197,48,14,0.52,0.51,0.53,0.785,0.824,253,0.09,0.237,36,693,156,443,0,262693
2026-09-13 13:02:12,"Sun, 13 Sep 2026 13:02:02 GMT",1587,46,3.0,8.7,day,149.2,5630,14946,17.25,128,71,37,11,0.31,0.43,0.49,0.183,0.334,253,0.03,0.239,40,298,26,185,1,332486
2026-09-13 13:02:59,"Sun, 13 Sep 2026 13:02:46 GMT",1383,75,1.4,13.4,day,160.0,4170,16463,17.72,17,15,8,4,0.53,0.11,0.17,0.545,0.78,254,0.65,0.27,61,158,2,63,0,326766
2026-09-13 13:04:01,"Sun, 13 Sep 2026 13:03:48 GMT",1589,47,3.3,19.3,day,124.8,6222,14577,16.88,59,38,20,8,0.37,0.18,0.21,0.898,0.855,253,0.15,0.244,54,325,135,367,0,306456
2026-09-13 13:04:14,"Sun, 13 Sep 2026 13:04:02 GMT",1589,48,2.4,19.2,day,124.7,4158,11434,16.93,40,17,15,5,0.53,0.23,0.28,0.89,0.852,253,0.15,0.289,40,171,102,228,0,308584
2026-09-13 13:04:52,"Sun, 13 Sep 2026 13:04:46 GMT",1590,43,3.9,13.8,day,109.7,6967,20606,16.39,42,42,20,5,0.42,0.15,0.2,0.103,0.484,254,0.12,0.309,85,283,138,324,0,307195
2026-09-13 13:05:08,"Sun, 13 Sep 2026 13:05:02 GMT",1611,36,3.6,15.2,day,149.5,4916,19063,14.32,85,30,36,4,0.59,0.35,0.41,0.576,0.962,175,0.0,0.12,42,243,6,37,1,291601
2026-09-13 13:05:50,"Sun, 13 Sep 2026 13:05:46 GMT",1592,53,3.3,18.5,day,161.5,7310,17157,16.41,163,56,30,15,0.36,0.49,0.57,0.112,0.811,253,0.29,0.397,51,336,154,394,1,304119
2026-09-13 13:06:19,"Sun, 13 Sep 2026 13:06:01 GMT",1592,54,2.4,18.5,day,161.5,4791,12473,16.4,55,50,19,6,0.48,0.26,0.3,0.109,0.738,251,0.38,0.435,31,212,116,274,0,303963
2026-09-13 13:06:56,"Sun, 13 Sep 2026 13:06:47 GMT",1587,47,2.5,8.9,day,153.0,8460,18542,17.38,119,60,37,10,0.32,0.22,0.25,0.181,0.329,251,0.01,0.264,73,532,43,312,1,333733
2026-09-13 13:07:13,"Sun, 13 Sep 2026 13:07:02 GMT",1587,48,1.9,8.9,day,153.0,5920,14679,17.41,104,43,37,10,0.28,0.33,0.38,0.178,0.327,251,0.02,0.293,54,317,48,268,0,333636
2026-09-13 13:07:55,"Sun, 13 Sep 2026 13:07:47 GMT",1383,76,1.6,13.5,day,160.8,6412,19268,17.88,101,83,18,15,0.37,0.28,0.32,0.186,0.078,255,0.13,0.182,57,364,4,95,1,328318
2026-09-13 13:08:07,"Sun, 13 Sep 2026 13:08:01 GMT",1624,46,4.5,15.0,day,120.4,3358,15083,13.07,61,14,19,6,0.54,0.34,0.44,0.376,0.75,217,0.0,0.155,47,178,1,34,1,255445
2026-09-13 13:08:58,"Sun, 13 Sep 2026 13:08:47 GMT",1589,49,3.0,18.8,day,124.0,5402,13998,16.91,39,34,20,6,0.33,0.14,0.16,0.237,0.789,252,0.05,0.505,53,280,105,300,0,308089
2026-09-13 13:09:10,"Sun, 13 Sep 2026 13:09:01 GMT",1589,50,2.1,19.0,day,124.3,5193,12770,16.91,46,32,14,8,0.41,0.19,0.24,0.72,0.872,252,0.54,0.342,56,240,127,295,0,307736
2026-09-13 13:09:56,"Sun, 13 Sep 2026 13:09:47 GMT",1611,37,3.5,15.5,day,148.7,2556,11893,14.52,18,16,6,4,0.75,0.13,0.17,0.471,0.959,134,0.0,0.121,39,143,1,18,0,293977
2026-09-13 13:17:29,"Sun, 13 Sep 2026 13:17:02 GMT",1624,47,5.9,13.4,day,109.7,5361,22093,11.47,16,16,10,5,0.32,0.07,0.11,0.259,0.775,181,0.0,0.148,80,217,2,16,0,222332
2026-09-13 13:17:54,"Sun, 13 Sep 2026 13:17:46 GMT",1624,48,4.4,13.3,day,109.3,4019,16058,11.44,11,9,8,3,0.46,0.08,0.15,0.87,0.699,164,0.0,0.163,68,135,1,8,0,222539
2026-09-13 13:18:06,"Sun, 13 Sep 2026 13:18:02 GMT",1589,51,4.6,20.0,day,124.2,10717,28035,16.5,195,63,36,15,0.36,0.37,0.43,0.673,0.873,253,0.18,0.313,80,525,127,390,1,296578
2026-09-13 13:19:27,"Sun, 13 Sep 2026 13:19:01 GMT",1590,44,6.7,16.1,day,119.4,12097,30219,16.23,240,64,30,22,0.36,0.36,0.4,0.464,0.751,253,0.15,0.327,101,665,168,554,1,301357
2026-09-13 13:19:56,"Sun, 13 Sep 2026 13:19:46 GMT",1592,55,4.8,18.0,day,161.0,10623,23612,16.11,116,70,20,11,0.53,0.22,0.25,0.072,0.784,254,0.4,0.446,90,534,165,465,1,296925
2026-09-13 13:20:12,"Sun, 13 Sep 2026 13:20:02 GMT",1592,56,3.4,18.0,day,160.9,8900,19238,16.15,95,61,14,24,0.28,0.2,0.23,0.366,0.697,255,0.12,0.312,79,474,155,431,1,296851
2026-09-13 13:21:12,"Sun, 13 Sep 2026 13:21:02 GMT",1587,49,3.4,10.0,day,153.1,11183,28922,17.12,80,54,22,10,0.36,0.12,0.14,0.091,0.346,247,0.0,0.254,95,646,63,357,1,325974
2026-09-13 13:21:57,"Sun, 13 Sep 2026 13:21:47 GMT",1383,77,2.2,13.4,day,158.0,8726,25137,17.33,88,21,25,11,0.32,0.2,0.27,0.183,0.629,252,0.05,0.284,117,431,6,99,1,318660
2026-09-13 13:22:56,"Sun, 13 Sep 2026 13:22:46 GMT",1589,52,5.5,19.7,day,118.5,7864,17305,16.13,117,93,23,10,0.51,0.26,0.29,0.704,0.89,253,0.2,0.313,61,447,117,332,1,292272
2026-09-13 13:23:09,"Sun, 13 Sep 2026 13:23:02 GMT",1589,53,3.9,19.6,day,118.4,5823,15206,16.09,98,76,20,10,0.49,0.32,0.38,0.704,0.892,253,0.14,0.346,55,309,99,267,1,292113
2026-09-13 13:23:53,"Sun, 13 Sep 2026 13:23:46 GMT",1590,45,5.8,16.4,day,122.0,10097,27412,16.28,142,64,28,20,0.25,0.27,0.31,0.478,0.706,251,0.13,0.312,91,532,147,475,0,301982
2026-09-13 13:24:05,"Sun, 13 Sep 2026 13:24:02 GMT",1611,38,4.6,15.1,day,148.0,4521,17328,14.12,64,37,19,9,0.37,0.25,0.3,0.586,0.889,216,0.0,0.083,50,252,4,31,1,281615
2026-09-13 13:24:57,"Sun, 13 Sep 2026 13:24:47 GMT",1592,57,3.3,18.4,day,162.6,8362,19963,16.23,59,25,15,7,0.56,0.17,0.23,0.063,0.755,251,0.58,0.482,97,347,151,394,0,297701
2026-09-13 13:25:10,"Sun, 13 Sep 2026 13:25:01 GMT",1650,2,2.3,13.3,day,178.9,8702,17497,12.37,278,266,47,12,0.49,0.41,0.43,0.627,0.804,254,0.2,0.06,28,670,0,0,0,256189
2026-09-13 13:25:50,"Sun, 13 Sep 2026 13:25:47 GMT",1587,50,3.2,10.5,day,152.8,7992,20017,17.36,119,50,37,13,0.25,0.27,0.31,0.145,0.327,254,0.02,0.274,75,439,60,313,0,327898
2026-09-13 13:26:26,"Sun, 13 Sep 2026 13:26:02 GMT",1587,51,2.4,10.7,day,152.6,6276,16410,17.35,73,40,25,11,0.27,0.22,0.25,0.109,0.318,252,0.03,0.281,57,327,51,254,0,327715
2026-09-13 13:27:06,"Sun, 13 Sep 2026 13:27:02 GMT",1624,49,5.1,13.2,day,116.5,3014,15419,12.24,36,26,14,5,0.51,0.28,0.36,0.913,0.727,175,0.0,0.111,31,128,0,10,0,229414
2026-09-13 13:27:59,"Sun, 13 Sep 2026 13:27:46 GMT",1589,54,4.4,20.3,day,119.6,7801,17594,16.15,112,77,22,9,0.57,0.24,0.26,0.887,0.919,252,0.09,0.224,49,464,121,352,1,291379
2026-09-13 13:28:15,"Sun, 13 Sep 2026 13:28:02 GMT",1590,46,5.7,17.1,day,123.7,11741,30428,16.1,98,71,27,10,0.36,0.17,0.2,0.467,0.68,252,0.2,0.275,124,589,139,436,1,300098
2026-09-13 13:28:51,"Sun, 13 Sep 2026 13:28:46 GMT",1611,39,4.1,14.6,day,145.6,2718,13839,14.29,14,12,8,4,0.44,0.12,0.16,0.535,0.897,151,0.0,0.109,44,118,2,27,0,286416
2026-09-13 13:29:07,"Sun, 13 Sep 2026 13:29:02 GMT",1611,40,2.9,14.5,day,145.5,1190,8468,14.28,7,3,5,2,0.7,0.18,0.44,0.603,0.878,132,0.0,0.186,21,39,2,20,0,286285
2026-09-13 13:32:14,"Sun, 13 Sep 2026 13:32:02 GMT",1624,50,4.8,12.7,day,108.9,1693,10473,11.42,25,8,8,5,0.62,0.32,0.36,0.873,0.724,110,0.0,0.151,16,78,2,10,0,221487
2026-09-13 13:32:52,"Sun, 13 Sep 2026 13:32:46 GMT",1590,47,5.7,17.4,day,121.9,8648,24952,15.75,99,53,30,12,0.28,0.23,0.25,0.43,0.7,251,0.04,0.326,64,438,108,336,0,296986
2026-09-13 13:33:05,"Sun, 13 Sep 2026 13:33:02 GMT",1590,48,4.0,17.5,day,121.9,4799,16150,15.74,34,22,15,8,0.28,0.15,0.18,0.487,0.678,249,0.0,0.311,51,230,60,192,0,296956
2026-09-13 13:34:00,"Sun, 13 Sep 2026 13:33:46 GMT",1611,41,2.4,14.7,day,146.4,1381,8585,14.36,13,4,10,3,0.43,0.21,0.41,0.567,0.865,165,0.0,0.13,29,62,0,20,0,286571
2026-09-13 13:34:13,"Sun, 13 Sep 2026 13:34:02 GMT",1592,58,4.0,18.9,day,165.5,7380,17206,16.18,47,28,14,7,0.48,0.17,0.2,0.055,0.761,251,0.66,0.502,59,278,181,408,0,295350
2026-09-13 13:34:54,"Sun, 13 Sep 2026 13:34:46 GMT",1650,3,5.4,14.7,day,178.3,14432,26414,12.3,439,431,71,16,0.39,0.43,0.45,0.607,0.564,254,0.21,0.098,53,1019,0,0,0,254602
2026-09-13 13:35:07,"Sun, 13 Sep 2026 13:35:02 GMT",1587,52,3.5,11.8,day,154.0,8355,20315,16.16,144,50,38,13,0.29,0.29,0.33,0.193,0.336,252,0.01,0.297,62,493,63,349,0,290108
2026-09-13 13:35:58,"Sun, 13 Sep 2026 13:35:47 GMT",1383,78,2.7,14.0,day,155.0,7771,22191,17.34,51,30,20,5,0.51,0.13,0.16,0.521,0.775,254,0.33,0.277,94,403,8,120,0,319906
2026-09-13 13:36:10,"Sun, 13 Sep 2026 13:36:01 GMT",1383,79,2.0,14.0,day,154.9,4991,17132,17.32,26,25,12,4,0.54,0.12,0.16,0.556,0.769,254,0.46,0.293,66,218,8,96,0,319471
2026-09-13 13:36:59,"Sun, 13 Sep 2026 13:36:46 GMT",1624,51,4.4,12.7,day,112.5,2253,11280,11.83,52,17,18,6,0.48,0.43,0.49,0.869,0.739,127,0.0,0.129,18,121,2,20,0,226035
2026-09-13 13:37:16,"Sun, 13 Sep 2026 13:37:02 GMT",1589,55,7.5,20.6,day,120.2,9628,21023,15.95,335,36,61,10,0.55,0.58,0.6,0.726,0.925,254,0.09,0.288,37,580,107,388,1,289447
2026-09-13 13:37:58,"Sun, 13 Sep 2026 13:37:47 GMT",1590,49,3.9,17.8,day,123.5,6024,18355,15.7,67,47,19,11,0.32,0.22,0.27,0.397,0.702,252,0.13,0.332,65,309,61,253,1,296611
2026-09-13 13:38:14,"Sun, 13 Sep 2026 13:38:01 GMT",1590,50,2.8,17.7,day,123.6,3778,13056,15.66,40,21,18,8,0.28,0.24,0.32,0.406,0.702,250,0.1,0.356,51,169,42,157,0,296166
2026-09-13 13:38:56,"Sun, 13 Sep 2026 13:38:47 GMT",1592,59,4.0,17.7,day,158.5,8218,20472,16.21,59,26,21,11,0.26,0.17,0.22,0.105,0.055,254,0.58,0.317,90,344,180,414,0,297674
2026-09-13 13:39:09,"Sun, 13 Sep 2026 13:39:02 GMT",1592,60,3.0,17.8,day,158.4,4740,13351,16.21,10,7,6,2,0.83,0.1,0.23,0.026,0.546,226,0.0,0.393,59,100,153,244,0,297443
2026-09-13 13:40:03,"Sun, 13 Sep 2026 13:39:46 GMT",1587,53,3.4,12.5,day,156.1,7677,18095,16.35,83,67,22,9,0.42,0.19,0.21,0.085,0.333,241,0.0,0.295,73,443,58,312,1,293485
2026-09-13 13:40:15,"Sun, 13 Sep 2026 13:40:01 GMT",1587,54,2.5,12.3,day,155.3,5375,14051,17.51,38,36,12,5,0.63,0.14,0.19,0.044,0.322,233,0.0,0.303,71,265,46,245,0,329324
2026-09-13 13:40:53,"Sun, 13 Sep 2026 13:40:47 GMT",1383,80,1.8,14.2,day,157.3,4337,15567,17.47,29,28,14,4,0.52,0.14,0.19,0.557,0.768,254,0.48,0.293,56,203,11,100,0,321056
2026-09-13 13:41:06,"Sun, 13 Sep 2026 13:41:01 GMT",1624,52,4.6,12.6,day,107.8,1792,9215,11.25,33,17,12,6,0.46,0.35,0.41,0.843,0.74,123,0.0,0.15,18,95,3,20,0,217400
2026-09-13 13:42:00,"Sun, 13 Sep 2026 13:41:47 GMT",1589,56,7.1,20.3,day,116.2,9416,21847,15.43,265,65,43,9,0.68,0.47,0.5,0.776,0.923,253,0.04,0.301,45,558,108,411,1,284752
2026-09-13 13:42:13,"Sun, 13 Sep 2026 13:42:01 GMT",1589,57,5.1,20.5,day,116.1,6633,15010,15.44,213,44,37,9,0.64,0.57,0.62,0.791,0.928,252,0.02,0.315,35,371,85,310,1,284978
2026-09-13 13:43:16,"Sun, 13 Sep 2026 13:43:02 GMT",1611,42,3.3,14.7,day,147.0,1957,10145,14.51,16,10,9,4,0.44,0.17,0.25,0.35,0.914,165,0.0,0.089,35,94,1,20,0,287361
2026-09-13 13:43:57,"Sun, 13 Sep 2026 13:43:46 GMT",1592,61,2.4,18.5,day,162.5,5456,15022,16.18,12,11,9,3,0.44,0.07,0.12,0.701,0.515,252,0.25,0.458,67,162,168,298,0,294318
2026-09-13 13:46:17,"Sun, 13 Sep 2026 13:46:03 GMT",1624,53,4.4,12.7,day,108.2,2228,9981,11.25,21,19,6,7,0.5,0.2,0.24,0.853,0.744,90,0.0,0.197,20,104,1,21,0,215332
2026-09-13 13:46:54,"Sun, 13 Sep 2026 13:46:48 GMT",1589,58,4.9,20.8,day,116.5,7202,17250,15.25,186,37,42,8,0.55,0.44,0.48,0.764,0.933,253,0.01,0.336,51,424,89,312,1,282401
2026-09-13 13:47:07,"Sun, 13 Sep 2026 13:47:01 GMT",1590,51,4.2,17.6,day,127.8,8198,21826,15.81,97,69,24,11,0.37,0.2,0.23,0.435,0.718,252,0.29,0.296,100,495,49,283,1,297027
2026-09-13 13:47:52,"Sun, 13 Sep 2026 13:47:47 GMT",1611,43,3.0,14.7,day,147.8,1993,12079,14.62,5,5,3,2,0.83,0.07,0.15,0.206,0.789,254,0.4,0.321,38,70,0,18,0,287118
2026-09-13 13:48:04,"Sun, 13 Sep 2026 13:48:02 GMT",1611,44,2.3,14.7,day,147.6,827,8016,14.62,3,2,3,1,1.0,0.16,1.0,0.479,0.333,239,0.0,0.146,15,19,0,7,0,287611
2026-09-13 13:48:16,"Sun, 13 Sep 2026 13:48:02 GMT",1611,45,1.6,14.7,day,147.6,219,3667,14.62,3,1,3,1,1.0,0.75,1.0,0.479,0.333,239,0.0,0.197,2,4,0,1,0,287611
2026-09-13 13:48:54,"Sun, 13 Sep 2026 13:48:46 GMT",1650,4,8.8,16.2,day,179.3,14973,25001,12.31,517,437,77,15,0.45,0.48,0.5,0.604,0.808,254,0.24,0.129,41,1077,0,0,0,254509
2026-09-13 13:49:06,"Sun, 13 Sep 2026 13:49:02 GMT",1650,5,6.4,16.3,day,178.9,11925,19224,12.31,462,341,77,15,0.4,0.52,0.53,0.6,0.807,254,0.23,0.182,30,893,0,0,0,254773
2026-09-13 13:50:20,"Sun, 13 Sep 2026 13:50:02 GMT",1383,81,2.3,14.6,day,156.9,5973,19160,17.56,48,33,19,5,0.51,0.16,0.2,0.535,0.768,254,0.31,0.301,73,300,12,126,0,321109
2026-09-13 13:50:56,"Sun, 13 Sep 2026 13:50:46 GMT",1624,54,4.3,13.0,day,108.1,1926,9093,11.24,27,19,13,5,0.42,0.26,0.3,0.613,0.743,191,0.0,0.208,18,105,1,19,0,214326
2026-09-13 13:51:12,"Sun, 13 Sep 2026 13:51:01 GMT",1624,55,3.0,13.0,day,108.0,691,5239,11.22,9,6,5,3,0.6,0.27,0.36,0.728,0.767,114,0.0,0.15,11,33,1,11,0,214194
2026-09-13 13:51:53,"Sun, 13 Sep 2026 13:51:47 GMT",1590,52,5.0,17.7,day,124.6,8839,22784,15.61,90,68,22,13,0.31,0.18,0.21,0.447,0.731,253,0.26,0.279,85,504,46,268,1,295712
2026-09-13 13:52:05,"Sun, 13 Sep 2026 13:52:01 GMT",1590,53,3.6,17.7,day,124.4,6055,15911,15.59,64,59,15,7,0.61,0.18,0.22,0.062,0.85,253,0.17,0.357,71,350,39,231,1,295630
2026-09-13 13:52:55,"Sun, 13 Sep 2026 13:52:47 GMT",1611,46,1.7,14.5,day,147.1,608,4172,14.64,6,2,5,2,0.6,0.38,1.0,0.958,0.941,222,0.0,0.304,9,16,0,4,0,286156
2026-09-13 13:53:11,"Sun, 13 Sep 2026 13:53:02 GMT",1592,62,3.6,18.9,day,163.0,5697,13893,16.3,30,17,13,7,0.33,0.14,0.19,0.061,0.037,254,0.73,0.349,61,211,182,351,0,294823
2026-09-13 13:55:32,"Sun, 13 Sep 2026 13:55:02 GMT",1383,82,2.4,14.6,day,159.5,5461,18651,17.61,31,24,15,4,0.52,0.12,0.15,0.478,0.645,251,0.16,0.265,58,256,9,112,0,320644
2026-09-13 13:55:48,"Sun, 13 Sep 2026 13:55:46 GMT",1624,56,3.3,13.3,day,105.7,2954,9200,10.81,37,29,13,6,0.47,0.2,0.22,0.712,0.782,152,0.0,0.112,27,188,1,22,0,208221
2026-09-13 13:56:05,"Sun, 13 Sep 2026 13:56:01 GMT",1589,59,5.9,24.9,day,116.3,9350,25802,15.07,152,107,33,8,0.58,0.3,0.32,0.732,0.937,238,0.0,0.359,44,513,84,330,1,282383
2026-09-13 13:56:54,"Sun, 13 Sep 2026 13:56:47 GMT",1590,54,4.1,17.6,day,127.1,9629,24692,15.58,141,63,29,15,0.32,0.26,0.3,0.417,0.726,253,0.25,0.323,95,549,38,307,1,295010
2026-09-13 13:57:51,"Sun, 13 Sep 2026 13:57:47 GMT",1592,63,3.8,18.6,day,160.0,5521,15583,16.41,16,8,9,5,0.36,0.1,0.2,0.258,0.556,254,0.44,0.478,75,159,170,296,0,296592
2026-09-13 13:58:08,"Sun, 13 Sep 2026 13:58:01 GMT",1592,64,2.7,18.5,day,159.7,3150,9008,16.45,4,4,3,3,0.44,0.06,0.27,0.25,0.56,254,0.75,0.55,43,65,130,188,0,296867
2026-09-13 13:59:37,"Sun, 13 Sep 2026 13:59:01 GMT",1587,55,5.0,13.9,day,156.7,8729,20576,18.1,198,37,37,10,0.54,0.38,0.45,0.181,0.342,250,0.01,0.319,89,516,47,321,1,333340
2026-09-13 13:59:49,"Sun, 13 Sep 2026 13:59:47 GMT",1383,83,2.3,14.9,day,156.1,5243,16757,17.73,33,22,18,4,0.46,0.14,0.18,0.489,0.642,252,0.27,0.26,64,243,5,103,0,322102
2026-09-13 14:00:12,"Sun, 13 Sep 2026 14:00:01 GMT",1624,57,4.1,14.4,day,106.4,3023,10155,9.99,60,34,19,7,0.45,0.32,0.37,0.688,0.79,140,0.0,0.126,29,186,1,17,1,177751
2026-09-13 14:00:56,"Sun, 13 Sep 2026 14:00:47 GMT",1589,60,5.3,24.7,day,116.0,11768,30617,14.92,117,58,16,17,0.43,0.19,0.21,0.802,0.547,255,0.15,0.234,97,627,84,338,1,280883
2026-09-13 14:01:12,"Sun, 13 Sep 2026 14:01:02 GMT",1589,61,3.7,24.9,day,116.2,6012,18120,14.94,88,68,14,14,0.45,0.25,0.28,0.799,0.538,254,0.17,0.263,45,349,68,243,1,281537
2026-09-13 14:02:01,"Sun, 13 Sep 2026 14:01:47 GMT",1611,47,2.7,14.2,day,147.5,1736,7976,15.02,27,18,12,4,0.56,0.3,0.38,0.644,0.886,225,0.0,0.14,24,90,0,9,0,290589
2026-09-13 14:02:13,"Sun, 13 Sep 2026 14:02:02 GMT",1611,48,2.0,14.2,day,147.0,1280,8543,15.04,22,3,9,3,0.81,0.47,0.71,0.642,0.888,238,0.0,0.186,16,47,0,7,0,291462
2026-09-13 14:03:01,"Sun, 13 Sep 2026 14:02:46 GMT",1592,65,3.0,19.0,day,162.4,10503,26173,16.49,31,23,14,4,0.55,0.08,0.11,0.492,0.017,254,0.9,0.31,143,413,161,329,0,295855
2026-09-13 14:03:14,"Sun, 13 Sep 2026 14:03:02 GMT",1650,6,9.0,17.8,day,178.0,17813,29439,12.3,632,522,90,16,0.44,0.47,0.49,0.547,0.808,254,0.3,0.185,47,1333,0,0,0,254738
2026-09-13 14:03:51,"Sun, 13 Sep 2026 14:03:47 GMT",1587,56,4.6,14.6,day,152.9,8677,22312,18.34,194,50,38,10,0.51,0.38,0.44,0.19,0.342,251,0.02,0.345,74,507,50,315,1,334114
2026-09-13 14:04:52,"Sun, 13 Sep 2026 14:04:46 GMT",1624,58,3.9,14.4,day,103.4,2203,8690,10.45,76,25,21,8,0.45,0.58,0.66,0.637,0.808,175,0.0,0.131,18,131,1,16,1,202138
2026-09-13 14:05:04,"Sun, 13 Sep 2026 14:05:02 GMT",1624,59,2.9,14.4,day,103.2,1118,6000,10.41,31,7,16,6,0.32,0.48,0.56,0.614,0.836,171,0.0,0.151,14,65,0,7,0,201868
2026-09-13 14:05:16,"Sun, 13 Sep 2026 14:05:02 GMT",1624,60,2.0,14.4,day,103.2,336,3394,10.41,4,3,3,2,0.67,0.33,0.57,0.57,0.856,118,0.0,0.169,7,12,0,2,0,201868
2026-09-13 14:05:52,"Sun, 13 Sep 2026 14:05:47 GMT",1589,62,4.3,23.9,day,115.2,5698,14476,15.15,62,58,14,12,0.37,0.19,0.23,0.767,0.54,255,0.15,0.275,49,326,64,197,1,285951
2026-09-13 14:06:04,"Sun, 13 Sep 2026 14:06:02 GMT",1590,55,5.3,17.7,day,127.3,11489,27873,15.61,133,99,33,14,0.29,0.19,0.22,0.4,0.739,253,0.27,0.362,108,693,51,395,0,296954
2026-09-13 14:06:53,"Sun, 13 Sep 2026 14:06:47 GMT",1611,49,2.6,14.5,day,151.0,1146,6383,15.4,22,6,12,3,0.61,0.37,0.56,0.736,0.937,180,0.0,0.14,22,59,0,9,0,295127
2026-09-13 14:07:05,"Sun, 13 Sep 2026 14:07:02 GMT",1611,50,1.9,14.6,day,150.7,716,6427,15.39,15,2,8,2,0.94,0.62,1.0,0.747,0.936,190,0.0,0.19,9,24,0,5,0,295588
2026-09-13 14:07:57,"Sun, 13 Sep 2026 14:07:47 GMT",1650,7,8.4,18.5,day,176.3,14974,24081,12.16,639,370,96,16,0.42,0.56,0.58,0.513,0.807,253,0.27,0.218,37,1135,0,378,0,253452
2026-09-13 14:08:09,"Sun, 13 Sep 2026 14:08:02 GMT",1650,8,6.1,18.6,day,176.0,12577,21251,12.15,561,234,96,16,0.37,0.57,0.59,0.511,0.808,254,0.27,0.264,37,988,0,498,1,253576
2026-09-13 14:08:58,"Sun, 13 Sep 2026 14:08:46 GMT",1383,84,5.9,14.2,day,139.0,32720,57408,13.48,2673,139,96,54,0.52,0.92,0.93,0.461,0.447,255,0.05,0.126,34,2916,7,201,0,258396
2026-09-13 14:09:10,"Sun, 13 Sep 2026 14:09:01 GMT",1383,85,3.2,14.8,day,157.3,16453,37412,17.88,185,142,35,27,0.2,0.16,0.18,0.397,0.618,253,0.29,0.228,130,1131,12,205,0,323143
2026-09-13 14:10:02,"Sun, 13 Sep 2026 14:09:46 GMT",1624,61,3.1,14.7,day,100.2,2417,8735,9.9,22,12,8,7,0.39,0.19,0.28,0.539,0.852,168,0.0,0.119,38,117,0,5,0,194160
2026-09-13 14:10:58,"Sun, 13 Sep 2026 14:10:47 GMT",1590,56,5.4,17.4,day,120.1,11264,27258,15.22,153,52,27,14,0.4,0.22,0.26,0.443,0.717,253,0.25,0.365,98,685,53,420,1,289652
2026-09-13 14:11:10,"Sun, 13 Sep 2026 14:11:01 GMT",1590,57,4.1,17.7,day,120.1,9718,23415,15.0,304,38,63,22,0.22,0.47,0.53,0.604,0.721,254,0.15,0.358,81,641,55,432,0,285076
2026-09-13 14:19:08,"Sun, 13 Sep 2026 14:19:01 GMT",1624,62,5.3,15.6,day,97.2,3320,11182,9.35,117,19,35,11,0.3,0.59,0.66,0.462,0.89,178,0.0,0.093,26,198,0,7,1,186378
2026-09-13 14:19:50,"Sun, 13 Sep 2026 14:19:47 GMT",1589,63,7.2,20.7,day,117.6,10171,24898,15.33,291,81,58,12,0.42,0.43,0.47,0.592,0.611,255,0.09,0.184,71,671,51,225,1,287324
2026-09-13 14:20:15,"Sun, 13 Sep 2026 14:20:02 GMT",1589,64,5.0,20.8,day,117.5,6957,18454,15.27,228,53,56,11,0.37,0.5,0.55,0.602,0.614,255,0.09,0.236,57,458,21,172,1,285699
2026-09-13 14:21:17,"Sun, 13 Sep 2026 14:21:01 GMT",1611,51,4.1,14.0,day,150.8,3218,14076,15.63,44,27,15,5,0.59,0.25,0.31,0.708,0.918,254,0.02,0.189,42,179,0,16,0,293557
2026-09-13 14:21:54,"Sun, 13 Sep 2026 14:21:47 GMT",1592,66,6.3,19.3,day,161.7,8668,21277,16.86,63,38,33,4,0.48,0.18,0.25,0.578,0.969,251,0.16,0.065,104,350,180,345,1,295660
2026-09-13 14:23:01,"Sun, 13 Sep 2026 14:22:46 GMT",1587,57,7.9,14.9,day,155.4,12808,29984,18.93,296,82,47,11,0.57,0.36,0.4,0.208,0.336,251,0.02,0.363,93,814,55,417,1,337790
2026-09-13 14:23:59,"Sun, 13 Sep 2026 14:23:46 GMT",1624,63,5.2,15.8,day,96.8,2889,10288,9.09,127,14,37,9,0.38,0.71,0.77,0.415,0.914,134,0.0,0.115,19,179,1,6,1,182854
2026-09-13 14:24:49,"Sun, 13 Sep 2026 14:24:46 GMT",1589,65,5.6,20.2,day,119.7,8974,24295,15.49,221,64,55,18,0.22,0.39,0.43,0.569,0.613,255,0.13,0.248,68,567,26,228,0,288437
2026-09-13 14:25:01,"Sun, 13 Sep 2026 14:24:46 GMT",1589,66,3.9,20.2,day,119.7,4993,16900,15.49,33,27,17,5,0.39,0.11,0.13,0.447,0.653,250,0.03,0.261,65,301,11,167,0,288437
2026-09-13 14:25:14,"Sun, 13 Sep 2026 14:25:02 GMT",1590,58,9.3,16.9,day,124.2,14267,29418,15.3,140,126,17,22,0.37,0.14,0.15,0.355,0.797,254,0.34,0.356,83,982,71,555,0,294409
2026-09-13 14:25:52,"Sun, 13 Sep 2026 14:25:46 GMT",1611,52,4.0,13.9,day,151.2,2600,11538,15.7,36,16,14,5,0.51,0.26,0.33,0.481,0.945,251,0.03,0.15,36,141,0,16,0,293803
2026-09-13 14:26:55,"Sun, 13 Sep 2026 14:26:47 GMT",1657,2,3.5,12.9,day,175.2,9397,15124,11.9,232,207,57,15,0.27,0.31,0.32,0.241,0.793,253,0.28,0.06,26,742,0,0,0,250558
2026-09-13 14:27:08,"Sun, 13 Sep 2026 14:27:01 GMT",1657,3,2.4,12.9,day,174.9,7134,12410,11.92,148,92,25,11,0.54,0.27,0.29,0.629,0.542,252,0.14,0.116,46,544,0,0,0,250882
2026-09-13 14:28:02,"Sun, 13 Sep 2026 14:27:47 GMT",1383,86,6.9,17.0,day,162.1,16237,36173,18.08,354,87,66,20,0.27,0.32,0.35,0.384,0.644,255,0.23,0.254,122,1101,16,275,0,323436
2026-09-13 14:28:15,"Sun, 13 Sep 2026 14:28:02 GMT",1383,87,4.7,17.0,day,161.6,9648,28125,18.06,69,31,30,5,0.46,0.14,0.17,0.511,0.634,253,0.28,0.293,107,506,14,207,1,323758
2026-09-13 14:29:05,"Sun, 13 Sep 2026 14:29:02 GMT",1589,67,4.7,19.5,day,118.0,6499,19584,15.51,57,29,13,8,0.55,0.15,0.18,0.79,0.935,253,0.3,0.382,77,379,20,203,0,288426
2026-09-13 14:29:55,"Sun, 13 Sep 2026 14:29:47 GMT",1590,59,7.2,17.3,day,132.5,13884,28758,15.53,254,122,43,23,0.26,0.27,0.29,0.616,0.755,254,0.2,0.391,79,953,80,599,1,294811
2026-09-13 14:30:08,"Sun, 13 Sep 2026 14:30:02 GMT",1590,60,5.2,17.2,day,132.3,10053,24045,15.51,84,56,17,17,0.29,0.14,0.16,0.317,0.818,255,0.44,0.402,96,611,86,457,1,297031
2026-09-13 14:34:41,"Sun, 13 Sep 2026 14:34:02 GMT",1589,68,5.0,19.7,day,120.7,9925,25589,15.61,114,75,37,12,0.26,0.18,0.2,0.222,0.763,251,0.04,0.231,93,637,43,344,0,288407
2026-09-13 14:34:58,"Sun, 13 Sep 2026 14:34:47 GMT",1590,61,5.5,16.7,day,127.8,9894,25038,15.39,97,50,19,20,0.26,0.16,0.18,0.291,0.766,254,0.24,0.35,101,604,82,438,1,293763
2026-09-13 14:35:14,"Sun, 13 Sep 2026 14:35:02 GMT",1611,53,5.4,14.9,day,152.6,5738,21672,16.28,115,49,30,6,0.64,0.35,0.4,0.39,0.943,244,0.0,0.143,63,331,0,20,1,301413
2026-09-13 14:35:57,"Sun, 13 Sep 2026 14:35:47 GMT",1592,67,7.2,19.9,day,164.1,15457,31986,16.87,330,51,50,31,0.21,0.39,0.45,0.324,0.711,254,0.2,0.273,149,856,174,431,0,291314
2026-09-13 14:36:09,"Sun, 13 Sep 2026 14:36:02 GMT",1592,68,5.0,19.9,day,163.9,6683,19148,16.91,67,36,21,10,0.32,0.27,0.33,0.355,0.949,252,0.1,0.236,58,252,144,281,1,291808
2026-09-13 14:37:00,"Sun, 13 Sep 2026 14:36:47 GMT",1587,58,10.8,15.0,day,158.5,16465,35375,19.52,289,69,37,13,0.6,0.27,0.3,0.181,0.334,250,0.01,0.385,112,1058,62,438,0,341623
2026-09-13 14:37:24,"Sun, 13 Sep 2026 14:37:02 GMT",1587,59,7.8,15.0,day,157.6,12212,28326,19.51,252,68,37,13,0.52,0.34,0.38,0.182,0.334,250,0.0,0.418,72,732,58,368,1,341442
2026-09-13 14:38:13,"Sun, 13 Sep 2026 14:38:01 GMT",1624,64,7.5,15.9,day,97.2,5222,18692,8.91,79,57,24,8,0.41,0.25,0.28,0.505,0.917,131,0.0,0.158,43,315,0,6,1,178265
2026-09-13 14:38:59,"Sun, 13 Sep 2026 14:38:47 GMT",1589,69,5.0,19.9,day,121.9,7923,20730,15.66,109,53,31,8,0.44,0.22,0.26,0.121,0.793,252,0.03,0.282,84,501,24,280,1,288368
2026-09-13 14:39:12,"Sun, 13 Sep 2026 14:39:01 GMT",1589,70,3.6,19.7,day,121.5,4827,14435,15.63,49,42,15,7,0.47,0.16,0.19,0.061,0.808,250,0.02,0.339,54,300,16,231,0,288060
2026-09-13 14:39:54,"Sun, 13 Sep 2026 14:39:47 GMT",1611,54,5.4,16.2,day,151.8,5948,21031,16.03,107,62,30,6,0.59,0.3,0.33,0.384,0.947,245,0.0,0.193,50,362,0,26,1,298105
2026-09-13 14:40:06,"Sun, 13 Sep 2026 14:40:02 GMT",1611,55,3.9,16.3,day,151.2,3017,12825,15.97,38,31,16,5,0.47,0.21,0.26,0.62,0.775,253,0.05,0.147,41,181,0,19,0,297414
2026-09-13 14:40:56,"Sun, 13 Sep 2026 14:40:46 GMT",1592,69,4.2,19.8,day,164.0,6802,18953,17.1,60,48,23,6,0.43,0.22,0.27,0.128,0.537,251,0.2,0.379,63,275,138,309,1,292733
2026-09-13 14:41:55,"Sun, 13 Sep 2026 14:41:47 GMT",1587,60,10.1,17.9,day,156.8,16087,34584,19.45,261,241,23,20,0.57,0.26,0.28,0.899,0.716,250,0.0,0.179,91,1017,78,474,0,340652
2026-09-13 14:42:12,"Sun, 13 Sep 2026 14:42:01 GMT",1383,88,7.6,19.0,day,165.1,15763,36251,18.25,122,105,34,7,0.51,0.12,0.13,0.516,0.621,255,0.27,0.263,127,1050,21,284,1,323654
2026-09-13 14:42:50,"Sun, 13 Sep 2026 14:42:46 GMT",1624,65,6.0,15.9,day,98.4,3663,15655,9.04,40,33,6,10,0.67,0.18,0.21,0.966,0.08,250,0.07,0.106,34,221,0,12,0,180898
2026-09-13 14:43:14,"Sun, 13 Sep 2026 14:43:01 GMT",1624,66,4.2,16.0,day,98.4,1541,9705,9.01,26,12,5,8,0.65,0.33,0.4,0.971,0.072,253,0.12,0.16,18,80,0,8,0,180543
2026-09-13 14:44:08,"Sun, 13 Sep 2026 14:44:02 GMT",1590,62,6.4,16.7,day,131.9,12250,28307,15.08,95,66,25,10,0.38,0.12,0.13,0.382,0.327,255,0.27,0.202,102,794,75,461,1,290890
2026-09-13 14:44:58,"Sun, 13 Sep 2026 14:44:46 GMT",1611,56,6.4,19.7,day,147.2,5574,17244,15.35,197,31,46,10,0.43,0.51,0.56,0.534,0.798,254,0.1,0.117,48,389,0,35,1,291256
2026-09-13 14:45:11,"Sun, 13 Sep 2026 14:45:01 GMT",1592,70,3.9,19.9,day,164.4,8192,20564,17.12,97,69,14,19,0.36,0.23,0.27,0.359,0.722,252,0.12,0.338,78,418,140,345,1,291826
2026-09-13 14:46:01,"Sun, 13 Sep 2026 14:45:47 GMT",1661,2,4.9,15.2,day,167.4,9163,15762,12.48,343,133,63,19,0.29,0.5,0.52,0.356,0.869,252,0.02,0.06,36,688,0,0,0,252731
2026-09-13 14:46:18,"Sun, 13 Sep 2026 14:46:01 GMT",1661,3,3.7,15.5,day,166.9,7283,13032,12.49,194,115,40,12,0.4,0.36,0.38,0.458,0.91,252,0.04,0.116,37,535,0,0,0,252599
2026-09-13 14:48:21,"Sun, 13 Sep 2026 14:48:01 GMT",1589,71,4.9,19.8,day,120.9,7585,19980,15.14,57,46,32,6,0.3,0.12,0.14,0.742,0.302,252,0.26,0.336,79,469,42,340,0,281938
2026-09-13 14:48:58,"Sun, 13 Sep 2026 14:48:48 GMT",1590,63,6.3,16.4,day,131.1,13700,31970,14.6,89,77,25,9,0.4,0.1,0.12,0.597,0.524,253,0.06,0.197,133,870,95,515,1,284857
2026-09-13 14:49:11,"Sun, 13 Sep 2026 14:49:02 GMT",1590,64,5.0,16.5,day,130.7,11161,27244,14.47,56,52,13,11,0.39,0.08,0.09,0.743,0.884,249,0.0,0.402,106,675,110,516,0,282213
2026-09-13 14:49:52,"Sun, 13 Sep 2026 14:49:46 GMT",1592,71,3.6,20.1,day,164.7,5974,16448,17.17,60,43,22,7,0.39,0.24,0.32,0.122,0.528,251,0.13,0.395,65,253,101,269,1,291543
2026-09-13 14:50:04,"Sun, 13 Sep 2026 14:50:02 GMT",1592,72,2.6,20.1,day,164.1,3263,11353,17.16,31,10,13,6,0.4,0.28,0.44,0.151,0.517,251,0.13,0.409,44,111,78,161,0,291871
2026-09-13 14:50:16,"Sun, 13 Sep 2026 14:50:02 GMT",1592,73,1.8,20.1,day,164.1,1613,7266,17.16,14,5,7,6,0.33,0.37,0.58,0.132,0.512,251,0.07,0.419,15,38,40,68,0,291871
2026-09-13 14:50:53,"Sun, 13 Sep 2026 14:50:46 GMT",1661,4,7.2,19.0,day,163.0,11170,20806,12.51,463,186,77,20,0.3,0.58,0.6,0.369,0.87,252,0.03,0.127,38,797,0,0,0,252048
2026-09-13 14:51:58,"Sun, 13 Sep 2026 14:51:47 GMT",1383,89,8.7,20.1,day,165.1,18789,38818,18.39,350,153,59,21,0.28,0.26,0.27,0.404,0.545,255,0.17,0.237,94,1362,18,335,0,323145
2026-09-13 14:52:56,"Sun, 13 Sep 2026 14:52:46 GMT",1589,72,5.2,19.4,day,120.2,7343,19999,14.78,95,39,40,6,0.4,0.21,0.24,0.643,0.306,252,0.23,0.315,86,453,49,325,1,276714
2026-09-13 14:53:32,"Sun, 13 Sep 2026 14:53:01 GMT",1589,73,3.6,19.5,day,119.4,4426,14598,14.73,38,30,17,5,0.45,0.18,0.22,0.688,0.3,252,0.34,0.378,59,216,54,208,0,277177
2026-09-13 14:54:01,"Sun, 13 Sep 2026 14:53:47 GMT",1590,65,4.8,16.9,day,134.1,8560,23089,14.28,48,44,23,4,0.52,0.1,0.12,0.414,0.327,255,0.19,0.169,101,473,83,315,0,281372
2026-09-13 14:54:54,"Sun, 13 Sep 2026 14:54:47 GMT",1592,74,7.3,23.3,day,160.7,7751,19642,16.67,309,8,51,9,0.67,0.78,0.88,0.768,0.926,253,0.05,0.096,50,397,58,135,1,287951
2026-09-13 14:55:06,"Sun, 13 Sep 2026 14:55:02 GMT",1592,75,6.3,23.1,day,161.5,26402,39536,13.19,1949,67,96,50,0.41,0.86,0.87,0.566,0.658,255,0.1,0.159,34,2254,122,438,0,227904
2026-09-13 14:56:11,"Sun, 13 Sep 2026 14:56:01 GMT",1666,2,1.3,18.6,day,158.2,3342,8134,16.98,72,30,13,16,0.35,0.3,0.35,0.561,0.849,254,0.29,0.06,37,242,0,0,0,310687
2026-09-13 14:57:04,"Sun, 13 Sep 2026 14:57:02 GMT",1624,67,6.1,16.0,day,96.1,3728,18945,8.87,128,34,42,9,0.34,0.52,0.56,0.185,0.652,149,0.0,0.101,26,246,0,7,1,175372
2026-09-13 14:57:52,"Sun, 13 Sep 2026 14:57:46 GMT",1589,74,4.4,18.4,day,116.7,6339,17868,14.22,77,44,26,7,0.42,0.22,0.26,0.546,0.473,255,0.22,0.065,77,351,61,219,1,273452
2026-09-13 14:58:57,"Sun, 13 Sep 2026 14:58:47 GMT",1665,2,3.5,12.0,day,147.8,3854,9609,14.28,60,53,44,4,0.34,0.22,0.25,0.404,0.478,251,0.02,0.06,37,269,0,0,0,280324
2026-09-13 14:59:09,"Sun, 13 Sep 2026 14:59:02 GMT",1665,3,2.6,12.0,day,147.1,2629,7150,14.26,49,45,43,3,0.38,0.26,0.29,0.394,0.481,249,0.0,0.116,25,192,0,0,0,279988
2026-09-13 15:01:31,"Sun, 13 Sep 2026 15:01:02 GMT",1383,90,10.2,21.5,day,167.7,21503,41235,18.13,539,201,79,25,0.27,0.33,0.35,0.632,0.213,255,0.29,0.194,81,1613,17,403,0,321024
2026-09-13 15:01:55,"Sun, 13 Sep 2026 15:01:46 GMT",1624,68,5.4,16.7,day,96.7,3335,18923,8.81,87,22,31,6,0.47,0.42,0.47,0.126,0.663,140,0.0,0.144,28,208,0,11,1,172746
2026-09-13 15:02:07,"Sun, 13 Sep 2026 15:02:02 GMT",1624,69,3.9,16.7,day,96.4,1535,11234,8.79,54,7,24,6,0.38,0.57,0.73,0.095,0.667,85,0.0,0.193,21,94,0,8,0,172277
2026-09-13 15:02:59,"Sun, 13 Sep 2026 15:02:47 GMT",1590,66,7.2,17.4,day,141.8,12377,29341,13.94,106,106,13,14,0.58,0.14,0.16,0.902,0.223,247,0.0,0.088,98,752,82,355,1,283982
2026-09-13 15:03:11,"Sun, 13 Sep 2026 15:03:02 GMT",1590,67,5.6,17.6,day,139.8,9121,24108,13.53,84,42,21,8,0.5,0.16,0.18,0.107,0.446,253,0.14,0.293,84,533,74,310,1,275302
2026-09-13 15:03:52,"Sun, 13 Sep 2026 15:03:48 GMT",1665,4,5.9,11.5,day,148.5,6608,15903,14.47,175,55,64,6,0.46,0.33,0.35,0.402,0.487,253,0.03,0.095,42,538,0,0,0,283047
2026-09-13 15:04:04,"Sun, 13 Sep 2026 15:04:02 GMT",1668,2,3.8,14.0,day,157.0,4217,13941,14.61,52,34,9,10,0.58,0.19,0.21,0.532,0.726,239,0.0,0.06,42,273,0,0,0,267695
2026-09-13 15:04:16,"Sun, 13 Sep 2026 15:04:02 GMT",1668,3,2.7,14.0,day,157.0,2406,8546,14.61,37,10,6,10,0.62,0.27,0.33,0.538,0.722,239,0.0,0.116,36,136,0,0,0,267695
2026-09-13 15:05:13,"Sun, 13 Sep 2026 15:05:02 GMT",1669,2,0.8,13.4,day,158.0,388,1626,11.8,15,1,10,3,0.5,0.71,1.0,0.703,0.02,255,0.8,0.06,7,21,0,0,0,243095
2026-09-13 15:05:49,"Sun, 13 Sep 2026 15:05:47 GMT",1383,91,9.8,21.9,day,169.9,20006,40287,17.95,506,341,82,25,0.25,0.35,0.37,0.57,0.19,255,0.33,0.235,99,1450,16,463,0,319570
2026-09-13 15:06:13,"Sun, 13 Sep 2026 15:06:02 GMT",1383,92,7.0,21.8,day,169.0,11748,32645,17.99,121,93,33,8,0.46,0.17,0.2,0.157,0.841,254,0.17,0.246,111,706,18,323,1,320073
2026-09-13 15:06:53,"Sun, 13 Sep 2026 15:06:46 GMT",1624,70,4.3,17.5,day,94.0,1460,12279,8.35,37,8,23,5,0.32,0.46,0.59,0.427,0.582,102,0.0,0.167,20,80,0,15,0,164079
2026-09-13 15:07:05,"Sun, 13 Sep 2026 15:07:01 GMT",1589,75,9.7,19.3,day,118.7,13939,36701,12.6,393,195,67,19,0.31,0.42,0.46,0.289,0.509,254,0.07,0.079,98,940,52,262,0,260590
2026-09-13 15:07:58,"Sun, 13 Sep 2026 15:07:47 GMT",1590,68,6.8,18.1,day,133.7,9679,25270,12.5,177,38,21,15,0.56,0.3,0.33,0.101,0.502,254,0.07,0.287,73,589,67,319,1,265262
2026-09-13 15:08:10,"Sun, 13 Sep 2026 15:08:02 GMT",1590,69,4.8,18.3,day,136.5,6202,19759,12.54,126,25,21,13,0.46,0.38,0.42,0.1,0.517,253,0.11,0.34,51,336,41,220,1,266807
2026-09-13 15:08:58,"Sun, 13 Sep 2026 15:08:46 GMT",1668,4,6.2,12.5,day,160.2,7947,17868,14.03,241,111,46,10,0.52,0.42,0.44,0.822,0.906,254,0.07,0.07,44,578,0,0,0,263973
2026-09-13 15:09:11,"Sun, 13 Sep 2026 15:09:02 GMT",1668,5,4.6,12.5,day,159.2,5369,13780,14.02,118,82,24,8,0.61,0.3,0.33,0.878,0.928,253,0.08,0.123,46,390,0,0,0,264490
2026-09-13 15:09:59,"Sun, 13 Sep 2026 15:09:47 GMT",1669,3,7.4,19.5,day,152.5,7273,13264,10.77,260,74,44,14,0.42,0.49,0.51,0.209,0.863,238,0.0,0.06,31,531,0,0,0,232785
2026-09-13 15:10:52,"Sun, 13 Sep 2026 15:10:47 GMT",1383,93,7.3,22.5,day,173.5,13394,33230,18.06,209,143,29,24,0.3,0.25,0.29,0.562,0.471,255,0.31,0.249,122,820,14,321,1,300626
2026-09-13 15:11:51,"Sun, 13 Sep 2026 15:11:46 GMT",1589,76,9.2,18.4,day,113.1,17875,43218,11.44,636,93,91,25,0.28,0.53,0.57,0.477,0.419,255,0.08,0.177,110,1205,48,283,0,249013
2026-09-13 15:12:15,"Sun, 13 Sep 2026 15:12:02 GMT",1589,77,6.8,18.6,day,112.1,9199,27734,11.23,169,141,45,13,0.29,0.3,0.35,0.702,0.323,254,0.04,0.293,78,555,49,201,0,246460
2026-09-13 15:12:56,"Sun, 13 Sep 2026 15:12:46 GMT",1590,70,6.7,17.4,day,133.1,7859,25011,11.41,130,112,32,12,0.34,0.25,0.27,0.616,0.717,250,0.02,0.375,48,513,44,347,1,256401
2026-09-13 15:20:05,"Sun, 13 Sep 2026 15:20:01 GMT",1383,94,10.5,22.6,day,169.1,21124,45464,16.23,351,326,55,16,0.4,0.22,0.24,0.284,0.832,255,0.23,0.201,103,1566,10,459,0,305184
2026-09-13 15:20:56,"Sun, 13 Sep 2026 15:20:47 GMT",1624,71,7.7,21.0,day,90.2,7809,24300,6.96,205,159,39,10,0.53,0.39,0.44,0.189,0.048,252,0.23,0.065,54,519,0,17,1,131567
2026-09-13 15:21:08,"Sun, 13 Sep 2026 15:21:01 GMT",1624,72,5.5,21.0,day,89.8,2789,17701,6.92,77,50,21,7,0.52,0.48,0.54,0.08,0.032,239,0.0,0.125,22,162,0,8,1,130539
2026-09-13 15:21:54,"Sun, 13 Sep 2026 15:21:47 GMT",1590,71,7.8,16.6,day,141.4,9745,30641,11.07,165,60,24,23,0.3,0.25,0.28,0.309,0.776,250,0.01,0.357,78,649,53,360,1,256450
2026-09-13 15:24:10,"Sun, 13 Sep 2026 15:24:01 GMT",1674,2,1.0,14.4,day,153.8,362,996,9.0,3,3,2,3,0.5,0.17,0.33,0.851,0.019,254,1.0,0.06,9,18,0,0,0,219007
2026-09-13 15:25:14,"Sun, 13 Sep 2026 15:25:02 GMT",1675,2,1.0,11.9,day,155.3,114,867,13.36,2,1,1,2,1.0,0.67,0.0,0.354,0.361,237,0.0,0.06,2,3,0,0,0,281301
2026-09-13 15:25:51,"Sun, 13 Sep 2026 15:25:46 GMT",1624,73,4.6,21.1,day,89.5,3149,14566,6.96,100,62,26,7,0.55,0.54,0.57,0.104,0.033,249,0.0,0.163,14,185,0,2,1,131225
2026-09-13 15:26:08,"Sun, 13 Sep 2026 15:26:02 GMT",1589,78,8.2,15.4,day,108.1,12671,36025,10.71,267,111,64,19,0.22,0.32,0.36,0.354,0.381,248,0.0,0.114,103,832,15,108,0,247706
2026-09-13 15:27:11,"Sun, 13 Sep 2026 15:27:01 GMT",1676,2,0.5,11.7,day,128.1,64,784,12.25,0,0,1,1,0.0,0.0,0.0,0.0,0.0,0,0.0,0.0,0,0,0,0,0,269431
2026-09-13 15:27:54,"Sun, 13 Sep 2026 15:27:47 GMT",1673,2,6.5,13.1,day,156.0,3710,24033,11.1,63,43,22,7,0.41,0.25,0.27,0.111,0.474,251,0.05,0.06,32,257,0,0,0,250058
2026-09-13 15:28:06,"Sun, 13 Sep 2026 15:28:02 GMT",1673,3,4.6,13.2,day,154.0,1822,14340,11.03,32,21,5,19,0.34,0.3,0.33,0.255,0.333,254,0.09,0.115,20,108,0,0,0,249548
2026-09-13 15:28:52,"Sun, 13 Sep 2026 15:28:46 GMT",1674,3,10.7,12.3,day,150.1,6447,31620,8.59,157,114,33,11,0.43,0.37,0.39,0.796,0.475,250,0.01,0.06,29,426,0,0,0,213742
2026-09-13 15:30:00,"Sun, 13 Sep 2026 15:29:47 GMT",1675,3,8.8,11.6,day,151.5,7193,27173,12.08,189,175,23,15,0.55,0.36,0.38,0.189,0.387,253,0.01,0.06,40,520,0,0,0,269573
2026-09-13 15:30:53,"Sun, 13 Sep 2026 15:30:47 GMT",1589,79,6.4,14.5,day,109.3,8105,29592,10.78,111,66,32,15,0.23,0.22,0.25,0.481,0.35,246,0.0,0.156,79,497,9,80,0,246613
2026-09-13 15:31:06,"Sun, 13 Sep 2026 15:31:02 GMT",1589,80,4.6,14.5,day,107.3,3190,19234,10.65,48,24,25,5,0.38,0.24,0.28,0.457,0.394,240,0.0,0.19,35,197,4,32,0,245029
2026-09-13 15:35:28,"Sun, 13 Sep 2026 15:35:02 GMT",1624,74,4.0,20.3,day,90.1,2617,10520,7.01,96,43,23,8,0.52,0.6,0.66,0.09,0.038,252,0.22,0.208,15,159,0,5,1,135028
2026-09-13 15:36:01,"Sun, 13 Sep 2026 15:35:47 GMT",1589,81,3.7,13.7,day,110.7,1224,13926,11.12,5,4,3,3,0.56,0.12,0.22,0.429,0.274,178,0.0,0.311,20,41,0,18,0,255562
2026-09-13 15:36:14,"Sun, 13 Sep 2026 15:36:01 GMT",1676,3,2.7,9.8,day,124.9,191,2167,12.98,1,1,1,1,1.0,0.25,0.0,0.271,0.0,254,1.0,0.06,4,4,0,0,0,283374
2026-09-13 15:37:16,"Sun, 13 Sep 2026 15:37:02 GMT",1679,2,0.8,11.4,day,141.4,18,40,10.03,0,0,1,1,0.0,0.0,0.0,0.0,0.0,0,0.0,0.0,0,0,0,0,0,245132
2026-09-13 15:37:53,"Sun, 13 Sep 2026 15:37:46 GMT",1566,21,10.1,11.9,day,153.7,19633,39264,8.43,845,269,84,36,0.28,0.58,0.62,0.592,0.328,255,0.23,0.122,103,1453,0,93,0,216730
2026-09-13 15:38:06,"Sun, 13 Sep 2026 15:38:01 GMT",1566,22,7.9,12.4,day,150.8,12508,32110,8.4,163,152,24,19,0.36,0.2,0.22,0.649,0.392,255,0.06,0.182,91,828,0,108,1,214997
2026-09-13 15:39:00,"Sun, 13 Sep 2026 15:38:47 GMT",1353,31,6.3,6.7,day,133.3,19825,44939,12.88,707,210,96,29,0.25,0.52,0.57,0.488,0.758,250,0.0,0.093,146,1360,0,8,0,281808
2026-09-13 15:39:12,"Sun, 13 Sep 2026 15:39:02 GMT",1675,4,9.1,13.8,day,149.1,8588,30985,11.78,155,136,22,15,0.47,0.24,0.24,0.189,0.377,248,0.0,0.116,31,658,0,0,0,268014
2026-09-13 15:40:13,"Sun, 13 Sep 2026 15:40:02 GMT",1624,75,3.0,20.0,day,90.2,1528,7935,6.97,63,8,14,7,0.64,0.66,0.75,0.052,0.04,248,0.0,0.259,15,96,0,6,1,137319
2026-09-13 15:41:02,"Sun, 13 Sep 2026 15:40:47 GMT",1676,4,2.5,9.2,day,123.6,134,1677,12.92,1,1,1,1,1.0,0.25,0.0,0.271,0.0,255,1.0,0.116,4,4,0,0,0,283284
2026-09-13 15:41:15,"Sun, 13 Sep 2026 15:41:02 GMT",1676,5,1.8,9.3,day,120.1,57,1042,12.74,0,0,1,1,0.0,0.0,0.0,0.0,0.0,0,0.0,0.0,0,0,0,0,0,280424
2026-09-13 15:41:52,"Sun, 13 Sep 2026 15:41:46 GMT",1679,3,0.5,11.1,day,143.2,92,234,10.05,2,1,2,1,1.0,0.67,0.0,0.464,0.87,250,0.5,0.06,2,3,0,0,0,246412
2026-09-13 15:42:05,"Sun, 13 Sep 2026 15:42:02 GMT",1673,4,8.4,10.2,day,155.2,5319,31918,11.35,86,60,14,27,0.23,0.27,0.32,0.23,0.229,255,0.29,0.096,57,321,0,0,0,259827
2026-09-13 15:42:54,"Sun, 13 Sep 2026 15:42:46 GMT",1566,23,6.5,12.2,day,150.6,8491,25396,8.66,189,63,40,13,0.36,0.37,0.42,0.606,0.492,252,0.07,0.139,63,512,0,105,1,221492
2026-09-13 15:43:07,"Sun, 13 Sep 2026 15:43:02 GMT",1353,32,4.4,6.9,day,130.8,10646,34553,12.76,75,31,12,24,0.26,0.16,0.23,0.375,0.21,248,0.0,0.142,162,481,0,17,1,269438
2026-09-13 15:44:01,"Sun, 13 Sep 2026 15:43:47 GMT",1675,5,7.3,13.3,day,147.0,6288,23002,11.76,100,98,19,11,0.48,0.21,0.22,0.191,0.366,246,0.0,0.169,28,482,0,0,0,267161
2026-09-13 15:44:13,"Sun, 13 Sep 2026 15:44:01 GMT",1675,6,5.1,13.1,day,147.7,2586,13623,11.82,46,44,13,9,0.39,0.28,0.33,0.168,0.094,247,0.0,0.188,30,163,0,0,0,267808
2026-09-13 15:44:54,"Sun, 13 Sep 2026 15:44:46 GMT",1624,76,2.1,19.6,day,90.8,659,4913,7.16,16,1,9,4,0.44,0.67,1.0,0.028,0.013,246,0.0,0.314,9,24,0,18,0,149810
2026-09-13 15:45:07,"Sun, 13 Sep 2026 15:45:02 GMT",1589,82,3.2,12.8,day,114.0,542,9459,11.8,2,2,2,2,0.5,0.14,0.0,0.432,0.287,148,0.0,0.36,10,14,0,4,0,273867
2026-09-13 15:46:09,"Sun, 13 Sep 2026 15:46:02 GMT",1679,4,2.6,10.3,day,150.9,196,501,10.32,3,2,3,1,1.0,0.5,1.0,0.469,0.87,254,1.0,0.098,3,6,0,0,0,251295
2026-09-13 15:46:59,"Sun, 13 Sep 2026 15:46:46 GMT",1673,5,6.1,10.0,day,153.9,1619,22673,11.58,50,15,11,26,0.17,0.56,0.63,0.253,0.208,255,0.4,0.172,14,89,0,0,0,262870
2026-09-13 15:47:11,"Sun, 13 Sep 2026 15:47:02 GMT",1673,6,4.3,9.9,day,153.8,688,11016,11.59,12,8,5,10,0.24,0.29,0.32,0.266,0.123,255,0.58,0.214,9,41,0,0,0,263020
2026-09-13 15:49:14,"Sun, 13 Sep 2026 15:49:01 GMT",1624,77,1.5,19.7,day,92.0,150,2798,7.15,0,0,1,1,0.0,0.0,0.0,0.0,0.0,0,0.0,0.0,0,0,0,0,0,142652
2026-09-13 15:49:50,"Sun, 13 Sep 2026 15:49:47 GMT",1589,83,2.5,13.3,day,106.9,179,4606,11.37,1,0,1,1,1.0,1.0,0.0,0.042,0.685,253,1.0,0.152,1,1,0,0,0,267521
2026-09-13 15:50:15,"Sun, 13 Sep 2026 15:50:02 GMT",1589,84,2.3,13.7,day,102.7,142,2420,11.07,1,1,1,1,1.0,0.33,0.0,0.281,0.63,253,1.0,0.182,3,3,0,0,0,262757
2026-09-13 15:51:23,"Sun, 13 Sep 2026 15:51:01 GMT",1679,5,1.2,10.7,day,143.4,311,689,10.3,10,2,9,2,0.56,0.5,1.0,0.494,0.869,254,0.6,0.088,7,20,0,0,0,249404
2026-09-13 15:51:51,"Sun, 13 Sep 2026 15:51:47 GMT",1673,7,3.7,9.6,day,155.7,340,6014,11.85,9,3,5,8,0.23,0.6,0.75,0.269,0.101,255,0.67,0.249,4,15,0,2,0,264904
2026-09-13 15:52:07,"Sun, 13 Sep 2026 15:52:02 GMT",1566,24,5.3,13.9,day,157.5,5930,20487,9.25,177,26,22,12,0.67,0.51,0.57,0.627,0.503,251,0.01,0.181,46,347,0,48,1,230130
2026-09-13 15:52:56,"Sun, 13 Sep 2026 15:52:46 GMT",1353,33,3.6,8.0,day,128.5,6081,27455,13.29,56,12,6,23,0.41,0.25,0.47,0.385,0.216,249,0.0,0.195,95,221,0,23,0,284650
2026-09-13 15:53:08,"Sun, 13 Sep 2026 15:53:02 GMT",1353,34,2.7,8.0,day,132.4,2666,18046,13.57,26,16,5,13,0.4,0.33,0.48,0.378,0.127,250,0.04,0.247,27,78,0,13,0,288531
2026-09-13 15:54:08,"Sun, 13 Sep 2026 15:54:02 GMT",1624,78,1.8,20.3,day,89.4,199,2766,6.97,5,0,4,3,0.42,1.0,1.0,0.012,0.322,227,0.0,0.062,1,5,0,0,0,144437
2026-09-13 15:54:59,"Sun, 13 Sep 2026 15:54:46 GMT",1589,85,2.1,15.0,day,100.4,72,1782,10.62,0,0,1,1,0.0,0.0,0.0,0.0,0.0,0,0.0,0.0,0,0,0,0,0,253138
2026-09-13 15:55:12,"Sun, 13 Sep 2026 15:55:01 GMT",1676,6,5.0,13.0,day,99.0,950,16876,9.95,28,6,15,4,0.47,0.67,0.74,0.068,0.739,255,1.0,0.06,6,42,0,0,0,229827
2026-09-13 15:56:00,"Sun, 13 Sep 2026 15:55:46 GMT",1679,6,2.0,11.5,day,140.1,492,1617,10.68,22,7,13,5,0.34,0.59,0.76,0.459,0.883,253,0.5,0.105,7,37,0,0,0,257025
2026-09-13 15:56:12,"Sun, 13 Sep 2026 15:56:02 GMT",1679,7,2.0,11.9,day,137.9,359,913,10.62,8,7,6,4,0.33,0.38,0.53,0.428,0.891,254,0.38,0.155,7,21,0,0,0,255677
2026-09-13 15:57:13,"Sun, 13 Sep 2026 15:57:02 GMT",1566,25,9.0,14.0,day,135.6,6453,40069,8.33,142,51,17,11,0.76,0.33,0.35,0.624,0.514,247,0.0,0.224,47,431,0,83,0,202505
2026-09-13 15:57:49,"Sun, 13 Sep 2026 15:57:46 GMT",1353,35,3.9,8.2,day,106.1,1518,14401,11.64,33,4,5,23,0.29,0.53,0.69,0.388,0.201,245,0.0,0.28,18,62,0,10,0,255481
2026-09-13 15:58:13,"Sun, 13 Sep 2026 15:58:02 GMT",1675,7,8.6,12.1,day,124.1,12456,30769,11.21,840,3,96,16,0.55,0.98,1.0,0.595,0.091,255,0.48,0.089,14,859,0,1,0,247004
2026-09-13 15:58:49,"Sun, 13 Sep 2026 15:58:46 GMT",1624,79,2.8,20.9,day,88.6,1518,5274,6.72,55,5,9,8,0.76,0.75,0.87,0.037,0.362,245,0.0,0.07,12,73,0,0,0,132471
2026-09-13 15:59:13,"Sun, 13 Sep 2026 15:59:01 GMT",1624,80,2.0,21.0,day,88.7,458,3568,6.81,11,3,4,5,0.55,0.73,0.79,0.009,0.342,204,0.0,0.137,3,15,0,0,0,134892
2026-09-13 15:59:49,"Sun, 13 Sep 2026 15:59:46 GMT",1676,7,4.9,11.8,day,101.9,953,16806,8.75,14,8,2,8,0.88,0.32,0.41,0.557,0.28,194,0.0,0.088,13,44,0,0,0,208543
2026-09-13 16:00:01,"Sun, 13 Sep 2026 15:59:46 GMT",1676,8,3.4,11.8,night,101.9,159,6461,8.75,1,1,1,1,1.0,0.5,0.0,0.25,0.0,255,1.0,0.169,2,2,0,0,0,208543
2026-09-13 16:00:13,"Sun, 13 Sep 2026 16:00:02 GMT",1676,9,3.6,11.8,night,95.4,22,5934,8.95,0,0,1,1,0.0,0.0,0.0,0.0,0.0,0,0.0,0.0,0,0,0,0,0,220281
2026-09-13 16:00:57,"Sun, 13 Sep 2026 16:00:47 GMT",1679,8,9.2,15.1,night,119.3,1059,38868,8.93,18,3,13,5,0.28,0.46,0.75,0.468,0.879,251,0.33,0.2,15,39,0,1,0,217754
2026-09-13 16:01:09,"Sun, 13 Sep 2026 16:01:01 GMT",1564,4,9.5,10.0,night,138.3,21391,44481,11.38,857,116,84,53,0.19,0.54,0.57,0.326,0.307,255,0.35,0.06,117,1593,0,0,0,249341
2026-09-13 16:02:54,"Sun, 13 Sep 2026 16:02:47 GMT",1675,8,7.6,14.4,night,114.6,8919,30092,11.38,565,41,73,12,0.64,0.91,0.93,0.662,0.072,255,0.66,0.13,11,619,0,4,0,267505
2026-09-13 16:03:10,"Sun, 13 Sep 2026 16:03:02 GMT",1675,9,4.2,13.3,night,128.2,616,10974,10.91,19,6,12,3,0.53,0.5,0.76,0.823,0.096,255,0.42,0.174,11,38,0,2,0,253110
2026-09-13 16:06:12,"Sun, 13 Sep 2026 16:06:02 GMT",1686,2,1.8,17.3,night,158.9,115,1594,8.69,5,3,4,5,0.25,0.56,0.62,0.181,0.5,193,0.0,0.06,3,9,0,0,0,210812
2026-09-13 16:07:04,"Sun, 13 Sep 2026 16:07:01 GMT",1687,2,1.9,19.2,night,155.1,124,3178,9.28,3,2,3,1,1.0,0.5,1.0,0.552,0.13,211,0.0,0.06,3,6,0,0,0,226171
2026-09-13 16:11:00,"Sun, 13 Sep 2026 16:10:47 GMT",1694,2,0.0,16.1,night,120.2,0,0,6.85,0,0,1,1,0.0,0.0,0.0,0.0,0.0,0,0.0,0.0,0,0,0,0,0,189143
2026-09-13 16:11:12,"Sun, 13 Sep 2026 16:11:02 GMT",1694,3,1.4,16.0,night,117.0,30,2899,6.73,0,0,1,1,0.0,0.0,0.0,0.0,0.0,0,0.0,0.0,0,0,0,0,0,184849
2026-09-13 16:12:12,"Sun, 13 Sep 2026 16:12:01 GMT",1695,2,0.8,12.2,night,116.9,98,4111,6.84,0,0,1,1,0.0,0.0,0.0,0.0,0.0,0,0.0,0.0,0,0,0,0,0,189692
2026-09-13 16:12:59,"Sun, 13 Sep 2026 16:12:47 GMT",1496,4,8.3,16.6,night,198.1,7478,19133,2.55,426,26,23,37,0.5,0.85,0.85,0.294,0.295,255,0.45,0.07,12,503,0,0,0,127372
2026-09-13 16:13:51,"Sun, 13 Sep 2026 16:13:46 GMT",1544,3,10.0,11.8,night,140.5,14545,40884,7.91,507,154,77,24,0.27,0.49,0.52,0.441,0.648,255,0.21,0.06,77,1033,0,0,0,209952
2026-09-13 16:14:03,"Sun, 13 Sep 2026 16:14:01 GMT",1544,4,6.6,11.1,night,138.6,8018,31031,7.81,105,72,29,10,0.36,0.22,0.25,0.147,0.708,235,0.0,0.116,71,480,0,0,0,208393
2026-09-13 16:14:39,"Sun, 13 Sep 2026 16:14:01 GMT",1544,5,4.6,11.1,night,138.6,4811,21067,7.81,60,58,23,6,0.43,0.22,0.23,0.11,0.72,214,0.0,0.169,28,277,0,0,0,208393
2026-09-13 16:22:38,"Sun, 13 Sep 2026 16:22:01 GMT",1482,103,1.1,12.2,night,174.4,382,2847,3.79,2,1,2,1,1.0,0.29,0.0,0.411,0.519,255,0.5,0.06,6,7,0,0,0,160041
2026-09-13 16:23:06,"Sun, 13 Sep 2026 16:23:02 GMT",1697,2,1.3,12.2,night,172.0,80,2623,5.05,2,0,2,1,1.0,1.0,0.0,0.547,0.537,255,1.0,0.06,1,2,0,0,0,169056
2026-09-13 16:23:57,"Sun, 13 Sep 2026 16:23:46 GMT",1516,4,7.3,17.5,night,144.8,7287,29262,6.9,353,60,48,36,0.2,0.66,0.7,0.316,0.181,255,0.22,0.118,34,535,0,0,0,183849
2026-09-13 16:24:09,"Sun, 13 Sep 2026 16:24:01 GMT",1488,95,5.0,12.7,night,128.6,9352,23566,7.58,233,154,26,49,0.18,0.35,0.37,0.138,0.3,255,0.16,0.068,61,674,0,0,0,184225
2026-09-13 16:24:49,"Sun, 13 Sep 2026 16:24:46 GMT",1483,107,7.7,12.0,night,100.0,5636,26153,5.22,118,86,41,10,0.29,0.3,0.32,0.368,0.882,255,0.1,0.068,31,397,0,0,0,162997
2026-09-13 16:25:13,"Sun, 13 Sep 2026 16:25:02 GMT",1484,118,6.5,19.8,night,92.9,6992,24870,6.08,394,32,35,44,0.26,0.75,0.81,0.467,0.328,255,0.35,0.091,38,523,0,0,0,144731
2026-09-13 16:25:48,"Sun, 13 Sep 2026 16:25:47 GMT",1485,101,4.8,15.0,night,109.9,3064,16506,5.13,63,10,11,8,0.72,0.46,0.61,0.162,0.179,109,0.0,0.062,37,138,0,0,0,190147
2026-09-13 16:26:00,"Sun, 13 Sep 2026 16:25:47 GMT",1485,102,3.4,15.0,night,109.9,829,10134,5.13,6,4,3,3,0.67,0.25,0.46,0.168,0.185,107,0.0,0.116,12,24,0,0,0,190147
2026-09-13 16:26:12,"Sun, 13 Sep 2026 16:26:02 GMT",1485,103,7.5,17.3,night,113.4,4591,15392,5.11,157,117,24,8,0.82,0.57,0.57,0.88,0.839,255,0.96,0.06,4,276,0,0,0,188561
2026-09-13 16:26:48,"Sun, 13 Sep 2026 16:26:46 GMT",1482,104,1.1,12.3,night,173.5,135,1965,3.77,1,1,1,1,1.0,0.25,0.0,0.229,0.37,255,1.0,0.119,4,4,0,0,0,159572
2026-09-13 16:27:00,"Sun, 13 Sep 2026 16:26:46 GMT",1482,105,0.8,12.3,night,173.5,39,766,3.77,1,0,1,1,1.0,1.0,0.0,0.292,0.37,255,1.0,0.169,1,1,0,0,0,159572
2026-09-13 16:27:12,"Sun, 13 Sep 2026 16:27:01 GMT",1482,106,0.6,12.2,night,173.4,12,866,3.78,0,0,1,1,0.0,0.0,0.0,0.0,0.0,0,0.0,0.0,0,0,0,0,0,159805
2026-09-13 16:27:59,"Sun, 13 Sep 2026 16:27:47 GMT",1490,83,5.0,13.8,night,162.3,4010,17480,4.89,50,35,9,13,0.43,0.23,0.28,0.181,0.107,217,0.0,0.061,45,217,0,0,0,159013
2026-09-13 16:28:15,"Sun, 13 Sep 2026 16:28:02 GMT",1491,102,9.1,15.5,night,135.0,12343,35821,7.34,546,132,89,28,0.22,0.58,0.62,0.495,0.725,255,0.37,0.063,65,938,0,0,0,192850
2026-09-13 16:28:51,"Sun, 13 Sep 2026 16:28:46 GMT",1488,96,3.8,13.0,night,128.7,5454,17809,7.31,134,36,26,33,0.16,0.36,0.42,0.122,0.182,255,0.1,0.124,58,369,0,0,0,180949
2026-09-13 16:29:07,"Sun, 13 Sep 2026 16:29:01 GMT",1488,97,2.3,12.3,night,124.7,3220,11794,7.32,39,28,12,24,0.14,0.19,0.23,0.214,0.33,255,0.13,0.178,39,204,0,0,0,179390
2026-09-13 16:30:10,"Sun, 13 Sep 2026 16:30:02 GMT",1484,119,4.9,16.1,night,92.4,5735,19572,6.78,95,69,17,27,0.21,0.27,0.3,0.404,0.156,255,0.08,0.157,53,357,0,0,0,156723
2026-09-13 16:30:58,"Sun, 13 Sep 2026 16:30:47 GMT",1485,104,3.4,15.9,night,110.9,2234,9087,5.35,117,16,16,11,0.66,0.87,0.88,0.156,0.258,219,0.0,0.103,3,134,0,0,1,194594
2026-09-13 16:31:10,"Sun, 13 Sep 2026 16:31:01 GMT",1489,108,4.2,18.4,night,97.6,5096,16402,6.03,80,46,18,14,0.32,0.23,0.26,0.421,0.889,255,0.99,0.06,52,343,0,0,0,166227
2026-09-13 16:31:54,"Sun, 13 Sep 2026 16:31:46 GMT",1482,107,0.4,12.1,night,173.8,0,581,3.81,0,0,1,1,0.0,0.0,0.0,0.0,0.0,0,0.0,0.0,0,0,0,0,0,160264
2026-09-13 16:32:05,"Sun, 13 Sep 2026 16:32:01 GMT",1482,108,0.4,12.2,night,173.8,0,417,3.8,0,0,1,1,0.0,0.0,0.0,0.0,0.0,0,0.0,0.0,0,0,0,0,0,160495
2026-09-13 16:32:53,"Sun, 13 Sep 2026 16:32:46 GMT",1490,84,3.3,17.0,night,162.4,2261,9119,4.75,39,22,7,9,0.62,0.33,0.41,0.264,0.438,210,0.0,0.089,29,120,0,0,0,145802
2026-09-13 16:33:05,"Sun, 13 Sep 2026 16:33:02 GMT",1491,103,5.8,14.5,night,133.0,7559,22782,6.99,91,30,13,13,0.54,0.19,0.22,0.148,0.384,220,0.0,0.092,77,476,0,0,0,191918
2026-09-13 16:33:54,"Sun, 13 Sep 2026 16:33:47 GMT",1488,98,1.5,12.0,night,127.0,2025,8894,7.58,20,16,4,15,0.33,0.18,0.24,0.288,0.178,255,0.8,0.229,33,114,0,0,0,184201
2026-09-13 16:39:28,"Sun, 13 Sep 2026 16:39:01 GMT",1483,108,5.8,12.0,night,97.8,3601,20579,5.24,44,36,11,7,0.57,0.18,0.21,0.155,0.351,126,0.0,0.104,44,243,0,0,0,160199
2026-09-13 16:41:20,"Sun, 13 Sep 2026 16:41:02 GMT",1489,109,2.9,18.3,night,95.6,2774,11672,6.0,19,17,5,9,0.42,0.13,0.18,0.384,0.829,255,1.0,0.117,45,143,0,0,0,164041
2026-09-13 16:42:02,"Sun, 13 Sep 2026 16:41:46 GMT",1482,109,1.8,12.2,night,177.4,1,771,3.88,0,0,1,1,0.0,0.0,0.0,0.0,0.0,0,0.0,0.0,0,0,0,0,0,161079
2026-09-13 16:42:14,"Sun, 13 Sep 2026 16:42:01 GMT",1490,85,4.5,19.5,night,159.8,1536,13108,5.06,20,15,5,7,0.57,0.27,0.32,0.243,0.459,185,0.0,0.144,17,75,0,0,0,157500
2026-09-13 16:43:07,"Sun, 13 Sep 2026 16:43:01 GMT",1700,2,7.0,9.2,night,123.0,4302,7439,7.12,142,135,18,14,0.56,0.48,0.48,0.552,0.535,255,0.39,0.06,7,296,0,0,0,184057
2026-09-13 16:43:53,"Sun, 13 Sep 2026 16:43:46 GMT",1483,109,9.3,14.7,night,94.3,5727,19898,5.15,173,112,15,17,0.68,0.5,0.52,0.562,0.517,255,0.64,0.06,21,349,0,0,0,151595
2026-09-13 16:44:09,"Sun, 13 Sep 2026 16:44:01 GMT",1483,110,6.6,14.9,night,95.0,4157,13475,5.25,132,99,15,13,0.68,0.53,0.54,0.564,0.499,255,0.76,0.116,10,250,0,0,0,155125
2026-09-13 16:44:59,"Sun, 13 Sep 2026 16:44:47 GMT",1484,120,5.2,18.8,night,87.6,4947,13765,6.08,146,99,17,19,0.45,0.47,0.51,0.544,0.493,255,0.71,0.105,23,309,0,0,1,143095
2026-09-13 16:45:53,"Sun, 13 Sep 2026 16:45:46 GMT",1489,110,4.0,17.6,night,96.8,3206,13391,6.19,125,10,15,14,0.6,0.75,0.82,0.371,0.235,240,0.0,0.077,17,166,0,0,1,168134
2026-09-13 16:47:07,"Sun, 13 Sep 2026 16:47:01 GMT",1703,2,10.9,16.3,night,167.1,9144,14089,5.53,224,213,10,39,0.57,0.36,0.36,0.411,0.327,255,0.45,0.06,12,627,0,0,0,164874
2026-09-13 16:51:01,"Sun, 13 Sep 2026 16:50:46 GMT",1709,2,0.0,24.7,night,118.6,0,0,6.28,0,0,1,1,0.0,0.0,0.0,0.0,0.0,0,0.0,0.0,0,0,0,0,0,191572
2026-09-13 16:55:11,"Sun, 13 Sep 2026 16:55:02 GMT",1714,2,6.1,17.8,night,144.7,3837,21306,5.19,143,14,19,17,0.44,0.6,0.69,0.109,0.2,255,0.28,0.06,31,238,0,0,0,202841
2026-09-13 16:55:47,"Sun, 13 Sep 2026 16:55:46 GMT",1482,110,10.8,12.9,night,185.9,5993,27991,4.02,216,100,17,37,0.34,0.52,0.53,0.951,0.63,255,0.06,0.06,7,412,0,0,0,174305
2026-09-13 16:55:59,"Sun, 13 Sep 2026 16:55:46 GMT",1482,111,7.5,12.9,night,185.9,2257,17410,4.02,54,50,5,16,0.68,0.36,0.38,0.976,0.856,237,0.0,0.117,7,149,0,0,0,174305
2026-09-13 16:56:15,"Sun, 13 Sep 2026 16:56:02 GMT",1482,112,4.6,13.6,night,180.9,662,13377,3.92,34,4,4,12,0.71,0.81,0.83,0.979,0.892,225,0.0,0.17,4,42,0,0,0,173035
2026-09-13 17:04:05,"Sun, 13 Sep 2026 17:04:01 GMT",1728,2,7.4,22.0,night,115.7,8248,18041,4.69,215,83,36,28,0.21,0.35,0.36,0.569,0.376,255,0.2,0.06,25,608,0,0,0,127038
2026-09-13 17:10:25,"Sun, 13 Sep 2026 17:10:02 GMT",1730,2,7.9,40.1,night,131.5,7013,20277,4.72,222,67,38,40,0.15,0.44,0.46,0.719,0.266,255,0.24,0.06,32,502,0,0,0,143227
2026-09-13 17:11:15,"Sun, 13 Sep 2026 17:11:01 GMT",1732,2,0.0,25.7,night,110.5,0,0,5.53,0,0,1,1,0.0,0.0,0.0,0.0,0.0,0,0.0,0.0,0,0,0,0,0,147559
2026-09-13 17:13:09,"Sun, 13 Sep 2026 17:13:01 GMT",1734,2,7.4,15.4,night,118.3,7088,16515,3.74,185,94,16,20,0.58,0.37,0.38,0.789,0.854,197,0.0,0.06,25,499,0,0,0,104156
2026-09-13 17:15:53,"Sun, 13 Sep 2026 17:15:46 GMT",1732,3,1.6,25.4,night,111.4,399,1595,5.09,16,6,8,7,0.29,0.59,0.73,0.884,0.606,246,0.0,0.06,5,27,0,0,0,137633
2026-09-13 17:16:06,"Sun, 13 Sep 2026 17:16:02 GMT",1732,4,1.0,25.1,night,110.8,399,1294,5.93,19,6,7,6,0.45,0.68,0.76,0.885,0.614,250,0.05,0.102,4,28,0,0,0,161260
2026-09-13 17:19:08,"Sun, 13 Sep 2026 17:19:01 GMT",1742,2,8.2,22.8,night,123.2,9280,20789,3.56,305,130,36,48,0.18,0.45,0.46,0.677,0.461,255,0.3,0.06,28,685,0,0,0,96779
2026-09-13 17:20:10,"Sun, 13 Sep 2026 17:20:01 GMT",1737,2,8.1,23.2,night,179.7,7473,18295,3.7,278,58,21,25,0.53,0.56,0.58,0.111,0.51,255,0.92,0.06,18,494,0,0,0,152145
2026-09-13 17:22:09,"Sun, 13 Sep 2026 17:22:01 GMT",1746,2,4.0,37.9,night,123.0,2691,8971,4.81,48,30,29,25,0.07,0.23,0.24,0.734,0.549,252,0.04,0.06,19,211,0,0,0,128974
2026-09-13 17:28:59,"Sun, 13 Sep 2026 17:28:46 GMT",1742,3,10.7,12.0,night,128.5,11933,28616,3.69,369,174,48,38,0.2,0.42,0.43,0.607,0.388,255,0.35,0.089,34,871,0,0,0,100144
2026-09-13 17:33:09,"Sun, 13 Sep 2026 17:33:01 GMT",1754,2,2.5,19.7,night,136.7,2047,5024,4.84,80,58,15,12,0.44,0.55,0.56,0.612,0.388,255,0.09,0.06,4,145,0,0,0,124774
2026-09-13 17:34:03,"Sun, 13 Sep 2026 17:34:01 GMT",1755,2,2.6,22.7,night,148.2,1716,7773,4.64,34,31,10,8,0.42,0.3,0.34,0.835,0.458,197,0.0,0.06,20,113,0,0,0,135101
2026-09-13 17:34:16,"Sun, 13 Sep 2026 17:34:01 GMT",1755,3,1.8,22.7,night,148.2,673,4773,4.64,8,5,5,2,0.8,0.26,0.3,0.542,0.303,201,0.0,0.116,10,31,0,0,0,135101
2026-09-13 17:36:14,"Sun, 13 Sep 2026 17:36:01 GMT",1758,2,1.6,11.1,night,147.3,569,2857,4.8,12,6,6,3,0.67,0.38,0.48,0.388,0.631,255,1.0,0.06,9,32,0,0,0,117249
2026-09-13 17:36:51,"Sun, 13 Sep 2026 17:36:46 GMT",1752,2,7.1,15.6,night,130.6,5781,17506,4.79,65,59,23,13,0.22,0.15,0.16,0.097,0.577,255,0.32,0.06,38,424,0,0,0,130644
2026-09-13 17:38:05,"Sun, 13 Sep 2026 17:38:01 GMT",1760,2,7.5,30.7,night,151.5,7592,19516,4.2,92,74,24,9,0.43,0.17,0.18,0.264,0.043,255,0.18,0.06,40,540,0,0,0,116440
